time,AccelerometerX,AccelerometerY,AccelerometerZ,GyroX,GyroY,GyroZ
0.0,0.3034,-0.5135,0.7911,-0.3302420377731323,-0.13848860561847687,0.19494934380054474
42.0,0.3191,-0.4041,0.9499,-0.3302420377731323,-0.13848860561847687,0.19494934380054474
93.0,0.3191,-0.4041,0.9499,-0.3302420377731323,-0.13848860561847687,0.19494934380054474
110.0,0.3191,-0.4041,0.9499,-0.3302420377731323,-0.13848860561847687,0.19494934380054474
113.0,0.3191,-0.4041,0.9499,-0.3302420377731323,-0.13848860561847687,0.19494934380054474
210.0,0.3191,-0.4041,0.9499,0.7542302012443542,-0.34728679060935974,-0.04048128426074982
223.0,0.3039,-0.4202,1.1585,0.7542302012443542,-0.34728679060935974,-0.04048128426074982
280.0,0.3039,-0.4202,1.1585,0.7542302012443542,-0.34728679060935974,-0.04048128426074982
300.0,0.3039,-0.4202,1.1585,0.7542302012443542,-0.34728679060935974,-0.04048128426074982
313.0,0.3039,-0.4202,1.1585,0.7542302012443542,-0.34728679060935974,-0.04048128426074982
408.0,0.3039,-0.4202,1.1585,-0.345156192779541,-1.3305559158325195,0.05326484516263008
422.0,0.4788,-0.4559,1.0534,-0.345156192779541,-1.3305559158325195,0.05326484516263008
476.0,0.4788,-0.4559,1.0534,-0.345156192779541,-1.3305559158325195,0.05326484516263008
495.0,0.4788,-0.4559,1.0534,-0.345156192779541,-1.3305559158325195,0.05326484516263008
603.0,0.4788,-0.4559,1.0534,-0.345156192779541,-1.3305559158325195,0.05326484516263008
608.0,0.4788,-0.4559,1.0534,-1.396604299545288,-0.7169448137283325,0.7499690651893616
613.0,0.5922,-0.7627,0.6293,-1.396604299545288,-0.7169448137283325,0.7499690651893616
671.0,0.5922,-0.7627,0.6293,-1.396604299545288,-0.7169448137283325,0.7499690651893616
689.0,0.5922,-0.7627,0.6293,-1.396604299545288,-0.7169448137283325,0.7499690651893616
797.0,0.5922,-0.7627,0.6293,-1.396604299545288,-0.7169448137283325,0.7499690651893616
800.0,0.5922,-0.7627,0.6293,1.3827553987503052,-2.3724162578582764,-0.18536166846752167
807.0,0.8849,-0.4324,0.7872,1.3827553987503052,-2.3724162578582764,-0.18536166846752167
866.0,0.8849,-0.4324,0.7872,1.3827553987503052,-2.3724162578582764,-0.18536166846752167
885.0,0.8849,-0.4324,0.7872,1.3827553987503052,-2.3724162578582764,-0.18536166846752167
995.0,0.8849,-0.4324,0.7872,-2.953003168106079,0.4016169309616089,0.5923051238059998
1004.0,0.2345,-0.7295,0.3015,-2.953003168106079,0.4016169309616089,0.5923051238059998
1062.0,0.2345,-0.7295,0.3015,-2.953003168106079,0.4016169309616089,0.5923051238059998
1081.0,0.2345,-0.7295,0.3015,-2.953003168106079,0.4016169309616089,0.5923051238059998
1168.0,0.2345,-0.7295,0.3015,-2.953003168106079,0.4016169309616089,0.5923051238059998
1187.0,0.2345,-0.7295,0.3015,-1.181414246559143,1.9910399913787842,2.465097188949585
1197.0,0.7319,-0.6870,0.1998,-1.181414246559143,1.9910399913787842,2.465097188949585
1258.0,0.7319,-0.6870,0.1998,-1.181414246559143,1.9910399913787842,2.465097188949585
1277.0,0.7319,-0.6870,0.1998,-1.181414246559143,1.9910399913787842,2.465097188949585
1386.0,0.7319,-0.6870,0.1998,0.625329315662384,-2.295714855194092,0.7957767844200134
1396.0,0.0088,-2.1831,0.6626,0.625329315662384,-2.295714855194092,0.7957767844200134
1425.0,0.0088,-2.1831,0.6626,0.625329315662384,-2.295714855194092,0.7957767844200134
1455.0,0.0088,-2.1831,0.6626,0.625329315662384,-2.295714855194092,0.7957767844200134
1477.0,0.0088,-2.1831,0.6626,0.625329315662384,-2.295714855194092,0.7957767844200134
1581.0,0.0088,-2.1831,0.6626,-2.098634958267212,1.5798354148864746,-2.9071953296661377
1590.0,0.7891,-0.8135,-0.1691,-2.098634958267212,1.5798354148864746,-2.9071953296661377
1619.0,0.7891,-0.8135,-0.1691,-2.098634958267212,1.5798354148864746,-2.9071953296661377
1651.0,0.7891,-0.8135,-0.1691,-2.098634958267212,1.5798354148864746,-2.9071953296661377
1671.0,0.7891,-0.8135,-0.1691,-2.098634958267212,1.5798354148864746,-2.9071953296661377
1776.0,0.7891,-0.8135,-0.1691,0.04048128426074982,-1.2463973760604858,-0.6445046663284302
1787.0,0.8018,-0.4241,-0.1393,0.04048128426074982,-1.2463973760604858,-0.6445046663284302
1847.0,0.8018,-0.4241,-0.1393,0.04048128426074982,-1.2463973760604858,-0.6445046663284302
1867.0,0.8018,-0.4241,-0.1393,0.04048128426074982,-1.2463973760604858,-0.6445046663284302
1973.0,0.8018,-0.4241,-0.1393,-0.9353306889533997,0.20986349880695343,0.501754879951477
1980.0,0.5111,-1.2259,-0.2350,-0.9353306889533997,0.20986349880695343,0.501754879951477
2050.0,0.5111,-1.2259,-0.2350,-0.9353306889533997,0.20986349880695343,0.501754879951477
2077.0,0.5111,-1.2259,-0.2350,-0.9353306889533997,0.20986349880695343,0.501754879951477
2165.0,0.5111,-1.2259,-0.2350,0.41440051794052124,1.1345412731170654,1.952689290046692
2176.0,0.9577,-0.8306,0.3357,0.41440051794052124,1.1345412731170654,1.952689290046692
2185.0,0.9577,-0.8306,0.3357,0.41440051794052124,1.1345412731170654,1.952689290046692
2236.0,0.9577,-0.8306,0.3357,0.41440051794052124,1.1345412731170654,1.952689290046692
2254.0,0.9577,-0.8306,0.3357,0.41440051794052124,1.1345412731170654,1.952689290046692
2363.0,0.9577,-0.8306,0.3357,-2.4043750762939453,3.425994873046875,-0.07989726960659027
2373.0,0.3303,0.0200,-0.2643,-2.4043750762939453,3.425994873046875,-0.07989726960659027
2384.0,0.3303,0.0200,-0.2643,-2.4043750762939453,3.425994873046875,-0.07989726960659027
2430.0,0.3303,0.0200,-0.2643,-2.4043750762939453,3.425994873046875,-0.07989726960659027
2451.0,0.3303,0.0200,-0.2643,-2.4043750762939453,3.425994873046875,-0.07989726960659027
2559.0,0.3303,0.0200,-0.2643,-4.101393222808838,2.681352376937866,-2.066676139831543
2569.0,0.9738,-2.5589,-0.2726,-4.101393222808838,2.681352376937866,-2.066676139831543
2577.0,0.9738,-2.5589,-0.2726,-4.101393222808838,2.681352376937866,-2.066676139831543
2629.0,0.9738,-2.5589,-0.2726,-4.101393222808838,2.681352376937866,-2.066676139831543
2646.0,0.9738,-2.5589,-0.2726,-4.101393222808838,2.681352376937866,-2.066676139831543
2753.0,0.9738,-2.5589,-0.2726,-0.35793977975845337,1.3934084177017212,2.2062299251556396
2764.0,0.0210,-0.1363,0.0792,-0.35793977975845337,1.3934084177017212,2.2062299251556396
2773.0,0.0210,-0.1363,0.0792,-0.35793977975845337,1.3934084177017212,2.2062299251556396
2821.0,0.0210,-0.1363,0.0792,-0.35793977975845337,1.3934084177017212,2.2062299251556396
2840.0,0.0210,-0.1363,0.0792,-0.35793977975845337,1.3934084177017212,2.2062299251556396
2950.0,0.0210,-0.1363,0.0792,-1.001379132270813,1.490350365638733,-0.20453700423240662
2958.0,0.4827,-1.2372,0.1373,-1.001379132270813,1.490350365638733,-0.20453700423240662
3019.0,0.4827,-1.2372,0.1373,-1.001379132270813,1.490350365638733,-0.20453700423240662
3037.0,0.4827,-1.2372,0.1373,-1.001379132270813,1.490350365638733,-0.20453700423240662
3145.0,0.4827,-1.2372,0.1373,-1.001379132270813,1.490350365638733,-0.20453700423240662
3147.0,0.4827,-1.2372,0.1373,0.2716507315635681,-1.5020686388015747,0.6104151606559753
3154.0,0.6332,-0.7207,-0.8453,0.2716507315635681,-1.5020686388015747,0.6104151606559753
3214.0,0.6332,-0.7207,-0.8453,0.2716507315635681,-1.5020686388015747,0.6104151606559753
3233.0,0.6332,-0.7207,-0.8453,0.2716507315635681,-1.5020686388015747,0.6104151606559753
3339.0,0.6332,-0.7207,-0.8453,0.6530269980430603,-6.354496002197266,-5.591743469238281
3350.0,1.7106,-2.1797,0.5541,0.6530269980430603,-6.354496002197266,-5.591743469238281
3399.0,1.7106,-2.1797,0.5541,0.6530269980430603,-6.354496002197266,-5.591743469238281
3410.0,1.7106,-2.1797,0.5541,0.6530269980430603,-6.354496002197266,-5.591743469238281
3435.0,1.7106,-2.1797,0.5541,0.6530269980430603,-6.354496002197266,-5.591743469238281
3538.0,1.7106,-2.1797,0.5541,0.11185617744922638,-2.3500449657440186,1.4637179374694824
3545.0,0.1642,-0.4715,0.3210,0.11185617744922638,-2.3500449657440186,1.4637179374694824
3603.0,0.1642,-0.4715,0.3210,0.11185617744922638,-2.3500449657440186,1.4637179374694824
3621.0,0.1642,-0.4715,0.3210,0.11185617744922638,-2.3500449657440186,1.4637179374694824
3731.0,0.1642,-0.4715,0.3210,0.5720644593238831,3.4238643646240234,-1.5478764772415161
3740.0,0.8282,-2.0888,0.7095,0.5720644593238831,3.4238643646240234,-1.5478764772415161
3800.0,0.8282,-2.0888,0.7095,0.5720644593238831,3.4238643646240234,-1.5478764772415161
3816.0,0.8282,-2.0888,0.7095,0.5720644593238831,3.4238643646240234,-1.5478764772415161
3905.0,0.8282,-2.0888,0.7095,0.5720644593238831,3.4238643646240234,-1.5478764772415161
3926.0,0.8282,-2.0888,0.7095,0.5997622013092041,-3.6582295894622803,1.8333760499954224
3935.0,0.4622,-0.9367,0.3503,0.5997622013092041,-3.6582295894622803,1.8333760499954224
3995.0,0.4622,-0.9367,0.3503,0.5997622013092041,-3.6582295894622803,1.8333760499954224
4017.0000000000005,0.4622,-0.9367,0.3503,0.5997622013092041,-3.6582295894622803,1.8333760499954224
4101.0,0.4622,-0.9367,0.3503,0.5997622013092041,-3.6582295894622803,1.8333760499954224
4119.0,0.4622,-0.9367,0.3503,-0.9640937447547913,-2.045370101928711,-1.8919674158096313
4130.0,0.0591,0.2834,-0.3415,-0.9640937447547913,-2.045370101928711,-1.8919674158096313
4189.0,0.0591,0.2834,-0.3415,-0.9640937447547913,-2.045370101928711,-1.8919674158096313
4208.0,0.0591,0.2834,-0.3415,-0.9640937447547913,-2.045370101928711,-1.8919674158096313
4297.0,0.0591,0.2834,-0.3415,-0.9640937447547913,-2.045370101928711,-1.8919674158096313
4316.0,0.0591,0.2834,-0.3415,1.1302800178527832,-4.086479187011719,0.02982831373810768
4325.0,0.1456,-0.8067,0.4593,1.1302800178527832,-4.086479187011719,0.02982831373810768
4385.0,0.1456,-0.8067,0.4593,1.1302800178527832,-4.086479187011719,0.02982831373810768
4405.0,0.1456,-0.8067,0.4593,1.1302800178527832,-4.086479187011719,0.02982831373810768
4497.0,0.1456,-0.8067,0.4593,1.1302800178527832,-4.086479187011719,0.02982831373810768
4515.0,0.1456,-0.8067,0.4593,1.1601083278656006,0.04048128426074982,0.6338516473770142
4522.0,0.1251,0.0332,0.1393,1.1601083278656006,0.04048128426074982,0.6338516473770142
4582.0,0.1251,0.0332,0.1393,1.1601083278656006,0.04048128426074982,0.6338516473770142
4600.0,0.1251,0.0332,0.1393,1.1601083278656006,0.04048128426074982,0.6338516473770142
4688.0,0.1251,0.0332,0.1393,1.1601083278656006,0.04048128426074982,0.6338516473770142
4708.0,0.1251,0.0332,0.1393,-1.8845102787017822,-4.248404026031494,2.9253053665161133
4717.0,-0.1818,-1.1834,0.3337,-1.8845102787017822,-4.248404026031494,2.9253053665161133
4778.0,-0.1818,-1.1834,0.3337,-1.8845102787017822,-4.248404026031494,2.9253053665161133
4796.0,-0.1818,-1.1834,0.3337,-1.8845102787017822,-4.248404026031494,2.9253053665161133
4889.0,-0.1818,-1.1834,0.3337,-1.8845102787017822,-4.248404026031494,2.9253053665161133
4904.0,-0.1818,-1.1834,0.3337,0.9225471615791321,10.03083610534668,0.28869548439979553
4911.0,0.5306,0.1847,0.2257,0.9225471615791321,10.03083610534668,0.28869548439979553
4970.0,0.5306,0.1847,0.2257,0.9225471615791321,10.03083610534668,0.28869548439979553
4991.0,0.5306,0.1847,0.2257,0.9225471615791321,10.03083610534668,0.28869548439979553
5099.0,0.5306,0.1847,0.2257,5.352051734924316,-3.2800493240356445,2.3766775131225586
5109.0,-0.3181,-0.5502,0.1041,5.352051734924316,-3.2800493240356445,2.3766775131225586
5168.0,-0.3181,-0.5502,0.1041,5.352051734924316,-3.2800493240356445,2.3766775131225586
5177.0,-0.3181,-0.5502,0.1041,5.352051734924316,-3.2800493240356445,2.3766775131225586
5187.0,-0.3181,-0.5502,0.1041,5.352051734924316,-3.2800493240356445,2.3766775131225586
5296.0,-0.3181,-0.5502,0.1041,0.7680791020393372,-4.5339035987854,0.12144385278224945
5304.0,0.1935,-0.4862,0.3963,0.7680791020393372,-4.5339035987854,0.12144385278224945
5362.0,0.1935,-0.4862,0.3963,0.7680791020393372,-4.5339035987854,0.12144385278224945
5371.0,0.1935,-0.4862,0.3963,0.7680791020393372,-4.5339035987854,0.12144385278224945
5381.0,0.1935,-0.4862,0.3963,0.7680791020393372,-4.5339035987854,0.12144385278224945
5490.0,0.1935,-0.4862,0.3963,-3.069120407104492,-3.488847494125366,3.511218786239624
5498.0,-0.4573,-1.0246,0.2023,-3.069120407104492,-3.488847494125366,3.511218786239624
5559.0,-0.4573,-1.0246,0.2023,-3.069120407104492,-3.488847494125366,3.511218786239624
5566.0,-0.4573,-1.0246,0.2023,-3.069120407104492,-3.488847494125366,3.511218786239624
5577.0,-0.4573,-1.0246,0.2023,-3.069120407104492,-3.488847494125366,3.511218786239624
5684.0,-0.4573,-1.0246,0.2023,1.744956374168396,5.303048133850098,-1.8152660131454468
5695.0,0.9904,0.3855,0.0093,1.744956374168396,5.303048133850098,-1.8152660131454468
5754.0,0.9904,0.3855,0.0093,1.744956374168396,5.303048133850098,-1.8152660131454468
5764.0,0.9904,0.3855,0.0093,1.744956374168396,5.303048133850098,-1.8152660131454468
5774.0,0.9904,0.3855,0.0093,1.744956374168396,5.303048133850098,-1.8152660131454468
5880.0,0.9904,0.3855,0.0093,3.431321382522583,-3.759432792663574,1.4008654356002808
5897.0,-0.2673,-0.1818,0.1534,3.431321382522583,-3.759432792663574,1.4008654356002808
5949.0,-0.2673,-0.1818,0.1534,3.431321382522583,-3.759432792663574,1.4008654356002808
5958.0,-0.2673,-0.1818,0.1534,3.431321382522583,-3.759432792663574,1.4008654356002808
5968.0,-0.2673,-0.1818,0.1534,3.431321382522583,-3.759432792663574,1.4008654356002808
6076.0,-0.2673,-0.1818,0.1534,1.8110047578811646,-2.4363341331481934,-0.05965662747621536
6087.0,0.0381,-0.1060,0.3928,1.8110047578811646,-2.4363341331481934,-0.05965662747621536
6162.0,0.0381,-0.1060,0.3928,1.8110047578811646,-2.4363341331481934,-0.05965662747621536
6163.0,0.0381,-0.1060,0.3928,1.8110047578811646,-2.4363341331481934,-0.05965662747621536
6164.0,0.0381,-0.1060,0.3928,1.8110047578811646,-2.4363341331481934,-0.05965662747621536
6275.0,0.0381,-0.1060,0.3928,-1.7939600944519043,-3.9714269638061523,3.6198790073394775
6280.0,-0.2526,-1.0955,0.0625,-1.7939600944519043,-3.9714269638061523,3.6198790073394775
6341.0,-0.2526,-1.0955,0.0625,-1.7939600944519043,-3.9714269638061523,3.6198790073394775
6349.0,-0.2526,-1.0955,0.0625,-1.7939600944519043,-3.9714269638061523,3.6198790073394775
6359.0,-0.2526,-1.0955,0.0625,-1.7939600944519043,-3.9714269638061523,3.6198790073394775
6467.0,-0.2526,-1.0955,0.0625,1.3902125358581543,3.669947862625122,-3.5410470962524414
6476.0,0.5487,0.2917,0.2790,1.3902125358581543,3.669947862625122,-3.5410470962524414
6535.0,0.5487,0.2917,0.2790,1.3902125358581543,3.669947862625122,-3.5410470962524414
6545.0,0.5487,0.2917,0.2790,1.3902125358581543,3.669947862625122,-3.5410470962524414
6555.0,0.5487,0.2917,0.2790,1.3902125358581543,3.669947862625122,-3.5410470962524414
6663.0,0.5487,0.2917,0.2790,-0.20027582347393036,-2.5673656463623047,0.6317210793495178
6675.0,-0.2121,-0.4622,0.3269,-0.20027582347393036,-2.5673656463623047,0.6317210793495178
6731.0,-0.2121,-0.4622,0.3269,-0.20027582347393036,-2.5673656463623047,0.6317210793495178
6739.0,-0.2121,-0.4622,0.3269,-0.20027582347393036,-2.5673656463623047,0.6317210793495178
6750.0,-0.2121,-0.4622,0.3269,-0.20027582347393036,-2.5673656463623047,0.6317210793495178
6857.0,-0.2121,-0.4622,0.3269,1.4083225727081299,-0.5635420680046082,-0.25034478306770325
6866.0,-0.0816,-0.1041,-0.0645,1.4083225727081299,-0.5635420680046082,-0.25034478306770325
6928.0,-0.0816,-0.1041,-0.0645,1.4083225727081299,-0.5635420680046082,-0.25034478306770325
6946.0,-0.0816,-0.1041,-0.0645,1.4083225727081299,-0.5635420680046082,-0.25034478306770325
6956.0,-0.0816,-0.1041,-0.0645,1.4083225727081299,-0.5635420680046082,-0.25034478306770325
7051.0,-0.0816,-0.1041,-0.0645,-1.7087363004684448,-1.848290205001831,2.995615005493164
7064.0,-0.2565,-1.3271,-0.2106,-1.7087363004684448,-1.848290205001831,2.995615005493164
7122.0,-0.2565,-1.3271,-0.2106,-1.7087363004684448,-1.848290205001831,2.995615005493164
7140.0,-0.2565,-1.3271,-0.2106,-1.7087363004684448,-1.848290205001831,2.995615005493164
7149.0,-0.2565,-1.3271,-0.2106,-1.7087363004684448,-1.848290205001831,2.995615005493164
7249.0,-0.2565,-1.3271,-0.2106,0.12144385278224945,2.5631043910980225,-4.769334316253662
7258.0,0.5634,0.4964,0.0645,0.12144385278224945,2.5631043910980225,-4.769334316253662
7316.0,0.5634,0.4964,0.0645,0.12144385278224945,2.5631043910980225,-4.769334316253662
7336.0,0.5634,0.4964,0.0645,0.12144385278224945,2.5631043910980225,-4.769334316253662
7347.0,0.5634,0.4964,0.0645,0.12144385278224945,2.5631043910980225,-4.769334316253662
7455.0,0.5634,0.4964,0.0645,1.697018027305603,-1.5745089054107666,0.5912398099899292
7456.0,-0.2091,-0.1134,0.1617,1.697018027305603,-1.5745089054107666,0.5912398099899292
7511.0,-0.2091,-0.1134,0.1617,1.697018027305603,-1.5745089054107666,0.5912398099899292
7530.0,-0.2091,-0.1134,0.1617,1.697018027305603,-1.5745089054107666,0.5912398099899292
7540.0,-0.2091,-0.1134,0.1617,1.697018027305603,-1.5745089054107666,0.5912398099899292
7641.0,-0.2091,-0.1134,0.1617,0.8927188515663147,-2.5780186653137207,-1.4317591190338135
7655.0,-0.1187,-0.8365,0.6626,0.8927188515663147,-2.5780186653137207,-1.4317591190338135
7707.0,-0.1187,-0.8365,0.6626,0.8927188515663147,-2.5780186653137207,-1.4317591190338135
7726.0,-0.1187,-0.8365,0.6626,0.8927188515663147,-2.5780186653137207,-1.4317591190338135
7735.0,-0.1187,-0.8365,0.6626,0.8927188515663147,-2.5780186653137207,-1.4317591190338135
7834.0,-0.1187,-0.8365,0.6626,-1.043990969657898,-2.2445807456970215,2.214752435684204
7843.0,-0.5477,-1.5000,-0.2770,-1.043990969657898,-2.2445807456970215,2.214752435684204
7905.0,-0.5477,-1.5000,-0.2770,-1.043990969657898,-2.2445807456970215,2.214752435684204
7923.0,-0.5477,-1.5000,-0.2770,-1.043990969657898,-2.2445807456970215,2.214752435684204
8029.0,-0.5477,-1.5000,-0.2770,-1.043990969657898,-2.2445807456970215,2.214752435684204
8029.999999999999,-0.5477,-1.5000,-0.2770,-0.8224092125892639,2.5311455726623535,-5.525695323944092
8039.0,-0.1080,-0.3445,0.7564,-0.8224092125892639,2.5311455726623535,-5.525695323944092
8098.000000000001,-0.1080,-0.3445,0.7564,-0.8224092125892639,2.5311455726623535,-5.525695323944092
8117.000000000001,-0.1080,-0.3445,0.7564,-0.8224092125892639,2.5311455726623535,-5.525695323944092
8225.0,-0.1080,-0.3445,0.7564,-0.8224092125892639,2.5311455726623535,-5.525695323944092
8226.0,-0.1080,-0.3445,0.7564,-1.7886335849761963,-1.3401435613632202,0.2609977424144745
8234.0,-0.3025,-0.4525,0.3611,-1.7886335849761963,-1.3401435613632202,0.2609977424144745
8293.0,-0.3025,-0.4525,0.3611,-1.7886335849761963,-1.3401435613632202,0.2609977424144745
8313.0,-0.3025,-0.4525,0.3611,-1.7886335849761963,-1.3401435613632202,0.2609977424144745
8420.0,-0.3025,-0.4525,0.3611,-1.7886335849761963,-1.3401435613632202,0.2609977424144745
8422.0,-0.3025,-0.4525,0.3611,-0.9097635746002197,-4.487030506134033,-2.199838161468506
8433.0,-0.3181,-1.7546,0.3577,-0.9097635746002197,-4.487030506134033,-2.199838161468506
8489.0,-0.3181,-1.7546,0.3577,-0.9097635746002197,-4.487030506134033,-2.199838161468506
8507.0,-0.3181,-1.7546,0.3577,-0.9097635746002197,-4.487030506134033,-2.199838161468506
8616.0,-0.3181,-1.7546,0.3577,-0.9097635746002197,-4.487030506134033,-2.199838161468506
8619.0,-0.3181,-1.7546,0.3577,-3.119189500808716,-2.3095638751983643,3.5602223873138428
8624.0,-0.4510,-0.8761,0.1876,-3.119189500808716,-2.3095638751983643,3.5602223873138428
8684.0,-0.4510,-0.8761,0.1876,-3.119189500808716,-2.3095638751983643,3.5602223873138428
8703.0,-0.4510,-0.8761,0.1876,-3.119189500808716,-2.3095638751983643,3.5602223873138428
8811.0,-0.4510,-0.8761,0.1876,-3.119189500808716,-2.3095638751983643,3.5602223873138428
8814.0,-0.4510,-0.8761,0.1876,2.400114059448242,4.859884738922119,-3.9501209259033203
8820.0,0.4730,0.3425,0.0752,2.400114059448242,4.859884738922119,-3.9501209259033203
8880.0,0.4730,0.3425,0.0752,2.400114059448242,4.859884738922119,-3.9501209259033203
8901.0,0.4730,0.3425,0.0752,2.400114059448242,4.859884738922119,-3.9501209259033203
9005.0,0.4730,0.3425,0.0752,3.231045722961426,-0.10333380103111267,0.33556854724884033
9015.0,-0.0997,-0.6494,0.2384,3.231045722961426,-0.10333380103111267,0.33556854724884033
9043.0,-0.0997,-0.6494,0.2384,3.231045722961426,-0.10333380103111267,0.33556854724884033
9073.0,-0.0997,-0.6494,0.2384,3.231045722961426,-0.10333380103111267,0.33556854724884033
9093.0,-0.0997,-0.6494,0.2384,3.231045722961426,-0.10333380103111267,0.33556854724884033
9201.0,-0.0997,-0.6494,0.2384,2.289323091506958,0.3483521044254303,1.0727540254592896
9210.0,0.1168,0.0894,0.1925,2.289323091506958,0.3483521044254303,1.0727540254592896
9240.0,0.1168,0.0894,0.1925,2.289323091506958,0.3483521044254303,1.0727540254592896
9271.0,0.1168,0.0894,0.1925,2.289323091506958,0.3483521044254303,1.0727540254592896
9289.0,0.1168,0.0894,0.1925,2.289323091506958,0.3483521044254303,1.0727540254592896
9398.0,0.1168,0.0894,0.1925,-0.3195890784263611,1.4008654356002808,0.41759639978408813
9406.0,-0.7661,-1.0197,0.3924,-0.3195890784263611,1.4008654356002808,0.41759639978408813
9435.0,-0.7661,-1.0197,0.3924,-0.3195890784263611,1.4008654356002808,0.41759639978408813
9466.0,-0.7661,-1.0197,0.3924,-0.3195890784263611,1.4008654356002808,0.41759639978408813
9485.0,-0.7661,-1.0197,0.3924,-0.3195890784263611,1.4008654356002808,0.41759639978408813
9592.0,-0.7661,-1.0197,0.3924,1.1846102476119995,6.974499225616455,0.18110047280788422
9602.0,-0.1783,-0.2555,0.4099,1.1846102476119995,6.974499225616455,0.18110047280788422
9631.0,-0.1783,-0.2555,0.4099,1.1846102476119995,6.974499225616455,0.18110047280788422
9661.0,-0.1783,-0.2555,0.4099,1.1846102476119995,6.974499225616455,0.18110047280788422
9680.0,-0.1783,-0.2555,0.4099,1.1846102476119995,6.974499225616455,0.18110047280788422
9787.0,-0.1783,-0.2555,0.4099,-0.8149521350860596,3.830807685852051,1.2687686681747437
9798.0,-1.0598,-4.3814,0.0098,-0.8149521350860596,3.830807685852051,1.2687686681747437
9827.0,-1.0598,-4.3814,0.0098,-0.8149521350860596,3.830807685852051,1.2687686681747437
9856.0,-1.0598,-4.3814,0.0098,-0.8149521350860596,3.830807685852051,1.2687686681747437
9876.0,-1.0598,-4.3814,0.0098,-0.8149521350860596,3.830807685852051,1.2687686681747437
9983.0,-1.0598,-4.3814,0.0098,-0.3366338312625885,2.7974698543548584,1.5809006690979004
9993.0,-0.7144,-1.1736,0.1847,-0.3366338312625885,2.7974698543548584,1.5809006690979004
10021.00,-0.7144,-1.1736,0.1847,-0.3366338312625885,2.7974698543548584,1.5809006690979004
10079.00,-0.7144,-1.1736,0.1847,-0.3366338312625885,2.7974698543548584,1.5809006690979004
10082.00,-0.7144,-1.1736,0.1847,-0.3366338312625885,2.7974698543548584,1.5809006690979004
10179.00,-0.7144,-1.1736,0.1847,0.17896988987922668,0.9108288884162903,0.9971179366111755
10188.00,-0.0381,-0.1920,0.1891,0.17896988987922668,0.9108288884162903,0.9971179366111755
10249.00,-0.0381,-0.1920,0.1891,0.17896988987922668,0.9108288884162903,0.9971179366111755
10266.00,-0.0381,-0.1920,0.1891,0.17896988987922668,0.9108288884162903,0.9971179366111755
10372.00,-0.0381,-0.1920,0.1891,1.1654348373413086,6.126522541046143,1.7620011568069458
10382.00,-0.0381,-0.1920,0.1891,1.1654348373413086,6.126522541046143,1.7620011568069458
10383.00,-0.3435,-0.5458,-0.3430,1.1654348373413086,6.126522541046143,1.7620011568069458
10443.00,-0.3435,-0.5458,-0.3430,1.1654348373413086,6.126522541046143,1.7620011568069458
10461.00,-0.3435,-0.5458,-0.3430,1.1654348373413086,6.126522541046143,1.7620011568069458
10569.00,-0.3435,-0.5458,-0.3430,-0.3952251672744751,1.8930326700210571,0.667941153049469
10578.00,-0.3435,-0.5458,-0.3430,-0.3952251672744751,1.8930326700210571,0.667941153049469
10579.00,-0.2062,-0.7500,-0.1104,-0.3952251672744751,1.8930326700210571,0.667941153049469
10637.00,-0.2062,-0.7500,-0.1104,-0.3952251672744751,1.8930326700210571,0.667941153049469
10656.00,-0.2062,-0.7500,-0.1104,-0.3952251672744751,1.8930326700210571,0.667941153049469
10763.00,-0.2062,-0.7500,-0.1104,-2.3606979846954346,2.0325865745544434,-5.439405918121338
10773.00,-0.2062,-0.7500,-0.1104,-2.3606979846954346,2.0325865745544434,-5.439405918121338
10774.00,0.0518,-1.3539,0.6787,-2.3606979846954346,2.0325865745544434,-5.439405918121338
10834.00,0.0518,-1.3539,0.6787,-2.3606979846954346,2.0325865745544434,-5.439405918121338
10855.00,0.0518,-1.3539,0.6787,-2.3606979846954346,2.0325865745544434,-5.439405918121338
10961.00,0.0518,-1.3539,0.6787,-1.7758499383926392,-0.6498311161994934,0.7275978326797485
10970.00,0.0518,-1.3539,0.6787,-1.7758499383926392,-0.6498311161994934,0.7275978326797485
10973.00,-0.2238,-0.3161,0.2316,-1.7758499383926392,-0.6498311161994934,0.7275978326797485
11030.00,-0.2238,-0.3161,0.2316,-1.7758499383926392,-0.6498311161994934,0.7275978326797485
11049.00,-0.2238,-0.3161,0.2316,-1.7758499383926392,-0.6498311161994934,0.7275978326797485
11156.00,-0.2238,-0.3161,0.2316,-0.345156192779541,-2.88482403755188,-0.03622009605169296
11166.00,-0.2238,-0.3161,0.2316,-0.345156192779541,-2.88482403755188,-0.03622009605169296
11169.00,-0.1940,-0.1319,0.3127,-0.345156192779541,-2.88482403755188,-0.03622009605169296
11226.00,-0.1940,-0.1319,0.3127,-0.345156192779541,-2.88482403755188,-0.03622009605169296
11244.00,-0.1940,-0.1319,0.3127,-0.345156192779541,-2.88482403755188,-0.03622009605169296
11352.00,-0.1940,-0.1319,0.3127,-0.6626147031784058,-1.9079468250274658,2.1966423988342285
11364.00,-0.1940,-0.1319,0.3127,-0.6626147031784058,-1.9079468250274658,2.1966423988342285
11366.00,-0.4984,-1.7399,-0.2766,-0.6626147031784058,-1.9079468250274658,2.1966423988342285
11421.00,-0.4984,-1.7399,-0.2766,-0.6626147031784058,-1.9079468250274658,2.1966423988342285
11440.00,-0.4984,-1.7399,-0.2766,-0.6626147031784058,-1.9079468250274658,2.1966423988342285
11547.00,-0.4984,-1.7399,-0.2766,-3.4132113456726074,0.1725780963897705,-4.582907199859619
11556.00,-0.4984,-1.7399,-0.2766,-3.4132113456726074,0.1725780963897705,-4.582907199859619
11559.00,-0.1314,-0.1818,0.0381,-3.4132113456726074,0.1725780963897705,-4.582907199859619
11620.00,-0.1314,-0.1818,0.0381,-3.4132113456726074,0.1725780963897705,-4.582907199859619
11635.00,-0.1314,-0.1818,0.0381,-3.4132113456726074,0.1725780963897705,-4.582907199859619
11743.00,-0.1314,-0.1818,0.0381,-1.556398868560791,-1.4008654356002808,-0.07670138031244278
11752.00,-0.1314,-0.1818,0.0381,-1.556398868560791,-1.4008654356002808,-0.07670138031244278
11754.00,-0.2878,-0.4573,0.2096,-1.556398868560791,-1.4008654356002808,-0.07670138031244278
11815.00,-0.2878,-0.4573,0.2096,-1.556398868560791,-1.4008654356002808,-0.07670138031244278
11831.00,-0.2878,-0.4573,0.2096,-1.556398868560791,-1.4008654356002808,-0.07670138031244278
11937.00,-0.2878,-0.4573,0.2096,-0.10226850211620331,-1.548941731452942,-0.6008274555206299
11949.00,-0.1969,-0.3425,0.2941,-0.10226850211620331,-1.548941731452942,-0.6008274555206299
12005.00,-0.1969,-0.3425,0.2941,-0.10226850211620331,-1.548941731452942,-0.6008274555206299
12025.00,-0.1969,-0.3425,0.2941,-0.10226850211620331,-1.548941731452942,-0.6008274555206299
12033.00,-0.1969,-0.3425,0.2941,-0.10226850211620331,-1.548941731452942,-0.6008274555206299
12132.00,-0.1969,-0.3425,0.2941,-0.6349169611930847,-4.800228118896484,2.8230369091033936
12144.00,-0.9938,-1.4673,0.0645,-0.6349169611930847,-4.800228118896484,2.8230369091033936
12202.00,-0.9938,-1.4673,0.0645,-0.6349169611930847,-4.800228118896484,2.8230369091033936
12222.00,-0.9938,-1.4673,0.0645,-0.6349169611930847,-4.800228118896484,2.8230369091033936
12231.00,-0.9938,-1.4673,0.0645,-0.6349169611930847,-4.800228118896484,2.8230369091033936
12329.00,-0.9938,-1.4673,0.0645,-2.208360433578491,2.6206305027008057,-4.5179243087768555
12338.00,-0.3215,-0.4886,0.4798,-2.208360433578491,2.6206305027008057,-4.5179243087768555
12398.00,-0.3215,-0.4886,0.4798,-2.208360433578491,2.6206305027008057,-4.5179243087768555
12420.00,-0.3215,-0.4886,0.4798,-2.208360433578491,2.6206305027008057,-4.5179243087768555
12427.00,-0.3215,-0.4886,0.4798,-2.208360433578491,2.6206305027008057,-4.5179243087768555
12524.00,-0.3215,-0.4886,0.4798,-0.7275978326797485,-1.1718266010284424,0.5283873081207275
12534.00,-0.5160,-0.1935,0.1539,-0.7275978326797485,-1.1718266010284424,0.5283873081207275
12593.00,-0.5160,-0.1935,0.1539,-0.7275978326797485,-1.1718266010284424,0.5283873081207275
12612.00,-0.5160,-0.1935,0.1539,-0.7275978326797485,-1.1718266010284424,0.5283873081207275
12623.00,-0.5160,-0.1935,0.1539,-0.7275978326797485,-1.1718266010284424,0.5283873081207275
12719.00,-0.5160,-0.1935,0.1539,-1.7630664110183716,0.41653111577033997,-3.2321109771728516
12729.00,-0.9108,-2.5198,0.6850,-1.7630664110183716,0.41653111577033997,-3.2321109771728516
12789.00,-0.9108,-2.5198,0.6850,-1.7630664110183716,0.41653111577033997,-3.2321109771728516
12807.00,-0.9108,-2.5198,0.6850,-1.7630664110183716,0.41653111577033997,-3.2321109771728516
12816.00,-0.9108,-2.5198,0.6850,-1.7630664110183716,0.41653111577033997,-3.2321109771728516
12915.00,-0.9108,-2.5198,0.6850,-1.2261568307876587,-5.493736267089844,2.4842724800109863
12924.00,-0.9254,-1.2064,0.0029,-1.2261568307876587,-5.493736267089844,2.4842724800109863
12984.00,-0.9254,-1.2064,0.0029,-1.2261568307876587,-5.493736267089844,2.4842724800109863
13005.00,-0.9254,-1.2064,0.0029,-1.2261568307876587,-5.493736267089844,2.4842724800109863
13111.00,-0.9254,-1.2064,0.0029,-2.0315213203430176,1.09938645362854,-5.518238067626953
13119.00,-0.5394,-0.4095,0.8590,-2.0315213203430176,1.09938645362854,-5.518238067626953
13180.00,-0.5394,-0.4095,0.8590,-2.0315213203430176,1.09938645362854,-5.518238067626953
13198.00,-0.5394,-0.4095,0.8590,-2.0315213203430176,1.09938645362854,-5.518238067626953
13306.00,-0.5394,-0.4095,0.8590,-2.437399387359619,-0.08948494493961334,1.2570503950119019
13318.00,-0.3831,-0.1715,-0.0127,-2.437399387359619,-0.08948494493961334,1.2570503950119019
13365.00,-0.3831,-0.1715,-0.0127,-2.437399387359619,-0.08948494493961334,1.2570503950119019
13376.00,-0.3831,-0.1715,-0.0127,-2.437399387359619,-0.08948494493961334,1.2570503950119019
13394.00,-0.3831,-0.1715,-0.0127,-2.437399387359619,-0.08948494493961334,1.2570503950119019
13500.00,-0.3831,-0.1715,-0.0127,-0.5102772116661072,6.979825496673584,-1.0844722986221313
13511.00,-1.4170,-3.2928,-0.0508,-0.5102772116661072,6.979825496673584,-1.0844722986221313
13560.00,-1.4170,-3.2928,-0.0508,-0.5102772116661072,6.979825496673584,-1.0844722986221313
13570.00,-1.4170,-3.2928,-0.0508,-0.5102772116661072,6.979825496673584,-1.0844722986221313
13593.00,-1.4170,-3.2928,-0.0508,-0.5102772116661072,6.979825496673584,-1.0844722986221313
13697.00,-1.4170,-3.2928,-0.0508,2.3969180583953857,-3.3077468872070313,2.3873305320739746
13706.00,-0.4324,-0.8248,-0.6396,2.3969180583953857,-3.3077468872070313,2.3873305320739746
13766.00,-0.4324,-0.8248,-0.6396,2.3969180583953857,-3.3077468872070313,2.3873305320739746
13784.00,-0.4324,-0.8248,-0.6396,2.3969180583953857,-3.3077468872070313,2.3873305320739746
13874.00,-0.4324,-0.8248,-0.6396,2.3969180583953857,-3.3077468872070313,2.3873305320739746
13896.00,-0.4324,-0.8248,-0.6396,-5.870851516723633,-1.0418604612350464,-6.763570308685303
13901.00,-0.8868,-1.2396,-0.1070,-5.870851516723633,-1.0418604612350464,-6.763570308685303
13962.00,-0.8868,-1.2396,-0.1070,-5.870851516723633,-1.0418604612350464,-6.763570308685303
13981.00,-0.8868,-1.2396,-0.1070,-5.870851516723633,-1.0418604612350464,-6.763570308685303
14067.00,-0.8868,-1.2396,-0.1070,-5.870851516723633,-1.0418604612350464,-6.763570308685303
14087.00,-0.8868,-1.2396,-0.1070,-2.6046509742736816,-0.09268083423376083,1.0216197967529297
14182.00,-0.5047,-0.0655,0.0943,-2.6046509742736816,-0.09268083423376083,1.0216197967529297
14183.00,-0.5047,-0.0655,0.0943,-2.6046509742736816,-0.09268083423376083,1.0216197967529297
14183.00,-0.5047,-0.0655,0.0943,-2.6046509742736816,-0.09268083423376083,1.0216197967529297
14263.00,-0.5047,-0.0655,0.0943,-2.6046509742736816,-0.09268083423376083,1.0216197967529297
14283.00,-0.5047,-0.0655,0.0943,-2.314890146255493,8.70028018951416,-1.03866446018219
14291.00,-1.9452,-2.8574,-0.8619,-2.314890146255493,8.70028018951416,-1.03866446018219
14351.00,-1.9452,-2.8574,-0.8619,-2.314890146255493,8.70028018951416,-1.03866446018219
14370.00,-1.9452,-2.8574,-0.8619,-2.314890146255493,8.70028018951416,-1.03866446018219
14477.00,-1.9452,-2.8574,-0.8619,1.9729299545288086,-1.7886335849761963,1.5233746767044067
14488.00,-0.4368,-0.7984,-0.3968,1.9729299545288086,-1.7886335849761963,1.5233746767044067
14549.00,-0.4368,-0.7984,-0.3968,1.9729299545288086,-1.7886335849761963,1.5233746767044067
14570.00,-0.4368,-0.7984,-0.3968,1.9729299545288086,-1.7886335849761963,1.5233746767044067
14576.00,-0.4368,-0.7984,-0.3968,1.9729299545288086,-1.7886335849761963,1.5233746767044067
14674.00,-0.4368,-0.7984,-0.3968,-5.133666038513184,-2.635544538497925,-7.441099166870117
14683.00,-0.9132,-1.3261,0.3240,-5.133666038513184,-2.635544538497925,-7.441099166870117
14743.00,-0.9132,-1.3261,0.3240,-5.133666038513184,-2.635544538497925,-7.441099166870117
14761.00,-0.9132,-1.3261,0.3240,-5.133666038513184,-2.635544538497925,-7.441099166870117
14869.00,-0.9132,-1.3261,0.3240,-2.4832072257995605,1.585161805152893,0.970485508441925
14878.00,-0.5409,-0.0752,-0.0151,-2.4832072257995605,1.585161805152893,0.970485508441925
14891.00,-0.5409,-0.0752,-0.0151,-2.4832072257995605,1.585161805152893,0.970485508441925
14939.00,-0.5409,-0.0752,-0.0151,-2.4832072257995605,1.585161805152893,0.970485508441925
14959.00,-0.5409,-0.0752,-0.0151,-2.4832072257995605,1.585161805152893,0.970485508441925
15064.00,-0.5409,-0.0752,-0.0151,-1.7257810831069946,7.991857528686523,-1.8418984413146973
15074.00,-1.6417,-3.3915,-1.6588,-1.7257810831069946,7.991857528686523,-1.8418984413146973
15084.00,-1.6417,-3.3915,-1.6588,-1.7257810831069946,7.991857528686523,-1.8418984413146973
15134.00,-1.6417,-3.3915,-1.6588,-1.7257810831069946,7.991857528686523,-1.8418984413146973
15152.00,-1.6417,-3.3915,-1.6588,-1.7257810831069946,7.991857528686523,-1.8418984413146973
15261.00,-1.6417,-3.3915,-1.6588,-0.5741950273513794,-3.6614255905151367,2.5950634479522705
15270.00,-0.5189,-1.1653,-0.1339,-0.5741950273513794,-3.6614255905151367,2.5950634479522705
15279.00,-0.5189,-1.1653,-0.1339,-0.5741950273513794,-3.6614255905151367,2.5950634479522705
15328.00,-0.5189,-1.1653,-0.1339,-0.5741950273513794,-3.6614255905151367,2.5950634479522705
15347.00,-0.5189,-1.1653,-0.1339,-0.5741950273513794,-3.6614255905151367,2.5950634479522705
15455.00,-0.5189,-1.1653,-0.1339,-6.534531593322754,-2.5961287021636963,-6.784876346588135
15464.00,-0.9455,-1.4825,0.0410,-6.534531593322754,-2.5961287021636963,-6.784876346588135
15475.00,-0.9455,-1.4825,0.0410,-6.534531593322754,-2.5961287021636963,-6.784876346588135
15526.00,-0.9455,-1.4825,0.0410,-6.534531593322754,-2.5961287021636963,-6.784876346588135
15545.00,-0.9455,-1.4825,0.0410,-6.534531593322754,-2.5961287021636963,-6.784876346588135
15650.00,-0.9455,-1.4825,0.0410,-0.8959147334098816,-0.20879819989204407,0.8106909394264221
15660.00,-0.3616,-0.1309,0.1295,-0.8959147334098816,-0.20879819989204407,0.8106909394264221
15670.00,-0.3616,-0.1309,0.1295,-0.8959147334098816,-0.20879819989204407,0.8106909394264221
15720.00,-0.3616,-0.1309,0.1295,-0.8959147334098816,-0.20879819989204407,0.8106909394264221
15738.00,-0.3616,-0.1309,0.1295,-0.8959147334098816,-0.20879819989204407,0.8106909394264221
15847.00,-0.3616,-0.1309,0.1295,-1.0642316341400146,7.016045570373535,-1.291139841079712
15856.00,-1.6354,-3.0441,-0.3933,-1.0642316341400146,7.016045570373535,-1.291139841079712
15866.00,-1.6354,-3.0441,-0.3933,-1.0642316341400146,7.016045570373535,-1.291139841079712
15916.00,-1.6354,-3.0441,-0.3933,-1.0642316341400146,7.016045570373535,-1.291139841079712
15934.00,-1.6354,-3.0441,-0.3933,-1.0642316341400146,7.016045570373535,-1.291139841079712
16041.00,-1.6354,-3.0441,-0.3933,1.1068434715270996,-4.8843865394592285,2.1327245235443115
16050.9999999999980,-0.3753,-1.0681,-1.2142,1.1068434715270996,-4.8843865394592285,2.1327245235443115
16062.0000000000020,-0.3753,-1.0681,-1.2142,1.1068434715270996,-4.8843865394592285,2.1327245235443115
16111.9999999999980,-0.3753,-1.0681,-1.2142,1.1068434715270996,-4.8843865394592285,2.1327245235443115
16129.9999999999980,-0.3753,-1.0681,-1.2142,1.1068434715270996,-4.8843865394592285,2.1327245235443115
16236.00,-0.3753,-1.0681,-1.2142,-6.9713029861450195,-1.0908640623092651,-6.798725128173828
16248.9999999999980,-1.3403,-2.0922,-0.3777,-6.9713029861450195,-1.0908640623092651,-6.798725128173828
16306.0000000000020,-1.3403,-2.0922,-0.3777,-6.9713029861450195,-1.0908640623092651,-6.798725128173828
16326.00,-1.3403,-2.0922,-0.3777,-6.9713029861450195,-1.0908640623092651,-6.798725128173828
16414.00,-1.3403,-2.0922,-0.3777,-6.9713029861450195,-1.0908640623092651,-6.798725128173828
16433.00,-1.3403,-2.0922,-0.3777,-1.511656403541565,0.034089501947164536,1.1856755018234253
16441.00,-0.5253,-0.0679,0.0977,-1.511656403541565,0.034089501947164536,1.1856755018234253
16500.00,-0.5253,-0.0679,0.0977,-1.511656403541565,0.034089501947164536,1.1856755018234253
16519.00,-0.5253,-0.0679,0.0977,-1.511656403541565,0.034089501947164536,1.1856755018234253
16627.00,-0.5253,-0.0679,0.0977,-0.8703476190567017,5.654596328735352,-1.6607979536056519
16636.00,-2.5237,-3.6480,-0.1603,-0.8703476190567017,5.654596328735352,-1.6607979536056519
16667.00,-2.5237,-3.6480,-0.1603,-0.8703476190567017,5.654596328735352,-1.6607979536056519
16696.00,-2.5237,-3.6480,-0.1603,-0.8703476190567017,5.654596328735352,-1.6607979536056519
16716.00,-2.5237,-3.6480,-0.1603,-0.8703476190567017,5.654596328735352,-1.6607979536056519
16823.00,-2.5237,-3.6480,-0.1603,0.6753982305526733,-4.358129978179932,2.0858514308929443
16833.00,-0.6508,-1.3447,-0.7715,0.6753982305526733,-4.358129978179932,2.0858514308929443
16864.00,-0.6508,-1.3447,-0.7715,0.6753982305526733,-4.358129978179932,2.0858514308929443
16894.00,-0.6508,-1.3447,-0.7715,0.6753982305526733,-4.358129978179932,2.0858514308929443
16912.00,-0.6508,-1.3447,-0.7715,0.6753982305526733,-4.358129978179932,2.0858514308929443
17018.00,-0.6508,-1.3447,-0.7715,-4.374109268188477,-0.8863270282745361,-6.227725982666016
17029.00,-0.5751,-0.6650,0.4920,-4.374109268188477,-0.8863270282745361,-6.227725982666016
17058.00,-0.5751,-0.6650,0.4920,-4.374109268188477,-0.8863270282745361,-6.227725982666016
17087.00,-0.5751,-0.6650,0.4920,-4.374109268188477,-0.8863270282745361,-6.227725982666016
17106.00,-0.5751,-0.6650,0.4920,-4.374109268188477,-0.8863270282745361,-6.227725982666016
17216.00,-0.5751,-0.6650,0.4920,-0.544366717338562,-0.5283873081207275,0.29082605242729187
17224.00,-0.8355,-0.4051,0.0396,-0.544366717338562,-0.5283873081207275,0.29082605242729187
17254.00,-0.8355,-0.4051,0.0396,-0.544366717338562,-0.5283873081207275,0.29082605242729187
17285.00,-0.8355,-0.4051,0.0396,-0.544366717338562,-0.5283873081207275,0.29082605242729187
17301.00,-0.8355,-0.4051,0.0396,-0.544366717338562,-0.5283873081207275,0.29082605242729187
17409.00,-0.8355,-0.4051,0.0396,0.3813762962818146,1.2996622323989868,-3.7519757747650146
17419.00,-0.2927,-1.1864,0.7378,0.3813762962818146,1.2996622323989868,-3.7519757747650146
17449.00,-0.2927,-1.1864,0.7378,0.3813762962818146,1.2996622323989868,-3.7519757747650146
17480.00,-0.2927,-1.1864,0.7378,0.3813762962818146,1.2996622323989868,-3.7519757747650146
17498.00,-0.2927,-1.1864,0.7378,0.3813762962818146,1.2996622323989868,-3.7519757747650146
17604.00,-0.2927,-1.1864,0.7378,-1.7119321823120117,-4.402872085571289,2.7335519790649414
17616.00,-0.6484,-0.9430,0.3313,-1.7119321823120117,-4.402872085571289,2.7335519790649414
17674.00,-0.6484,-0.9430,0.3313,-1.7119321823120117,-4.402872085571289,2.7335519790649414
17693.00,-0.6484,-0.9430,0.3313,-1.7119321823120117,-4.402872085571289,2.7335519790649414
17801.00,-0.6484,-0.9430,0.3313,-0.9885955452919006,0.19707992672920227,-0.872478187084198
17816.00,0.1871,-0.2282,0.0733,-0.9885955452919006,0.19707992672920227,-0.872478187084198
17868.00,0.1871,-0.2282,0.0733,-0.9885955452919006,0.19707992672920227,-0.872478187084198
17887.00,0.1871,-0.2282,0.0733,-0.9885955452919006,0.19707992672920227,-0.872478187084198
17995.00,0.1871,-0.2282,0.0733,4.253730773925781,-2.6206305027008057,-1.4211061000823975
18005.00,-1.0427,-0.1695,-1.1390,4.253730773925781,-2.6206305027008057,-1.4211061000823975
18066.00,-1.0427,-0.1695,-1.1390,4.253730773925781,-2.6206305027008057,-1.4211061000823975
18067.00,-1.0427,-0.1695,-1.1390,4.253730773925781,-2.6206305027008057,-1.4211061000823975
18084.00,-1.0427,-0.1695,-1.1390,4.253730773925781,-2.6206305027008057,-1.4211061000823975
18194.00,-1.0427,-0.1695,-1.1390,2.550320863723755,0.6615493893623352,0.9044371247291565
18287.00,-0.5248,-0.8741,0.4363,2.550320863723755,0.6615493893623352,0.9044371247291565
18287.00,-0.5248,-0.8741,0.4363,2.550320863723755,0.6615493893623352,0.9044371247291565
18288.00,-0.5248,-0.8741,0.4363,2.550320863723755,0.6615493893623352,0.9044371247291565
18288.00,-0.5248,-0.8741,0.4363,2.550320863723755,0.6615493893623352,0.9044371247291565
18386.00,-0.5248,-0.8741,0.4363,-0.06391781568527222,0.3600703775882721,0.054330144077539444
18396.00,-0.8223,-0.6249,-0.0239,-0.06391781568527222,0.3600703775882721,0.054330144077539444
18455.00,-0.8223,-0.6249,-0.0239,-0.06391781568527222,0.3600703775882721,0.054330144077539444
18456.00,-0.8223,-0.6249,-0.0239,-0.06391781568527222,0.3600703775882721,0.054330144077539444
18475.00,-0.8223,-0.6249,-0.0239,-0.06391781568527222,0.3600703775882721,0.054330144077539444
18582.00,-0.8223,-0.6249,-0.0239,-2.640871047973633,-2.1476385593414307,1.6884956359863281
18594.00,-0.8590,-0.8834,0.0176,-2.640871047973633,-2.1476385593414307,1.6884956359863281
18650.00,-0.8590,-0.8834,0.0176,-2.640871047973633,-2.1476385593414307,1.6884956359863281
18654.00,-0.8590,-0.8834,0.0176,-2.640871047973633,-2.1476385593414307,1.6884956359863281
18668.00,-0.8590,-0.8834,0.0176,-2.640871047973633,-2.1476385593414307,1.6884956359863281
18777.00,-0.8590,-0.8834,0.0176,0.6849859356880188,0.42931467294692993,-1.3848860263824463
18786.00,-1.0867,-0.7383,0.0792,0.6849859356880188,0.42931467294692993,-1.3848860263824463
18846.00,-1.0867,-0.7383,0.0792,0.6849859356880188,0.42931467294692993,-1.3848860263824463
18849.00,-1.0867,-0.7383,0.0792,0.6849859356880188,0.42931467294692993,-1.3848860263824463
18866.00,-1.0867,-0.7383,0.0792,0.6849859356880188,0.42931467294692993,-1.3848860263824463
18971.00,-1.0867,-0.7383,0.0792,-0.35261330008506775,-0.45168590545654297,-0.04154657945036888
18981.00,-1.0061,-0.5013,0.1309,-0.35261330008506775,-0.45168590545654297,-0.04154657945036888
19044.00,-1.0061,-0.5013,0.1309,-0.35261330008506775,-0.45168590545654297,-0.04154657945036888
19045.00,-1.0061,-0.5013,0.1309,-0.35261330008506775,-0.45168590545654297,-0.04154657945036888
19064.00,-1.0061,-0.5013,0.1309,-0.35261330008506775,-0.45168590545654297,-0.04154657945036888
19167.00,-1.0061,-0.5013,0.1309,0.7638179063796997,-0.8373233675956726,-0.7915156483650208
19176.00,-1.1336,-0.5771,0.2018,0.7638179063796997,-0.8373233675956726,-0.7915156483650208
19236.00,-1.1336,-0.5771,0.2018,0.7638179063796997,-0.8373233675956726,-0.7915156483650208
19237.00,-1.1336,-0.5771,0.2018,0.7638179063796997,-0.8373233675956726,-0.7915156483650208
19256.00,-1.1336,-0.5771,0.2018,0.7638179063796997,-0.8373233675956726,-0.7915156483650208
19362.00,-1.1336,-0.5771,0.2018,0.25886714458465576,1.1590430736541748,-3.1372995376586914
19371.00,-0.4989,-0.6464,0.2590,0.25886714458465576,1.1590430736541748,-3.1372995376586914
19431.00,-0.4989,-0.6464,0.2590,0.25886714458465576,1.1590430736541748,-3.1372995376586914
19433.00,-0.4989,-0.6464,0.2590,0.25886714458465576,1.1590430736541748,-3.1372995376586914
19451.00,-0.4989,-0.6464,0.2590,0.25886714458465576,1.1590430736541748,-3.1372995376586914
19559.00,-0.4989,-0.6464,0.2590,0.69563889503479,2.9561989307403564,-1.9516240358352661
19569.00,-0.0958,-1.0764,0.1226,0.69563889503479,2.9561989307403564,-1.9516240358352661
19628.00,-0.0958,-1.0764,0.1226,0.69563889503479,2.9561989307403564,-1.9516240358352661
19647.00,-0.0958,-1.0764,0.1226,0.69563889503479,2.9561989307403564,-1.9516240358352661
19657.00,-0.0958,-1.0764,0.1226,0.69563889503479,2.9561989307403564,-1.9516240358352661
19755.00,-0.0958,-1.0764,0.1226,0.7382507920265198,1.3230987787246704,-1.6554714441299438
19765.00,0.0796,-0.9362,0.3528,0.7382507920265198,1.3230987787246704,-1.6554714441299438
19824.00,0.0796,-0.9362,0.3528,0.7382507920265198,1.3230987787246704,-1.6554714441299438
19843.00,0.0796,-0.9362,0.3528,0.7382507920265198,1.3230987787246704,-1.6554714441299438
19950.00,0.0796,-0.9362,0.3528,1.059970498085022,2.019803047180176,-0.28017309308052063
19959.00,0.3025,-0.9616,0.8917,1.059970498085022,2.019803047180176,-0.28017309308052063
20020.00,0.3025,-0.9616,0.8917,1.059970498085022,2.019803047180176,-0.28017309308052063
20036.00,0.3025,-0.9616,0.8917,1.059970498085022,2.019803047180176,-0.28017309308052063
20037.00,0.3025,-0.9616,0.8917,1.059970498085022,2.019803047180176,-0.28017309308052063
20144.00,0.3025,-0.9616,0.8917,2.677091121673584,-0.40800872445106506,-1.3049887418746948
20154.00,-0.1979,-0.1559,0.8228,2.677091121673584,-0.40800872445106506,-1.3049887418746948
20214.00,-0.1979,-0.1559,0.8228,2.677091121673584,-0.40800872445106506,-1.3049887418746948
20232.00,-0.1979,-0.1559,0.8228,2.677091121673584,-0.40800872445106506,-1.3049887418746948
20234.00,-0.1979,-0.1559,0.8228,2.677091121673584,-0.40800872445106506,-1.3049887418746948
20341.00,-0.1979,-0.1559,0.8228,2.273343563079834,-1.4679791927337646,-1.8695961236953735
20350.00,0.6362,-0.0699,0.9919,2.273343563079834,-1.4679791927337646,-1.8695961236953735
20411.00,0.6362,-0.0699,0.9919,2.273343563079834,-1.4679791927337646,-1.8695961236953735
20430.00,0.6362,-0.0699,0.9919,2.273343563079834,-1.4679791927337646,-1.8695961236953735
20431.00,0.6362,-0.0699,0.9919,2.273343563079834,-1.4679791927337646,-1.8695961236953735
20536.00,0.6362,-0.0699,0.9919,0.34409090876579285,0.12250914424657822,0.5880439281463623
20545.00,0.2453,-0.1744,0.8873,0.34409090876579285,0.12250914424657822,0.5880439281463623
20612.00,0.2453,-0.1744,0.8873,0.34409090876579285,0.12250914424657822,0.5880439281463623
20623.00,0.2453,-0.1744,0.8873,0.34409090876579285,0.12250914424657822,0.5880439281463623
20624.00,0.2453,-0.1744,0.8873,0.34409090876579285,0.12250914424657822,0.5880439281463623
