time (ms),  accel x,  accel y,  accel z,  magneto x,  magneto y,  magneto z,  gryo x,  gyro y,  gyro z,  linear accel x,  linear accel y,  linear accel z,  orientation x,  orientation y,  orientation z
1477622602484, 0.0, 0.0, 0.0, 0.0, 0.0, 0.0, 0.0, 0.0, 0.0, 0.0, 0.0, 0.0, 0.0, 0.0, 0.0
1477622602585, -1.340753, 2.6318262, 9.077017, 38.568, 22.303, -66.824, -1.7654005, -0.36071593, 0.37048978, 0.29795218, 0.06980991, -0.2461319, 325.57007, -15.14442, -9.9689
1477622602686, -0.79248077, 2.4708161, 8.637681, 36.343, 21.887, -68.191, -0.26297748, -0.57604593, 0.011911872, 0.4196275, -0.20797753, -0.7178116, 325.1431, -15.8524475, -7.382184
1477622602793, -1.887828, 2.6497827, 7.689577, 32.603, 15.763, -73.892, 0.122478485, 0.28496864, 0.60139686, -0.3138429, -0.38006997, -1.5035152, 331.05835, -17.996506, -9.715629
1477622602895, 2.8496985, 0.91099375, 9.063849, 7.46, 28.28, -83.406, -1.7825048, -3.4440582, 0.79717916, 2.95519, -1.7163923, -0.3836956, 346.40692, -15.540463, -0.63973904
1477622602998, 4.203021, 0.3357868, 8.024766, -18.289, 63.522, -82.572, 2.2974641, -2.6896396, -0.99296147, 1.4300203, -2.1385896, -1.0503826, 350.79483, -14.614614, 16.991049
1477622603133, 8.316259, 2.3636756, 2.8125885, -45.396, 132.769, -0.498, 0.9502009, -0.66523224, 0.66767573, 3.3871775, -0.9857416, -4.975604, 5.443091, -19.971062, 32.32938
1477622603235, 7.347805, 2.4510639, 7.007828, -43.778, 135.848, 25.094, 0.3268129, 0.052839845, 0.9370673, 2.0003977, -0.7197428, -0.5764718, 17.924608, -18.864569, 35.186237
1477622603344, 7.941567, 1.1893197, 6.42903, -49.273, 145.819, 30.696, 0.95417154, 0.19547687, 1.4373659, 2.1970682, -1.606803, -1.0109181, 20.584326, -16.56633, 37.672283
1477622603447, 8.637083, 3.0723593, 5.843049, -57.513, 144.355, 46.139, 1.3548992, -2.8325822, -0.35613444, 2.1534786, -0.13608003, -0.77806664, 25.552532, -19.09708, 44.3988
1477622603556, 12.064383, 2.971803, 0.6392518, -71.467, 138.392, 63.792, -1.0980303, -7.0710707, 0.97066486, 3.2227173, -0.30136633, -2.0592113, 31.419653, -19.497782, 73.02789
1477622603661, 7.776367, -2.3014264, -2.6318262, -70.748, 142.517, 68.904, -0.6914995, 2.0363193, 2.0980167, -1.7856703, -1.7188616, -4.729081, 30.44129, 3.4056659, 77.62913
1477622603764, 9.647436, -8.907627, 6.2781954, -81.495, 144.63, 59.463, -4.8704286, 3.587917, 5.5552087, 3.1430688, -2.3052216, 3.0732255, 36.910275, 42.31902, 63.768635
1477622603866, 17.512388, -13.702016, 5.4899044, -66.998, 166.459, 46.357, -3.8069122, 0.50701815, 4.6373835, 16.50492, -4.1798496, 3.372416, 35.93758, 76.16556, 6.039576
1477622603975, 12.645575, -6.2303114, 3.8043866, -61.077, 182.601, 57.182, -1.0858129, -3.0488284, 0.37965274, 4.3743925, -1.3454757, 1.8304708, 20.893436, 29.875343, 76.57744
1477622604078, 0.2124854, -4.924873, -3.5823243, -53.565, 202.769, 64.689, -1.6826283, 0.9877691, -2.4828618, -7.8041096, 0.65954876, -4.430159, 17.832466, 34.712055, 83.96284
1477622604183, -1.0079589, -4.4717703, -1.9931729, -59.236, 195.263, 62.739, 0.15454891, 0.6976081, -0.21013765, -7.353821, 2.675815, 0.20055819, 337.71466, 133.20987, 70.93
1477622604296, 10.011953, -9.3026705, -3.196858, -61.248, 194.52, 67.089, -0.44501534, 0.3323107, 1.1942415, 4.7809925, -1.5069804, -0.36230326, 323.41333, 127.35049, 33.861877
1477622604398, 9.089587, -7.8206596, -12.961011, -68.493, 181.146, 68.891, -0.32345316, 0.23609942, 0.37782016, 2.4203315, -1.36514, -9.79594, 327.48376, 138.83119, 64.61209
1477622604514, 4.162918, -7.150882, -1.7124528, -85.348, 160.456, 83.717, 1.8918496, -1.8075503, 4.191757, -0.33165073, 1.1624298, 0.90634215, 7.455942, 122.03526, 28.397749
1477622604616, 5.439028, -9.160814, -2.4199393, -51.51, 177.613, 81.314, 0.16401732, 3.2345314, 1.9135354, 0.7586632, -0.79577446, -0.34854388, 6.761732, 121.460884, 29.227661
1477622604721, 3.3638535, -9.145252, 1.1755531, -46.778, 176.309, 80.706, -0.6374379, 0.20922135, -1.3735305, -1.1701293, -0.5610857, 2.5631714, 11.378743, 118.914604, 27.8421
1477622604827, -1.1833342, -8.723872, -3.822343, -48.858, 187.754, 68.009, 0.5155703, -2.1206186, 1.239751, -2.404132, 0.8478193, -2.0722637, 42.442955, 102.56735, 7.2684093
1477622604929, 2.9400797, -10.837354, -2.1021092, -49.891, 187.745, 63.633, 0.45356745, 0.54305923, -0.46211955, 1.1525407, -1.2508574, -1.0656887, 37.82054, 102.16343, 10.562323
1477622605032, 1.3682863, -6.2793927, -0.9636662, -51.948, 186.158, 58.029, 0.17867808, -0.022602014, -0.48502702, -0.7572118, 3.2478185, -0.0229792, 36.051113, 103.71063, 12.5766
1477622605136, 1.4335283, -5.4940944, 2.147599, -48.908, 190.644, 51.188, 0.58001655, 1.174083, 4.03843, 0.5877656, 4.27562, 2.0596342, 36.560596, 85.025665, 4.947757
1477622605239, -7.6309195, -19.608511, -4.3101616, -30.282, 196.644, 52.308, 1.0830641, 5.5451293, 0.7452556, -8.772242, -9.990301, -5.845681, 22.010845, 78.74975, 6.7672234
1477622605341, -5.9082913, -11.096526, 5.971139, -16.824, 194.883, 57.728, -1.3548992, -0.59773165, -1.6862935, -4.793256, -1.3547192, 5.815228, 23.107405, 83.40751, -6.5295873
1477622605447, 0.480636, -10.680533, 1.7615339, -16.436, 193.679, 57.528, -0.21013765, -0.6102544, 0.07544186, 0.91111195, -0.8966408, 1.2510978, 16.263271, 86.0959, -2.5192966
1477622605548, -1.1198878, -10.129269, 1.8710686, -16.436, 194.071, 59.187, 0.03145956, 0.18142697, 0.019547688, -0.20076323, -0.43419075, 0.71734047, 15.697769, 81.34896, -5.4156384
1477622605652, -0.45370123, -11.534067, 5.055357, -16.436, 193.67, 58.163, 1.2092078, -1.462106, -0.1554652, 0.16882828, -2.12889, 2.3487926, 9.741984, 73.54877, -3.786884
1477622605753, -0.7320272, -9.815628, 4.2036195, -18.058, 189.099, 55.381, 2.3930645, 2.0112739, 0.13927728, -0.0656091, -0.50500584, 1.1971924, 10.555067, 71.69887, -4.094024
1477622605855, -1.376666, -8.257003, 3.9618053, -12.405, 179.124, 51.298, 2.0790799, 2.130698, 0.027488936, -0.9255936, 0.7321644, 0.06799054, 8.0025015, 66.439705, -2.8726635
1477622605957, -3.5727475, -5.373187, 5.026028, -5.496, 170.027, 50.837, 1.6780468, 1.5381587, -0.13836098, -1.0539865, 2.690977, 0.046520233, 2.8510923, 55.3173, -17.34567
1477622606064, -4.347272, -4.9841294, 6.8444242, -3.9, 162.106, 50.769, 0.5345071, -0.035430185, -0.014966198, -0.6228504, 1.5317407, 0.53233194, 356.53937, 41.63891, -30.542538
1477622606167, -3.333926, -3.9731777, -0.47105917, -5.056, 163.357, 50.497, -1.0552697, -0.048563786, -0.3707952, 0.89498687, 1.4109023, -7.4923387, 354.56192, 33.300034, -31.060535
1477622606269, -2.7940333, -11.852495, 0.3573346, -12.094, 176.371, 50.186, -3.667635, -3.057686, 0.0143553335, 0.8782389, -2.8397856, -0.8492615, 8.278313, 66.786224, -22.168673
1477622606371, 8.166023, -19.608511, 5.9292407, -18.402, 189.141, 53.982, -4.611727, -2.0097466, 2.0570886, 9.812665, -9.944463, 6.184405, 18.43047, 99.78289, -9.669671
1477622606473, -6.0142345, -2.0638018, 2.8987796, -17.16, 195.024, 73.5, -1.6374242, 0.17806722, -0.86834496, -6.277923, 6.844101, -1.1939137, 7.0781093, 65.27877, 1.6955485
1477622606576, 2.0817583, -0.018555064, -0.6476316, -18.342, 196.656, 68.817, 1.8817704, -0.16218472, -0.9236283, 3.2596412, 6.2945333, -8.058967, 4.3460865, 40.072456, -9.030486
1477622606679, -17.873913, -19.608511, 10.150817, -20.487, 191.07, 57.971, 6.52007, -0.559858, 0.008246681, -17.909674, -12.498558, 3.3967314, 6.84432, 46.469967, 0.3033597
1477622606780, 9.622296, -17.012598, 0.7846996, -20.521, 169.744, 40.66, 6.9473705, 4.524068, -1.1954633, 9.393702, -14.629585, -8.725264, 8.319303, 14.063652, 1.376978
1477622606893, 4.1653123, 3.7415388, -17.031752, -5.743, 158.934, 43.757, -1.5867225, -0.10567969, 0.677755, 6.9003572, 6.6545696, -8.076073, 120.16803, 162.71971, -16.982563
1477622606995, 2.9658175, -7.867945, -15.025412, -21.131, 175.001, 39.724, 0.03481932, -1.6975945, 0.958753, 2.1669323, 1.6473622, -12.791334, 93.08383, 104.001045, 4.799173
1477622607097, 1.3389573, -17.829021, 1.1061212, -26.646, 187.145, 47.654, -3.8551705, -3.0494392, 3.6844337, 5.0863285, -8.998482, 3.1430736, 43.34499, 115.78082, -22.99466
1477622607200, -2.2822728, -9.446921, 4.350863, -18.988, 195.478, 70.518, -3.580892, 0.66889745, -0.17012598, -3.7218616, -0.18309593, 1.4734473, 7.8704033, 70.84726, 8.8330555
1477622607304, 5.4779334, -3.2932243, 2.3319526, -18.553, 198.24, 72.889, 0.8396343, -0.28496864, -0.14996742, 5.193288, 3.7165155, -4.520268, 6.339969, 45.62636, 2.3787332
1477622607416, 3.0921116, -19.608511, 9.181165, -23.587, 192.372, 52.758, 6.1529403, 1.428203, -1.6108516, 1.2671221, -15.050278, 0.69221306, 10.054379, 27.697958, 12.133008
1477622607517, 12.286445, -14.941614, 2.0799627, -29.866, 170.793, 40.705, 5.880494, 3.0427198, -2.7162123, 9.552002, -15.963284, -7.2821636, 14.02054, -5.9799986, 16.281763
1477622607618, -0.9983821, 6.0357823, -19.608511, -12.779, 159.03, 38.368, -2.4651468, 0.061086524, -0.048258353, -3.6013255, 15.143112, -22.148512, 5.459975, 68.2314, 15.950331
1477622607720, 4.6136265, -19.608511, 19.608511, -28.498, 181.375, 38.487, -3.5729508, -4.5191813, 1.1893547, 8.149975, -17.06224, 28.393791, 84.59446, 164.95087, -21.926323
1477622607843, -1.7555484, -12.060192, -5.3743844, -32.159, 187.779, 43.968, -2.958726, -0.43004912, 3.0778446, 1.9040395, -3.9264908, -1.2975302, 72.54929, 123.96216, -24.224354
1477622607944, 0.08499416, -16.096218, 16.970102, -21.313, 199.902, 67.764, -4.397008, -1.842675, -0.76083267, 4.8568497, -12.325956, 24.663273, 89.898155, 157.3898, -31.810156
1477622608045, 3.401562, -0.47225627, 2.5270798, -20.875, 203.315, 66.543, 0.643852, -4.099517, -0.91446525, 2.5194688, 6.663297, -4.141968, 7.085521, 46.687572, 7.5345907
1477622608146, 8.3821, -19.608511, 2.356493, -25.343, 199.494, 54.246, 6.2873306, 3.2049046, -1.717753, 5.2972155, -15.681971, -6.083659, 11.603202, 23.602915, 20.077412
1477622608249, 0.587178, -19.608511, 1.6286557, -36.122, 180.43, 42.451, 6.162714, 0.10140363, -3.7635407, -3.0342805, -21.508026, -7.284665, 15.446709, -11.168593, 22.11178
1477622608351, -7.9391727, 5.20679, -19.608511, -17.468, 161.651, 36.842, 0.07971791, 2.9599476, -0.4166101, -8.988776, 13.525765, -24.694115, 11.208932, 58.027176, 7.1909957
1477622608452, 0.5021838, -17.55668, 19.608511, -29.603, 184.364, 35.372, -5.122716, -3.3777795, 1.4489723, 5.133047, -16.718626, 28.212185, 356.9926, 175.09766, -28.291021
1477622608554, -12.100295, -15.564705, 0.5931635, -35.536, 190.055, 42.666, -1.6780468, -6.260758, 2.874121, -10.613799, -9.887717, 8.450172, 144.09961, 144.62737, -10.713366
1477622608655, 8.772954, -19.608511, 11.888409, -16.357, 201.243, 59.608, -3.9403863, 2.7482827, -1.5222762, 13.897921, -14.995569, 18.861635, 80.90731, 151.94044, -36.313995
1477622608757, 7.0491285, 0.37588966, 7.03596, -16.949, 205.448, 71.298, -0.5360342, -0.21594086, 0.8054258, 7.31187, 8.6328745, 1.7516847, 5.5987797, 57.349594, -1.8225628
1477622608858, 2.1697452, -3.2303767, 6.129755, -21.54, 205.651, 58.97, 3.0228667, -0.007330383, -1.7681495, -1.4794536, 0.9936843, -1.9331875, 11.021146, 25.514172, 24.350985
1477622608960, -9.635465, -19.608511, 13.833098, -31.28, 193.096, 47.245, 4.692667, -1.572978, -3.4596353, -13.842173, -18.037817, 5.1149035, 15.005741, 9.216547, 25.758265
1477622609063, -0.2896984, 9.821015, -14.90211, -22.595, 171.228, 34.106, 3.046385, 8.304713, -1.3799446, -2.5126672, 19.35487, -15.480394, 9.181179, 76.454094, 13.124914
1477622609166, -6.3470287, 0.9804256, -1.6663644, -28.062, 180.786, 34.004, -6.4828076, -5.935472, -0.5222898, -2.8804126, 0.020655274, 7.4567814, 333.96463, -174.3835, -20.805803
1477622609267, 0.06823475, -12.230181, -6.8121023, -23.498, 199.958, 44.174, -2.6771169, -3.2650747, 0.8035932, -0.99307686, -3.8216915, -1.8784118, 195.86154, 120.97107, 7.1937823
1477622609369, 16.555904, -19.608511, 7.4058642, -20.379, 210.612, 53.576, -6.225939, -0.84635377, 5.7516017, 20.135853, -13.090365, 13.798679, 100.308876, 138.34329, -29.248629
1477622609471, -8.996812, 4.712986, 1.7753005, -18.069, 214.111, 74.502, -1.4511104, 2.997821, 0.05681047, -7.031642, 13.446024, -2.2300153, 7.2938585, 62.938915, -12.681853
1477622609575, 1.620276, 1.6807296, 6.8222775, -20.086, 213.954, 63.732, 1.2205088, -2.1618521, -1.4230106, -1.2568758, 6.6211996, -1.1454163, 9.7151375, 30.250916, 19.854763
1477622609678, -15.449185, -19.608511, 12.720393, -23.954, 206.094, 49.253, 5.116913, 2.5531113, -4.3285913, -19.278816, -15.977571, 4.4547663, 13.448312, 21.731215, 24.859232
1477622609781, 8.598776, -6.751649, -10.772711, -26.374, 186.354, 37.762, 4.2342124, 5.5072556, -3.907705, 6.0683403, 2.3706474, -13.332202, 10.514016, 68.468414, 15.503487
1477622609884, -2.9388826, 9.64145, -17.664421, -16.02, 178.633, 39.178, -3.3918293, -3.2027664, -0.5204572, -6.4424806, 18.151342, -14.276656, 287.52533, 119.799774, 22.377403
1477622609992, 7.0742674, -4.1012673, -19.608511, -20.353, 199.78, 43.919, 0.89980453, 3.9110646, 1.4178182, 10.053173, -4.8809214, -10.297835, 342.2586, -175.44002, -17.741821
1477622610094, 0.516549, -19.608511, -1.5352819, -23.829, 210.26, 50.297, -4.5390344, -0.83108217, 5.101641, 4.435211, -12.079538, 3.3768518, 80.60584, 129.84848, -38.58117
1477622610198, -13.5457945, 0.641646, 6.8085113, -16.39, 218.626, 71.884, -2.4092526, 0.41691554, -0.63591075, -13.008727, 9.777956, 3.285758, 8.009317, 68.6926, -3.364191
1477622610300, 0.021547815, 0.4818331, 0.9708488, -16.685, 219.338, 65.563, 1.1856894, -2.316401, -0.5448918, -2.4623222, 6.264762, -6.5496902, 7.517109, 36.13534, 18.277262
1477622610405, 9.444528, -19.608511, 0.8888474, -18.17, 214.486, 54.884, 6.597039, 3.8820486, -3.7137554, 5.9706125, -16.10269, -7.5853205, 11.098019, 20.94639, 22.290771
1477622610511, 8.965687, -12.528857, -3.9761705, -21.107, 190.769, 40.007, 4.762611, 3.5756998, -3.940081, 6.8931723, -3.4430437, -7.0295434, 10.209369, 67.89489, 12.849575
1477622610621, 1.2114661, 6.7642183, -15.494077, -11.921, 184.971, 40.876, -4.333173, -1.8478674, -0.09010262, 2.4606118, 6.2639356, -5.7801857, 350.62112, -177.0758, -7.3276677
1477622610723, 10.4967785, -19.608511, -19.608511, -14.483, 204.185, 48.991, 5.148067, 6.083607, 3.5821137, 14.630651, -20.190529, -10.734799, 350.4722, -176.59753, -24.978748
1477622610824, -6.630143, -16.944365, -7.955932, -28.935, 204.013, 43.896, -4.3698244, -1.475545, 3.015231, -4.037839, -9.935204, -1.6059666, 115.7214, 134.37848, -22.207209
1477622610927, -1.4574703, -11.906365, 16.548124, -14.408, 212.664, 66.241, -3.4987307, -4.290107, -0.3640757, 2.541627, -10.938654, 25.449873, 0.82520807, 174.3369, -24.191925
1477622611031, 3.774459, 1.1719618, 3.5535939, -14.784, 214.764, 65.747, 0.68875057, -4.071111, -0.9016371, -0.5979819, 7.189084, -2.8375247, 9.692094, 37.8485, 34.37772
1477622611133, 14.945804, -18.257584, 6.479308, -18.635, 211.769, 55.256, 4.154189, 0.60139686, -0.85154617, 9.854443, -13.575586, -0.4724784, 10.662169, 28.517738, 36.21836
1477622611235, 5.109226, -19.608511, 1.074398, -31.275, 196.215, 46.708, 5.183497, -1.3191634, -3.7000108, -1.0042953, -20.323732, -6.559979, 14.29495, -4.182426, 38.68735
1477622611352, -6.583456, 9.527725, -19.608511, -13.778, 182.221, 37.933, -0.6133087, 2.2834144, -1.3445144, -10.552269, 18.063553, -22.357801, 0.93433744, 60.506557, 24.93651
1477622611454, 16.062698, -19.608511, 19.214666, -20.173, 203.727, 49.018, -2.9342911, -3.8655553, 2.769663, 22.290436, -20.099417, 26.774082, 344.56696, -177.13066, -39.483013
1477622611556, -7.2927384, -14.86081, -10.961852, -27.645, 203.858, 44.667, -2.1844542, -2.9874365, 1.0986412, 0.22692585, -16.144062, -4.7991967, 321.94376, -172.48097, -50.66406
1477622611658, 4.184466, -16.908451, 19.608511, -15.73, 213.938, 64.099, -4.6890016, -3.6117408, 0.5345071, 10.969637, -23.524557, 22.13021, 286.47058, -137.57262, -69.61249
1477622611759, 8.250419, 0.78050977, 7.8954787, -15.361, 217.042, 67.909, -0.6462954, 1.5274686, 0.49418998, 5.3739653, 7.042052, 0.91769266, 8.66985, 39.680027, 22.402931
1477622611861, 2.9502552, -6.3033347, 4.8099513, -18.797, 217.593, 60.269, 3.4800992, 0.63438356, -1.1068878, -1.0157647, -1.8319912, -2.96489, 10.316007, 27.126085, 27.026556
1477622611962, -8.10138, -19.608511, 9.81084, -26.664, 204.261, 48.886, 5.4895406, -1.260215, -2.9361238, -12.142151, -18.162348, 0.99317646, 12.406897, 8.480194, 24.620028
1477622612065, -3.5063083, 6.731298, -14.632164, -16.389, 183.676, 33.862, 2.5329528, 9.497122, -1.2935071, -6.7593803, 15.981117, -14.462495, 344.06674, 109.40062, 19.376286
1477622612171, -4.3400893, -1.9782091, 0.6422446, -25.906, 195.649, 31.156, -5.509088, -7.230812, 0.3912592, -0.6737995, -3.7070007, 9.571969, 305.47302, -169.8464, -22.321655
1477622612272, -0.8439561, -13.633781, -11.795034, -21.694, 200.402, 44.284, -0.57635134, -5.994726, 0.30879238, 4.5225987, -13.117183, -3.6033535, 353.0528, 176.98035, -33.229713
1477622612375, 8.729858, -19.608511, -1.8579005, -22.9, 210.22, 51.164, -6.1877594, -1.323745, 4.9028044, 11.987644, -13.270488, 4.879058, 108.235855, 139.73691, -25.806992
1477622612479, -3.2423477, 3.288436, 5.2528787, -17.956, 215.444, 72.059, -2.264172, 1.4446963, 0.5589417, -3.23265, 12.355946, 1.5178349, 7.3243833, 67.612434, -0.06127545
1477622612585, 0.53330845, 2.2469583, 3.5924997, -19.58, 216.055, 65.634, 1.4566082, -1.4712689, -0.91996306, -3.5080757, 7.66704, -3.511043, 10.778603, 33.552067, 29.636635
1477622612686, 8.125322, -19.608511, 3.5739446, -21.011, 208.485, 52.597, 5.8157425, 4.4959683, -4.1215076, 4.050277, -16.116653, -4.6340594, 13.148917, 20.859056, 26.40312
1477622612788, 12.1763115, -13.854647, 0.79966336, -27.453, 188.301, 41.973, 4.5249844, 4.5766025, -3.0277536, 8.44304, -16.074745, -7.9926186, 14.165497, -13.08446, 23.006458
1477622612893, -2.2290018, 6.005855, -19.498379, -15.528, 183.055, 39.073, -3.2275066, -1.2318097, 0.2003638, -6.366411, 14.888969, -19.120874, 344.43237, 115.0653, 24.974268
1477622612995, 13.129802, -19.608511, -1.9812019, -16.175, 201.271, 47.431, 1.1939361, 3.6685512, 3.0708196, 17.512268, -20.324362, 6.7624807, 343.63004, -175.81387, -26.620726
1477622613097, -3.899556, -11.459248, -9.547478, -27.83, 200.653, 45.527, -2.3420575, -0.54061574, 1.0079277, -2.0960755, -3.6617236, -3.880334, 122.03293, 127.332825, -13.022884
1477622613202, -0.7344214, -12.071565, 15.47193, -19.509, 213.334, 65.223, -4.4269404, -1.7318029, -0.1554652, 3.7515345, -9.340609, 23.753746, 94.00439, 163.8305, -28.442774
1477622613304, 4.7141833, -1.1264719, 4.907515, -16.551, 215.887, 67.498, -0.18020524, -1.4798211, -0.043982297, 1.83987, 5.0350657, -2.1596036, 8.832489, 38.924957, 22.132385
1477622613406, 5.357026, -9.582193, 2.0266917, -20.599, 214.958, 58.769, 3.9150352, 1.9086485, -0.56169057, 2.080823, -4.610927, -5.76583, 9.799575, 30.459427, 22.803305
1477622613510, -2.0009542, -19.608511, 9.739613, -27.275, 200.465, 48.686, 5.4208183, -1.7605137, -0.49602258, -5.577183, -18.663363, 0.657341, 10.314765, 5.5306535, 21.4925
1477622613635, -7.2544312, 6.7211227, -19.608511, -11.145, 181.658, 40.847, 0.5448918, 3.2449162, -1.0149527, -12.3719635, 14.917322, -17.934126, 324.24744, 123.30288, 31.979776
1477622613737, -6.797737, -17.101185, 19.594147, -25.86, 199.583, 38.688, -3.8481457, -5.515197, 1.2327261, -3.03437, -17.705528, 28.629753, 345.04172, -176.46686, -22.611923
1477622613841, -5.680842, -7.578247, -10.15381, -22.393, 200.297, 44.328, -0.6921103, -2.7837129, 0.643852, -4.0023136, 0.4497757, -4.777585, 126.040634, 125.05206, -11.809487
1477622613943, 15.412075, -19.608511, 17.877504, -15.274, 208.493, 61.137, -6.427219, 0.63713247, 0.73761976, 19.64112, -15.850405, 25.887634, 102.16608, 157.46672, -27.832361
1477622614045, 6.3242836, 4.288614, 9.100361, -15.989, 214.36, 69.927, -0.7458665, 0.22296582, 1.0326678, 5.1351213, 12.19895, 3.4273653, 5.850889, 53.76794, 8.549261
1477622614149, 1.5574282, -4.1186256, 5.0242324, -19.174, 214.326, 61.659, 3.0008755, 0.13591751, -0.70432764, -0.6377698, 0.15469074, -3.5250516, 8.2042885, 25.833473, 14.400725
1477622614254, -4.302979, -19.608511, 13.131, -25.834, 199.32, 48.48, 5.2338934, -1.6441438, -2.1896465, -7.5739584, -17.345118, 4.167287, 10.341743, 13.344283, 20.047707
1477622614364, -4.1258082, 12.789825, -12.067375, -13.102, 181.211, 35.643, 1.8909334, 8.687725, -1.4086553, -7.899951, 21.565536, -14.283937, 0.11871552, 63.492176, 23.27094
1477622614467, -4.2251673, -2.4492683, -1.347337, -18.443, 189.788, 32.052, -4.551557, -5.6505036, -0.44684792, -2.0385993, -4.3613644, 8.019262, 297.2382, -168.75648, -13.139981
1477622614569, -4.665102, -16.372747, -16.068087, -16.465, 196.896, 44.477, -0.34422258, -3.3368514, 0.79779, -1.6538503, -17.07422, -6.7615986, 345.807, -175.89812, -17.929747
1477622614672, 18.510172, -19.608511, -0.36631286, -18.615, 205.285, 53.373, -5.551543, -2.460565, 6.0246587, 23.496443, -14.329334, 6.2244253, 85.17358, 147.43024, -37.10959
1477622614775, -9.051878, 1.1150994, 3.9953241, -14.509, 210.417, 69.369, -2.3478606, 2.2314909, 0.4615087, -9.523734, 10.339508, 0.7001715, 6.5256395, 70.15728, 2.928302
1477622614880, -0.6596026, 0.91697925, 1.3096284, -16.194, 211.404, 62.15, 1.9022343, -1.7357736, -1.4633276, -5.0782456, 6.2065177, -5.666528, 10.576049, 32.641636, 32.34985
1477622614982, -8.49343, -19.608511, 11.550826, -16.497, 202.5, 50.979, 5.190522, 2.694832, -4.233296, -10.349793, -17.256874, 2.213047, 11.018425, 13.874752, 11.243882
1477622615086, 7.1466923, -3.0597897, -3.9348705, -18.864, 186.041, 39.733, 3.379612, 5.265353, -3.2904255, 4.768505, 6.084793, -6.5599823, 6.778728, 68.82601, 14.577709
1477622615195, -3.1184478, 3.9043443, -10.163984, -14.95, 185.527, 40.419, -4.995961, -4.106847, -0.6985244, -2.1631973, 3.0802317, -0.4388256, 344.2246, -175.1794, -5.6098614
1477622615302, -0.25438392, -12.454039, -12.786234, -12.799, 199.934, 46.173, -0.33536503, -2.1704042, 1.9419407, -0.8649332, -4.3836946, -7.248436, 187.3913, 124.61921, 4.326387
1477622615409, 16.628927, -19.608511, -5.6305637, -18.29, 208.326, 51.507, -6.8117585, -1.4532484, 4.3640213, 19.863926, -14.216721, 1.8949757, 116.50979, 146.64604, -23.261393
1477622615539, -9.640852, 1.525705, 6.4326215, -13.397, 211.831, 71.629, -2.701857, 3.3576207, 0.99021256, -11.112083, 10.955917, 4.1794076, 3.650241, 74.07339, 8.867384
1477622615664, 2.4235306, -5.9280434, 3.0478187, -16.43, 213.566, 57.945, 3.2846224, 1.3671165, -0.75625116, -2.0071287, -2.1642563, -4.849874, 10.310763, 22.56923, 29.29272
1477622615766, -0.045489833, -19.608511, 11.07438, -25.306, 200.434, 50.344, 5.315444, -1.2959507, -1.3130548, -5.1807313, -19.249966, 2.727456, 10.9489975, 2.0952864, 31.600895
1477622615867, -5.8041434, 9.650429, -11.415554, -15.585, 184.759, 35.952, 1.3808609, 6.7815204, -0.87995136, -8.673569, 18.89286, -9.829906, 310.03192, 109.53017, 17.24759
1477622615971, -5.4551888, -5.8663926, 5.5539494, -26.309, 193.545, 33.317, -4.499328, -6.461427, 0.9779953, 0.056289673, -5.6478605, 13.662354, 348.70288, 178.72311, -34.204887
1477622616077, -10.266336, -14.796765, -5.9364233, -27.359, 199.743, 45.121, -0.8924741, -6.81634, 2.7437012, -8.103094, -6.3566246, -1.4358921, 106.8518, 120.60982, -14.375686
1477622616181, 18.87409, -19.608511, 19.608511, -14.855, 211.195, 60.324, -7.6220713, 3.1242702, 2.771801, 23.068375, -13.672551, 26.192032, 90.16704, 142.74962, -32.50074
1477622616283, 8.75799, 1.1959038, 13.352463, -14.295, 216.241, 69.905, -2.0986276, -0.7254025, 0.7538077, 6.4165645, 9.016602, 7.91879, 6.4820337, 52.89101, 16.667091
1477622616388, 1.5999253, -1.9853917, 2.480393, -17.272, 217.045, 60.745, 3.0466905, 0.6062838, -0.70280045, -2.9595253, 2.295309, -5.073242, 10.477409, 25.881416, 31.115606
1477622616489, -13.025056, -19.608511, 10.727221, -24.322, 205.928, 48.995, 4.7482557, -1.6316211, -5.240002, -17.944412, -17.41403, 2.5324316, 14.202865, 12.930841, 30.976524
1477622616591, 6.2943563, -0.46447513, -8.309675, -22.653, 186.395, 34.101, 3.3872478, 6.629415, -2.25562, 3.4556065, 8.646521, -10.568359, 5.10957, 68.289215, 17.305687
1477622616693, -3.594894, 3.4769795, -4.722563, -22.244, 191.128, 30.889, -5.3973, -5.471215, -0.29993483, -1.177268, 2.5031059, 4.7313786, 337.24988, -174.3007, -14.344649
1477622616795, -3.3883939, -19.576788, -15.914259, -23.31, 201.647, 41.743, -0.36957347, -4.2629232, 1.5534303, 0.83345985, -19.911913, -7.0692587, 349.25684, -178.04164, -25.515862
1477622616897, 5.9609637, -19.608511, 2.1242554, -25.906, 209.579, 52.279, -5.4012704, -3.4171803, 5.25283, 9.823455, -12.833797, 8.070249, 91.9682, 136.30426, -33.007584
1477622617003, -8.954913, 0.8098387, 1.5478514, -16.018, 215.582, 70.297, -2.550057, 3.7904189, 0.7959574, -10.342397, 10.107969, -1.243214, 6.160221, 71.46785, 8.487147
1477622617106, -0.64823014, -1.3335704, 2.134431, -15.338, 216.392, 66.224, 1.1417072, -1.717753, -1.3454307, -5.3092074, 3.7739449, -4.8196297, 11.294188, 31.38738, 33.832077
1477622617223, 14.201806, -19.608511, -1.0887632, -18.096, 213.732, 55.574, 5.3398786, 2.4975226, -2.552195, 10.024131, -14.897332, -8.60689, 10.390583, 28.711958, 29.060072
1477622617326, 10.017939, -12.467207, -2.7539306, -28.562, 193.431, 43.598, 3.5268304, 3.032335, -3.193909, 8.21508, -3.161519, -5.2687373, 12.061655, 71.60728, 10.964484
1477622617427, -5.4282537, 8.258799, -19.608511, -19.001, 184.471, 37.547, -1.0842859, 0.75136423, -0.27000242, -6.458037, 15.578594, -13.164093, 189.72948, 131.71953, 9.078805
1477622617529, 9.558251, -14.034212, -12.601282, -15.631, 203.143, 45.053, 3.4067955, 6.465398, 2.9068022, 14.911272, -15.666961, -4.5483494, 312.79697, -170.41597, -33.613148
1477622617645, -3.5170822, -19.608511, -2.719813, -25.665, 208.178, 47.653, -4.767498, -1.8124372, 4.79743, -0.020481348, -12.632294, 3.2195961, 98.308426, 134.653, -30.485823
1477622617746, -1.38325, -3.1268275, 0.41599256, -14.901, 214.019, 66.462, -3.028059, 1.543351, 1.1945469, -3.567671, 6.1983757, -1.6909666, 2.6238565, 71.97212, 13.183777
1477622617851, 0.63087213, -1.6166847, 4.1581297, -14.523, 216.546, 67.05, 1.6948457, -2.3823745, -1.4223998, -3.47995, 3.724951, -2.9649634, 10.19052, 33.00384, 29.98976
1477622617952, 10.283695, -19.608511, 6.1489086, -17.115, 212.472, 53.143, 6.522208, 2.405282, -2.3832908, 7.23615, -14.099054, -1.3696504, 8.757878, 34.180943, 22.064503
1477622618067, 11.434708, -7.1287355, -3.1136594, -23.544, 190.267, 40.217, 4.10532, 4.422359, -3.948633, 9.020662, 1.7507544, -6.5044436, 9.260116, 64.884766, 15.209255
1477622618170, -3.1824925, 9.586384, -17.074848, -13.549, 183.148, 38.217, -2.1991148, -1.3842206, -0.8454375, -6.0562363, 18.737358, -15.032385, 304.5973, 111.07035, 17.434217
1477622618286, 3.1334114, -18.198328, -18.484434, -16.526, 202.94, 47.209, 2.6847527, 7.402465, 1.9147571, 8.819018, -18.632233, -10.505962, 348.58575, -177.46407, -35.474373
1477622618388, -6.0040593, -19.608511, -1.6466122, -28.616, 205.177, 48.844, -5.6682186, -2.9886582, 4.7284026, -1.9131846, -13.063517, 4.403028, 88.51012, 138.13301, -34.06726
1477622618489, -1.2024878, -4.2479124, 4.246715, -17.279, 214.788, 66.856, -3.0115657, -0.22968534, 1.3332134, -3.512371, 4.8659735, 1.4588976, 3.972362, 68.334915, 14.2219515
1477622618592, 4.131195, 0.94331545, 4.729147, -15.631, 217.202, 67.256, 1.2742649, -3.10289, -1.2635747, -0.2993002, 6.437368, -2.0794134, 10.743263, 34.07222, 33.053032
1477622618695, 12.843695, -19.603724, 0.6781576, -21.113, 213.629, 54.249, 5.5616226, 2.3716843, -2.0723603, 8.065324, -15.291477, -6.720632, 10.68051, 26.086447, 32.855644
1477622618797, 8.486248, -17.630901, 3.1429882, -30.229, 190.718, 40.582, 4.6593747, 2.1413882, -4.1037927, 3.9976926, -19.833307, -5.293401, 14.767358, -12.978356, 28.015076
1477622618901, -7.201759, 7.041347, -19.608511, -15.782, 182.537, 36.743, -0.58184916, 1.1304061, -0.29993483, -10.537279, 16.14642, -21.072184, 355.8244, 68.195854, 20.119629
1477622619014, 15.892113, -19.608511, -4.983531, -28.315, 199.291, 38.514, -1.8655825, -1.1594223, 3.4345899, 23.500319, -19.006907, 1.1746888, 352.25504, 176.4829, -51.012657
1477622619120, -4.520851, -14.703391, -1.7926586, -32.431, 203.936, 48.156, -3.6291504, -4.1065416, 3.215289, -1.8770828, -6.068574, 2.031061, 83.8608, 118.2965, -17.023298
1477622619221, -1.9859903, -8.079832, 15.298949, -19.183, 215.795, 67.55, -4.672814, -1.9013181, -0.25442538, -4.854106, 1.0620785, 13.208551, 4.7870536, 68.78284, 17.418343
1477622619325, 5.3061495, 0.40641573, 6.895301, -16.366, 217.234, 66.914, 0.20769419, -2.5033257, -0.07452556, 2.8725574, 7.061998, 0.11656523, 7.8060713, 42.740616, 19.748333
1477622619435, 1.7723078, -4.780622, 1.5801731, -20.002, 216.337, 55.545, 3.8756344, 1.745242, -0.74189585, -1.418455, -0.43528748, -6.6117435, 9.448285, 26.301893, 21.280981
1477622619541, 2.5875335, -19.608511, 5.397728, -32.749, 200.355, 47.465, 4.4107523, -1.1487321, -2.3851233, -2.7484136, -19.859354, -2.8263302, 13.363866, -1.4657245, 32.97638
1477622619650, -10.78528, 9.348161, -11.442489, -18.804, 187.211, 31.84, -0.16646078, 3.4715471, -1.2040154, -12.553276, 18.564442, -8.595602, 210.40894, 109.98216, 10.859354
1477622619752, -5.861604, -10.186729, 14.5088625, -29.344, 197.724, 33.576, -3.4358115, -4.090659, 1.0225884, 0.10005379, -11.037898, 22.248665, 335.93738, -175.02075, -37.60561
1477622619854, -8.874108, -11.494562, -10.733206, -30.78, 201.029, 43.855, 0.17379116, -6.4901376, 1.4966198, -6.537253, -3.156393, -6.130554, 106.59444, 121.760414, -15.656059
1477622619960, 18.080412, -19.608511, 16.755222, -14.292, 212.683, 62.689, -7.3392406, 6.5506134, 3.016758, 23.551598, -16.482914, 24.269686, 85.46158, 161.41434, -36.05789
1477622620063, 8.814852, -1.335366, 7.599196, -14.321, 216.6, 71.469, -1.5079209, 1.0580186, 1.0998629, 7.8778777, 6.5014105, 1.7787662, 5.470916, 53.046986, 6.8179855
1477622620168, -0.6147113, -1.9644425, 3.232771, -19.149, 216.928, 60.389, 3.0091221, 1.4899004, -1.1307116, -5.229803, 2.4399097, -4.2152486, 11.491505, 26.687168, 31.784016
1477622620270, -14.732121, -19.608511, 13.602657, -24.403, 205.384, 49.659, 4.704273, -1.0231993, -4.421748, -18.36373, -16.39982, 5.0770416, 13.529788, 19.09863, 23.072273
1477622620378, 4.9063177, 0.7260417, -8.201338, -26.254, 186.311, 35.282, 2.934902, 7.1263537, -2.7198775, 2.3252008, 9.745582, -11.057231, 10.054175, 66.887665, 15.96951
1477622620480, -6.534375, 3.6499605, -1.1563994, -28.039, 190.969, 31.639, -3.9721513, -5.8762183, -0.5305365, -2.4064937, 2.5824962, 7.6748815, 331.27606, -173.7509, -25.052132
1477622620584, -6.7025676, -19.52232, -9.325416, -27.378, 201.213, 44.819, -1.78617, -6.2738914, 0.98654735, -0.6271663, -20.103851, -1.6493716, 342.24554, -176.60039, -38.360756
1477622620688, 19.345749, -19.608511, 6.233304, -23.373, 211.689, 55.047, -4.577824, -0.8399397, 6.0671134, 24.172516, -13.609022, 12.306101, 80.48522, 142.28185, -38.478306
1477622620796, -6.7971387, 5.144541, 3.566762, -15.773, 217.831, 71.267, -1.4822645, 1.9052887, 0.6056729, -5.674723, 13.669634, -1.1484637, 5.7749944, 60.379425, -7.5004306
1477622620900, 2.6641479, 1.9081788, 3.5990837, -17.84, 217.831, 61.705, 1.9795089, -0.099571034, -1.1417072, -1.6342916, 7.4615335, -3.245919, 10.461282, 34.491543, 32.127487
1477622621002, -5.389348, -19.608511, 12.014104, -22.207, 209.117, 49.371, 5.644089, 3.4376442, -5.1590624, -9.333067, -16.807772, 3.4833746, 12.356845, 16.594477, 24.810892
1477622621116, 2.086547, 2.777274, -13.138182, -22.865, 188.926, 37.632, 3.3997705, 6.5530567, -3.2467487, -0.85769606, 12.064957, -14.252073, 1.9247268, 71.27675, 17.58888
1477622621219, -1.7711107, 5.571906, -2.8263552, -24.351, 192.301, 32.11, -5.1437907, -5.876829, 0.018936822, 1.3721191, 3.3315623, 6.1887083, 274.81866, -166.79408, -19.221828
1477622621332, -0.931943, -5.345055, -7.1448965, -25.471, 200.021, 42.013, -1.3038919, -8.211556, 1.7953329, -0.71411616, 2.6378078, -1.453073, 162.46432, 125.50888, -1.5630292
1477622621434, 11.832145, -19.608511, 10.818799, -27.383, 212.208, 52.416, -5.603772, -4.3059893, 7.067405, 16.829361, -15.583729, 18.234951, 93.464134, 155.76918, -33.97322
1477622621536, -7.390302, 5.120599, -2.634819, -14.953, 214.204, 72.326, -1.4535538, 4.7418413, 1.0088439, -7.399342, 14.466758, -5.604604, 8.22045, 72.37203, 0.055415146
1477622621650, 2.1027076, -1.2210429, 6.3224883, -18.338, 214.836, 61.19, 2.6691756, 0.45356745, -1.6490307, -2.6819432, 1.8889456, -1.6528163, 11.884304, 18.489483, 30.960947
1477622621753, -15.086464, -19.608511, 13.977948, -27.011, 204.354, 48.367, 4.109596, -0.84635377, -6.7576966, -20.195202, -17.72578, 5.8215704, 16.363695, 11.068653, 32.06093
1477622621855, 1.2210429, 3.0029275, -12.28824, -27.035, 185.604, 36.247, 2.2327125, 7.603134, -3.143207, -2.2132766, 12.100468, -13.557335, 3.4101546, 68.07768, 20.681507
1477622621963, -9.351752, -0.5590461, 6.455366, -32.695, 192.977, 33.743, -4.770552, -6.697832, 0.10170906, -2.4317589, -1.8245597, 13.287827, 321.07175, -172.58551, -45.364677
1477622622070, 6.18542, -11.526884, -16.547525, -22.215, 199.809, 43.521, -1.2663237, -8.396037, -0.2171626, 13.972843, -12.747643, -10.713472, 325.3282, -172.8491, -53.160793
1477622622175, 9.916184, -19.608511, 6.7492547, -27.388, 210.052, 53.633, -4.802928, -1.4165965, 5.328272, 13.7611, -12.353626, 12.111503, 83.1, 132.28627, -35.641823
1477622622282, -14.926052, 2.7323828, 6.871359, -20.167, 216.955, 71.434, -2.0305161, 1.1991285, -0.035430185, -14.702793, 11.795687, 3.1327667, 8.595537, 67.548004, -1.4110985
1477622622384, 1.7016789, 1.9009962, 0.670975, -20.697, 217.453, 63.209, 1.7168368, -1.2186762, -1.1914927, -2.268879, 8.019596, -5.884009, 10.683823, 38.603218, 31.204594
1477622622493, 5.8987145, -19.608511, 3.1310172, -23.347, 209.878, 49.749, 5.589417, 3.8203511, -4.089132, 1.8552547, -16.290579, -5.164292, 12.618528, 19.775455, 25.986425
1477622622594, 3.9085343, -19.608511, -0.93972415, -30.044, 194.415, 42.674, 5.7818394, 0.70432764, -2.302351, -0.30667043, -20.304596, -9.766836, 12.478742, -4.070331, 25.52584
1477622622704, -1.7256209, 6.060323, -10.604518, -24.273, 187.284, 34.228, -3.7775908, -3.7763689, 0.22327125, 1.0540375, 5.605832, -1.2110434, 347.33786, -177.34366, -16.484205
1477622622807, 11.256938, -6.4900823, -17.902044, -22.248, 201.48, 44.454, 2.074193, 8.604342, 3.762319, 16.57597, -8.195092, -9.841572, 306.91165, -169.98752, -33.420456
1477622622908, 8.96449, -19.608511, 3.98874, -31.195, 209.906, 53.866, -5.052772, -1.5381587, 3.9593232, 12.866005, -11.7376, 8.347334, 67.22974, 126.61999, -26.367052
1477622623009, -11.625645, -7.867945, 2.1003134, -21.244, 216.412, 72.531, -1.4181237, 0.24617869, 0.32589662, -12.970394, 1.5188565, -0.3996899, 7.19282, 73.17383, 8.1527
1477622623111, 5.083489, -0.12689269, 8.175002, -20.707, 218.084, 67.976, 0.55955255, -2.74981, -1.105666, 1.650809, 5.300138, 0.7632251, 10.792751, 33.600792, 24.850677
1477622623214, 16.010626, -19.566614, 3.0340521, -23.55, 214.913, 53.799, 6.225939, 3.2220087, -0.87109387, 13.283016, -15.366417, -5.3973703, 9.493746, 25.35978, 17.926668
1477622623319, 6.1411276, -19.494787, -0.110731825, -31.192, 195.133, 43.484, 5.514281, 1.2541064, -3.426954, 3.741024, -21.236921, -9.458184, 12.455543, -10.232808, 14.400495
1477622623427, -5.097854, 6.506243, -19.608511, -18.572, 182.72, 36.427, -0.58123827, 1.1154399, -0.22052236, -8.410563, 15.643688, -20.913685, 355.69662, 68.71085, 19.927713
1477622623529, 18.076223, -19.608511, -0.36032736, -28.004, 201.948, 43.737, 0.25870144, 0.52442783, 3.972762, 23.140446, -20.917171, 7.934939, 324.62128, -172.33122, -31.403881
1477622623632, -4.4184995, -12.525267, -8.249821, -30.526, 200.979, 40.875, -1.4431691, -0.44104472, 2.445599, -2.4612603, -4.8235545, -2.5032368, 121.5027, 128.24638, -18.808424
1477622623735, 0.58418524, -14.270639, 16.935387, -19.332, 210.733, 63.049, -3.5149186, -6.37896, -0.9049969, 4.9921045, -12.238753, 25.456656, 45.77357, 168.04199, -27.351816
1477622623842, 4.6166196, -2.3558946, 2.6402059, -17.587, 215.533, 66.86, 0.9089675, -1.2403619, -0.45234573, 1.6621423, 3.4442697, -4.6946115, 9.211331, 36.260124, 21.939663
1477622623944, 8.500613, -12.005126, 3.645172, -22.479, 211.347, 52.384, 4.9727488, 1.93797, -0.9068295, 4.251568, -6.3653946, -3.1599317, 10.628535, 35.106113, 31.980286
1477622624051, 1.7423803, -19.608511, 4.896741, -30.717, 194.099, 45.127, 5.667608, -1.8982637, -1.462106, -2.239615, -19.704638, -4.064557, 11.601236, -0.5616314, 23.958197
1477622624154, -8.896853, 6.5960255, -15.515025, -17.471, 179.82, 33.302, 0.5705481, 4.6114216, -1.0522153, -10.927546, 16.189796, -15.43617, 0.9836702, 101.960014, 11.951269
1477622624256, -6.517616, -10.1161, 15.706562, -30.558, 193.447, 32.379, -3.3292155, -4.500244, 1.0842859, -1.7039824, -9.902528, 24.247854, 348.5645, 178.75209, -29.404385
1477622624361, -9.291897, -12.330139, -9.190742, -31.233, 197.895, 43.417, -0.42638394, -6.790989, 1.210124, -7.1299806, -3.7180042, -5.0280952, 99.93386, 118.57481, -14.09185
1477622624488, 19.607914, -19.608511, 15.236101, -21.333, 210.882, 58.204, -4.9834385, 3.0262265, 3.926947, 24.992477, -14.592449, 21.718077, 76.728035, 149.23647, -39.71633
1477622624592, 3.3117795, -2.3014264, 6.125565, -19.387, 216.03, 70.666, 0.34025195, -1.4355333, -0.4615087, 0.2028861, 3.7177129, -0.964931, 10.080277, 37.863426, 23.675491
1477622624695, 5.505467, -9.595961, 2.3319526, -24.029, 215.364, 60.65, 3.4852917, 0.97097033, -0.9074403, 1.4282451, -4.136791, -4.720999, 11.522928, 33.82653, 30.031662
1477622624798, -4.3089647, -19.608511, 3.570952, -32.725, 202.157, 51.721, 6.0692515, -3.467271, 0.61758476, -8.071293, -19.184282, -5.4753356, 9.042853, 2.4793496, 22.582302
1477622624901, -4.5783124, 12.066178, -8.635287, -23.783, 184.349, 33.607, 1.5106697, 4.690223, -0.9630291, -6.5127153, 21.626884, -7.6246643, 356.36713, 102.85897, 11.438158
1477622625004, -4.489128, -3.4685998, 1.1378443, -34.608, 195.993, 34.632, -3.6865718, -3.6798522, 1.0094548, 0.21508074, -6.421397, 9.220033, 231.19986, -162.47623, -30.201385
1477622625115, -4.2179847, -6.0800753, -8.680179, -32.025, 201.777, 45.53, -1.7996091, -9.988563, 1.1624765, -2.8555446, 2.416627, -3.9769602, 120.68966, 119.954475, -9.109787
1477622625216, 19.607914, -19.608511, 19.21227, -26.768, 210.673, 59.971, -4.5769076, 1.024421, 2.5213463, 25.070078, -16.907133, 26.895874, 88.429054, 164.01035, -35.408478
1477622625319, 1.6585833, 6.035184, 13.532028, -27.406, 216.323, 73.953, -2.019826, -0.4605924, 0.13439035, -0.46962678, 13.879862, 8.045486, 10.448202, 53.123856, 15.178629
1477622625428, 2.0231004, -4.4675803, 4.7884035, -30.949, 215.406, 65.803, 2.2678373, -0.0421497, -1.02717, -1.7678196, -0.46718216, -3.3230772, 13.613131, 24.074682, 25.049149
1477622625532, -8.67958, -19.608511, 5.8268886, -37.573, 204.38, 54.939, 5.367673, -0.3912592, -0.2012801, -12.923027, -17.465965, -2.7505841, 14.221454, 12.619704, 26.32252
1477622625634, -1.8285716, 6.260239, -10.667964, -34.072, 186.552, 38.037, 2.740036, 6.4925814, -0.7266242, -3.3392963, 15.931505, -11.263535, 24.281063, 80.46849, 8.878284
1477622625736, -4.482544, 0.01616086, -1.881244, -40.022, 190.211, 35.871, -4.266283, -6.3368106, -0.008552114, 1.0481601, -2.034918, 5.952963, 281.0122, -167.92735, -35.220894
1477622625838, -5.366603, -18.20132, -5.78499, -44.639, 199.386, 52.609, -3.4956763, -7.799222, 2.3102922, 1.9941401, -19.960373, 0.45164204, 296.97574, -169.66672, -49.72596
1477622625940, 18.40782, -19.608511, 0.78649527, -39.511, 210.575, 70.487, -4.4843616, -3.4177911, 4.791016, 23.814276, -14.106335, 6.8417964, 65.869804, 145.87047, -41.759964
1477622626042, -8.052897, 1.9219455, 6.8402343, -34.968, 212.831, 84.683, -1.8701639, 0.73639804, 0.21563543, -9.222977, 10.963994, 3.2287724, 13.399438, 67.22502, 7.373348
1477622626143, 2.8987796, 0.86610246, 4.2281604, -35.765, 213.406, 78.208, 1.4046847, 0.30787608, -1.954158, -3.1727827, 5.494087, -1.9271874, 19.641739, 28.159199, 44.607384
1477622626245, -16.71093, -19.608511, 12.700642, -45.137, 205.755, 65.138, 4.65968, 4.780326, -5.7210584, -20.985588, -17.858547, 4.049902, 19.708876, 10.279299, 26.295727
1477622626346, 7.2939353, -9.812037, -4.8440685, -46.931, 188.531, 47.503, 4.372879, 3.894266, -2.8832839, 5.447378, -0.49008083, -7.2651725, 25.524778, 71.91093, 11.204497
1477622626448, -2.7712884, 10.572795, -15.7323, -45.48, 185.224, 40.834, -2.8780916, -1.5815301, 0.21533, -5.019573, 20.096485, -15.088131, 21.99197, 103.79717, 13.282787
1477622626549, 9.191938, -12.275072, -19.603724, -41.195, 200.859, 51.307, 3.921144, 6.6657615, 2.6832256, 16.189528, -13.511, -12.84528, 321.85583, -172.75978, -45.99598
1477622626651, -1.1671734, -19.608511, -3.731962, -49.525, 207.62, 68.405, -3.4125986, -3.947106, 2.9336803, 2.4602807, -12.173084, 1.533623, 74.87561, 130.694, -34.5629
1477622626753, -9.072228, -4.830302, 11.439496, -39.282, 210.804, 87.956, -3.1676416, -4.2195516, -0.38423425, -11.335758, 4.2715735, 8.575461, 14.89695, 68.14563, 13.965478
1477622626854, 7.369353, 3.4871547, 4.127005, -36.749, 212.046, 85.754, 0.5323691, -2.1685717, -0.6365216, 1.5487022, 9.344008, -1.1633348, 19.91986, 36.67197, 47.732567
1477622626956, 9.083003, -19.608511, -2.373851, -43.226, 211.505, 72.554, 6.7470064, 5.6447005, -3.472769, 3.3554344, -18.218067, -10.211708, 18.849125, 8.151201, 36.157726
1477622627057, 6.5098343, -19.608511, 5.922058, -54.531, 200.485, 67.089, 4.1584654, 0.9083566, -2.8231137, 0.52262926, -23.484045, -0.80876637, 24.366865, -23.278109, 41.65374
1477622627159, -9.564238, 7.6213427, -18.464083, -49.147, 185.131, 41.16, -0.24312437, 3.0998356, -0.53786683, -11.693285, 17.069443, -20.003878, 29.49338, 74.458786, 12.698997
1477622627263, -6.175245, -10.336368, 14.771028, -57.722, 196.694, 51.441, -3.196047, -3.8139372, 2.2107213, 0.44300508, -12.513796, 21.672325, 269.6709, -167.17136, -43.80062
1477622627365, -6.919243, -6.2847795, -10.286688, -57.192, 202.249, 60.96, 0.3494149, -0.57543504, 0.17654006, -5.1822586, 1.0587835, -4.023675, 113.30018, 131.51044, -15.500822
1477622627471, 18.68016, -19.608511, 7.93618, -30.888, 209.138, 82.414, -3.1224377, 7.7952514, 3.7934732, 24.6311, -17.421545, 15.417748, 46.84725, 167.11421, -38.499218
1477622627573, 9.948506, -3.0711622, 11.110891, -30.677, 204.716, 94.827, -1.4709635, -0.106901415, 0.91874135, 7.9570985, 4.148374, 4.7797785, 12.655852, 47.40768, 17.46061
1477622627675, 2.8502972, -4.868609, 1.7316064, -32.014, 207.894, 86.009, 3.1923819, 0.15302174, -1.323745, -1.8975813, -1.6375682, -6.217508, 17.879839, 19.23688, 30.849195
1477622627777, -9.84795, -19.608511, 11.499949, -46.128, 203.419, 75.451, 4.338976, -2.1951442, -3.5185838, -15.068529, -17.953024, 3.3651285, 21.055565, 9.7188, 32.69061
1477622627879, 1.7555484, 2.0284874, -12.480973, -48.878, 190.838, 52.616, 3.364035, 7.8300705, -0.9239337, -0.8202802, 11.390496, -13.8551235, 22.983295, 72.68044, 15.383507
1477622627981, -8.920197, 5.6485205, 0.48602295, -53.718, 190.373, 49.848, -4.2219954, -6.359718, -0.22632557, -4.163853, 3.17513, 8.697594, 248.96236, -165.39134, -30.080479
1477622628083, -0.8912416, -16.17403, -11.30961, -44.978, 207.296, 62.165, -1.0952814, -0.77549344, 0.43004912, 4.927604, -19.224628, -4.02914, 242.46346, -161.876, -38.633255
1477622628186, 3.4614172, -19.608511, 1.4443022, -37.467, 211.558, 82.766, -3.4547484, -2.1642957, 5.2946744, 8.653406, -12.410316, 5.6155906, 45.42868, 132.77625, -51.221306
1477622628288, -11.413159, -0.9283517, 5.094861, -30.902, 209.42, 97.439, -1.9431623, 0.17012598, 0.15515977, -12.283356, 8.113668, 1.3995905, 11.58039, 67.2246, 5.4971633
1477622628389, 2.6222494, 0.53809685, 2.5372553, -28.108, 210.018, 93.457, 1.135904, -2.2333233, -0.9746355, -1.8088477, 6.42436, -3.934813, 16.677961, 36.886497, 34.39746
1477622628492, 11.174936, -19.608511, 3.0711622, -36.1, 212.04, 77.583, 5.2821517, 2.1310034, -2.5360072, 5.992687, -15.608733, -4.230649, 18.307766, 24.070715, 35.364124
1477622628594, 9.7863, -14.139557, 2.914342, -48.968, 203.404, 67.61, 3.7986655, 1.7687603, -2.9898798, 8.652017, -4.940111, -0.28784728, 20.445953, 69.731964, 7.0290384
1477622628695, -7.693767, 9.102755, -19.608511, -46.847, 193.406, 45.887, -0.419359, 0.80970186, -0.15241088, -6.062124, 15.766214, -12.600913, 124.54333, 137.19669, -13.107169
1477622628807, 8.876503, -19.608511, 19.608511, -50.811, 202.781, 60.746, -2.3646593, -2.3689353, 2.6184738, 16.549854, -21.390617, 25.449247, 293.19904, -169.52979, -52.722652
1477622628909, -5.90889, -15.112201, -1.1755531, -46.215, 211.566, 78.762, -4.650517, -3.1035008, 3.1703906, -2.127858, -7.6614747, 3.9587343, 70.24244, 130.55673, -36.368965
1477622629011, 9.441534, -17.611149, 14.184448, -31.909, 213.51, 93.487, -4.2751403, 2.7546968, -0.49113566, 14.813546, -13.139, 21.062805, 69.824646, 152.86862, -37.989918
1477622629113, 8.779537, 0.49320555, 10.418967, -31.896, 212.565, 94.769, -0.35185838, -1.4065173, 0.52626044, 5.7756824, 7.7409005, 4.5352488, 14.293618, 47.651337, 27.045982
1477622629215, 1.738789, -3.6721067, 2.1452048, -34.397, 214.587, 85.643, 3.5256088, 1.1960741, -1.0311406, -2.6676517, 0.74559355, -5.420349, 17.20955, 26.774488, 30.218004
1477622629316, -4.699219, -19.608511, 13.378799, -46.543, 210.906, 72.442, 4.5442266, -0.8961393, -3.0094275, -9.763908, -18.375893, 5.072178, 20.352804, 7.220726, 31.371376
1477622629418, -5.222951, 7.632715, -9.686341, -45.635, 196.908, 47.308, 1.4798211, 7.2827353, -1.2012665, -8.592098, 16.832052, -10.123887, 14.851379, 69.73014, 20.114656
1477622629520, -4.96737, 1.0977415, 0.8936358, -50.369, 199.076, 46.984, -4.7516155, -5.578116, -0.23976462, -1.5729427, -0.9986216, 9.852072, 276.096, -167.65665, -20.752117
1477622629621, 3.4284968, -11.126453, -13.763068, -41.914, 212.161, 57.949, -0.40439278, -2.2992969, 0.36285394, 8.208647, -13.258514, -5.470003, 275.22656, -167.44305, -29.959297
1477622629723, -0.10414778, -19.608511, -1.4323312, -40.568, 217.514, 74.505, -5.1465397, -1.1786644, 4.644408, 3.9500444, -12.67499, 4.194409, 72.94374, 135.00685, -35.77359
1477622629824, -5.6179943, -4.3837833, 0.7870938, -30.433, 216.264, 94.534, -2.1630738, 0.064751714, -0.08857546, -7.5214453, 4.735181, -2.2775035, 12.075411, 68.41542, 11.790363
1477622629926, 1.7112557, 0.1921347, 2.5432408, -30.781, 216.882, 93.13, 0.91965765, -1.981036, -1.0803152, -2.7401533, 5.8265114, -4.135767, 16.849943, 35.067883, 33.682568
1477622630029, 7.6847887, -19.608511, -3.156755, -38.415, 217.753, 78.468, 5.978233, 4.159992, -2.7919595, 3.969696, -14.431053, -10.610774, 16.871613, 31.867306, 26.491726
1477622630135, 8.950723, -10.423157, 2.3463178, -40.986, 214.125, 61.151, 3.753767, 1.8102992, -2.307238, 8.572616, -0.88343716, 0.10551906, 21.25712, 76.6012, 2.2697353
1477622630238, -1.009156, 13.013084, -19.525314, -37.634, 202.163, 41.127, -0.008246681, 1.8365663, -1.073901, -3.8137338, 20.461891, -13.796438, 217.87447, 130.57399, 26.084118
1477622630342, 3.0603883, -19.608511, 19.608511, -42.474, 209.963, 48.297, -2.1450534, -2.1844542, 0.49632803, 6.5476103, -20.67361, 28.712093, 327.76535, -173.76482, -20.959852
1477622630445, 6.097433, -11.03308, -14.033613, -35.755, 207.165, 47.593, -1.6542231, -1.3435981, 0.64660084, 9.369604, -10.459333, -4.806797, 352.30865, 176.64595, -19.5264
1477622630560, 1.4478935, -9.244013, 9.15842, -42.361, 216.632, 70.442, -2.278833, -0.67011917, 0.15974127, -0.1486758, 0.3429079, 7.849867, 16.667463, 77.848335, 9.455053
1477622630662, -0.2136825, 0.079008654, -0.60214174, -38.708, 220.211, 74.359, -2.3967297, 0.4728097, 0.63194007, -1.5346226, 9.762787, -1.408356, 16.531029, 80.92056, 7.7676277
1477622630767, 3.4225113, -4.9661727, 0.56084174, -34.341, 221.629, 82.717, -0.20219639, -2.769663, 1.1826351, 2.7899036, 3.7847571, -3.8199608, 10.944095, 63.169605, 4.1347456
1477622630870, -14.6680765, -19.608511, -5.5162406, -42.124, 218.748, 81.816, 3.6257906, 0.25259277, -6.0683355, -21.964123, -13.8284, -8.603053, 18.871857, 36.114967, 67.06774
1477622630973, -3.716998, -14.616003, -1.9812019, -43.472, 217.469, 70.631, 1.3020593, 0.713796, 0.77671516, -1.0618086, -5.210202, -1.1741762, 33.66997, 106.438354, -15.763989
1477622631080, -0.15023616, -3.2956185, -2.054225, -42.309, 216.731, 65.136, 0.19761491, 1.2669345, 0.54305923, 2.5756621, 6.0578504, -0.9350827, 38.909878, 107.48638, -16.247799
1477622631182, -0.37110126, -10.555437, 8.790312, -39.965, 218.222, 66.888, -2.6871963, 1.9190332, 0.36163223, 1.9071993, -1.4465828, 5.9603767, 16.7461, 68.255424, -14.042673
1477622631289, -0.094570965, -8.67539, 0.81642276, -39.666, 217.17, 64.573, -0.070249505, -0.44012842, -0.14508049, -0.17715222, 0.74765205, -1.8983235, 17.709517, 73.92145, 0.5021095
1477622631391, 0.0047884034, -8.716091, 1.1941081, -37.539, 217.481, 64.041, -1.5241088, 2.679255, 0.24404067, 0.83512443, 0.95271397, -0.21838343, 24.295158, 80.38203, -4.908401
1477622631492, -1.2946646, -10.144233, 2.1583729, -35.334, 218.589, 64.041, -0.48288897, 1.2412782, -0.42638394, -0.7310242, -0.45332813, 0.76586545, 23.457018, 81.18834, -3.328674
1477622631602, -3.8965633, -10.253169, 1.9698294, -37.081, 218.589, 64.041, -1.1850786, -1.8301523, 0.14782938, -1.447526, -0.7835369, 1.2636616, 23.770153, 74.93548, -14.500132
1477622631704, 0.049081136, -9.809643, 4.039018, -35.215, 218.589, 62.963, 0.6432411, -0.7828238, 0.09407325, 0.70582014, -0.02648735, 3.8688166, 30.137568, 86.03311, -3.8404737
1477622631815, 0.29927522, -10.853515, -1.1767502, -33.906, 217.883, 61.747, 0.057726767, 1.38025, -0.19242255, 0.7392005, -1.1651411, -2.6301181, 22.66388, 81.09235, -2.5998793
1477622631918, -1.163582, -12.745533, -0.7188591, -37.016, 213.684, 56.99, -1.349096, -0.7104363, -0.61117065, -0.73070693, -2.9595585, -1.1854488, 28.601372, 86.27879, -2.5327795
1477622632020, -6.871359, -10.990582, 0.3890578, -43.74, 211.26, 57.849, -0.68783426, -0.75716746, -1.0186177, -5.1525035, -1.3463173, -0.06267989, 32.25008, 79.558784, -10.105465
1477622632122, -0.9247604, -9.348759, 0.90979666, -42.982, 212.126, 63.159, 0.35827246, -0.3399465, 0.35185838, 0.28000242, 0.37828064, 1.2317901, 37.811867, 97.30565, -7.0605254
1477622632224, -0.14544775, -5.587468, -1.822586, -41.799, 211.778, 61.914, -0.5742133, 0.39400807, -0.23884831, 1.3602184, 4.006706, -0.46052587, 47.343563, 101.94867, -8.918993
1477622632329, -0.20350714, -18.810045, -5.631162, -42.755, 211.125, 61.581, -0.24617869, 0.40225476, -0.24678956, -0.03361088, -9.198721, -3.691073, 65.606255, 101.45463, -1.0126935
1477622632430, 0.073621705, -8.261791, -2.475006, -43.148, 210.798, 69.792, -2.3872614, -0.14782938, -1.3197744, -0.14994185, 1.3189745, -0.3943007, 60.00183, 102.32133, 1.3367313
1477622632533, 2.6982653, -7.6626425, -7.0066314, -51.928, 203.784, 72.567, -0.820392, 2.6080892, -1.9593502, 1.1514295, 1.5062695, -3.8907397, 101.46701, 110.7769, 9.575879
1477622632634, 4.5100775, -7.773973, -6.3829417, -62.782, 195.426, 73.838, -0.18142697, 0.7440339, -2.7623327, 1.1654987, 0.043582916, -1.4972482, 234.71126, 127.13941, 23.162655
1477622632737, 6.007052, -5.834071, -2.124854, -70.866, 188.385, 76.3, 2.1138992, -1.7027869, -1.2165382, 2.063976, 2.122202, 0.150321, 214.80052, 121.07677, 19.998379
1477622632840, 7.9182234, -7.819463, -0.43993455, -72.026, 184.794, 79.133, 3.1340442, 0.009468411, -0.9114109, 2.529879, 0.06056404, 1.805351, 344.2535, 126.530594, 34.364235
1477622632943, 6.771401, -7.976283, -0.4961983, -76.817, 179.205, 83.54, 2.3469443, -0.91690874, 0.019547688, 0.3666606, -0.5863395, 0.2375918, 15.040352, 131.0999, 83.46413
1477622633045, 8.436568, -7.701548, 0.219668, -74.243, 179.8, 82.623, 0.20463985, 0.10720685, -0.88056225, 1.5382829, -0.75505877, -0.35507426, 27.494322, 45.1004, 85.237305
1477622633147, 6.7330937, -6.8330517, 2.4241292, -77.204, 159.243, 79.151, 0.38148534, -0.1386664, -0.46517387, -0.08149338, 0.110630035, 1.1924331, 31.955566, 45.077168, 79.75474
1477622633252, 10.125677, -6.715736, 0.6087258, -82.875, 156.802, 63.496, 0.3866777, -0.4447099, -0.72265357, 2.4298868, -0.8094363, -0.8268398, 32.1493, 37.033, 79.43354
1477622633356, 7.6764092, -5.7802014, 1.4981717, -82.028, 147.727, 57.023, 0.8921687, 0.19120082, -1.3408492, -0.086232185, -0.10242891, -0.41877663, 32.44832, 35.37825, 76.1286
1477622633462, 11.636418, -3.2040405, 3.265691, -75.843, 149.827, 59.24, 0.86437434, -2.8964176, -1.0479393, 3.2096252, 1.1629338, 0.7980821, 31.130657, 26.44301, 73.67844
1477622633568, 8.199542, -5.056554, 2.5127146, -64.253, 122.937, -12.294, 2.0723603, 5.5335226, -0.6872234, -0.58453083, -1.0783291, 0.72828555, 15.030482, 23.93287, 78.51698
1477622633676, 7.8469963, -3.0532057, 3.8857894, -33.418, 72.058, -62.838, 1.2479976, 1.9089539, -0.052839845, -0.3049097, 0.7758055, 0.0056471825, 331.60413, 22.982533, 64.5465
1477622633783, 5.5683146, -2.0620062, 7.3549876, -33.81, 62.017, -66.03, 0.59498274, 0.7153232, -0.42394048, -1.4230266, 0.9271982, 1.1617503, 330.3236, 17.746975, 48.46407
1477622633885, 4.5286326, -1.5275006, 7.8493905, -24.978, 56.655, -70.227, 0.055588737, 2.3237314, -0.19792034, -1.3311415, 0.6090629, 0.28179216, 335.22855, 12.58389, 37.751484
1477622634000, 1.5436616, -2.6916811, -0.56443304, -10.968, 50.517, -75.689, -0.31490102, 1.9504927, 0.005192355, -2.511932, -0.94276106, -9.320222, 333.60947, 10.273096, 24.8531
1477622634102, 3.1735144, -2.2104468, 9.433155, -12.435, 51.142, -77.001, 0.5198463, -1.0366384, -0.16187929, -0.026126623, -0.42955208, 0.33584213, 340.18365, 10.463012, 19.377424