time(ms),time (ds),time_raw,x_accel,y_accel,z_accel,g_measured
0,0,5329.975217,-0.15239,-1.008377,0.009232,1.019869
29.54,2.954,5330.004757,-0.134415,-0.975433,0.002151,0.984653
59.083,5.9083,5330.0343,-0.129318,-0.980377,0.008835,0.988909
88.622,8.8622,5330.063839,-0.148544,-0.980011,0.023361,0.99148
118.162,11.8162,5330.093379,-0.12587,-0.979126,-0.000183,0.987183
147.701,14.7701,5330.122918,-0.125549,-0.977875,-0.008987,0.985942
177.244,17.7244,5330.152461,-0.142319,-0.974884,0.0065,0.985239
206.782,20.6782,5330.181999,-0.130234,-0.983582,0.008453,0.992202
236.322,23.6322,5330.211539,-0.122955,-0.98761,0.017319,0.995385
265.861,26.5861,5330.241078,-0.123077,-0.984283,0.025131,0.992267
295.4,29.54,5330.270617,-0.125076,-0.980164,0.008789,0.988151
324.938,32.4938,5330.300155,-0.124237,-0.977829,-0.002045,0.985692
354.476,35.4476,5330.329693,-0.118317,-0.972885,-0.017639,0.980212
384.014,38.4014,5330.359231,-0.124161,-0.98616,0.020691,0.994161
413.551,41.3551,5330.388768,-0.184006,-0.97142,0.026535,0.98905
443.09,44.309,5330.418307,-0.098297,-0.985031,-0.016663,0.990064
472.631,47.2631,5330.447848,-0.122314,-0.981949,-0.000931,0.989538
502.174,50.2174,5330.477391,-0.123032,-0.97374,-0.008774,0.981521
531.717,53.1717,5330.506934,-0.124634,-0.975006,-0.00975,0.982988
561.256,56.1256,5330.536473,-0.142929,-0.975677,-0.006699,0.986114
590.797,59.0797,5330.566014,-0.13472,-0.981201,-0.00592,0.990424
620.337,62.0337,5330.595554,-0.173874,-0.984909,-0.010376,1.000193
649.875,64.9875,5330.625092,-0.187042,-0.957458,-0.029922,0.976016
679.415,67.9415,5330.654632,-0.165741,-0.969666,-0.051956,0.985099
708.952,70.8952,5330.684169,-0.212753,-0.956482,-0.027252,0.980237
738.491,73.8491,5330.713708,-0.17453,-0.97496,-0.02388,0.990746
768.03,76.803,5330.743247,-0.13649,-0.988586,-0.022095,0.998209
797.568,79.7568,5330.772785,-0.120453,-0.991379,0.008881,0.998709
827.108,82.7108,5330.802325,-0.070969,-0.998093,0.022339,1.000862
856.648,85.6648,5330.831865,-0.043213,-0.990448,0.02037,0.991599
886.192,88.6192,5330.861409,-0.086014,-0.987,0.041916,0.991627
915.733,91.5733,5330.89095,-0.099396,-1.003586,0.0466,1.009572
945.273,94.5273,5330.92049,-0.095718,-1.005447,0.017761,1.010149
974.815,97.4815,5330.950032,-0.075089,-0.990448,0.012909,0.993374
1004.357,100.4357,5330.979574,-0.120346,-0.992325,0.004761,0.999607
1033.902,103.3902,5331.009119,-0.118011,-0.981888,0.020264,0.989162
1063.441,106.3441,5331.038658,-0.180161,-0.973145,-0.019608,0.989875
1092.983,109.2983,5331.0682,-0.198456,-0.992905,-0.001282,1.012544
1122.517,112.2517,5331.097734,-0.205032,-0.956619,-0.050903,0.979668
1152.064,115.2064,5331.127281,-0.163727,-0.9608,-0.029968,0.975111
1181.605,118.1605,5331.156822,-0.192566,-0.959763,-0.033707,0.97947
1211.145,121.1145,5331.186362,-0.174942,-0.960693,-0.055664,0.978077
1240.685,124.0685,5331.215902,-0.159592,-0.981415,-0.054825,0.995816
1270.227,127.0227,5331.245444,-0.124847,-0.989777,-0.029572,0.998058
1299.76,129.976,5331.274977,-0.160477,-0.960968,0.018204,0.974445
1329.304,132.9304,5331.304521,-0.121323,-0.989548,0.004333,0.996967
1358.844,135.8844,5331.334061,-0.109222,-0.978653,0.014542,0.984836
1388.382,138.8382,5331.363599,-0.126556,-0.946426,-0.006775,0.954875
1417.92,141.792,5331.393137,-0.080032,-0.955383,-0.036865,0.959438
1447.427,144.7427,5331.422644,-0.103867,-1.022293,-0.001678,1.027557
1476.961,147.6961,5331.452178,-0.125183,-0.960052,-0.002258,0.968182
1506.507,150.6507,5331.481724,-0.214539,-0.949341,-0.01149,0.973348
1536.045,153.6045,5331.511262,-0.061188,-0.971481,-0.141953,0.983702
1565.586,156.5586,5331.540803,-0.109116,-0.977081,-0.102051,0.988437
1595.126,159.5126,5331.570343,-0.00293,-0.930756,-0.041214,0.931672
1624.666,162.4666,5331.599883,-0.190979,-0.981003,0.085526,1.003072
1654.205,165.4205,5331.629422,-0.112366,-1.02298,0.060028,1.030882
1683.751,168.3751,5331.658968,-0.121475,-1.008072,0.107178,1.021006
1713.291,171.3291,5331.688508,-0.276123,-0.964325,0.02066,1.003291
1742.831,174.2831,5331.718048,-0.310928,-0.980682,-0.002304,1.028795
1772.374,177.2374,5331.747591,-0.259033,-0.947571,0.002075,0.982341
1801.915,180.1915,5331.777132,-0.3004,-0.951965,-0.04744,0.999364
1831.427,183.1427,5331.806644,-0.298615,-0.935745,0.005798,0.982254
1860.993,186.0993,5331.83621,-0.270645,-0.970947,0.037476,1.008658
1890.533,189.0533,5331.86575,-0.153656,-0.99498,0.007324,1.006801
1920.072,192.0072,5331.895289,-0.194672,-0.959579,0.082932,0.982633
1949.61,194.961,5331.924827,-0.13623,-0.969635,0.059525,0.980966
1979.149,197.9149,5331.954366,-0.138947,-0.987976,0.032944,0.998243
2008.691,200.8691,5331.983908,-0.234573,-0.976608,0.071869,1.006953
2038.233,203.8233,5332.01345,-0.199478,-0.932129,0.06282,0.955302
2067.774,206.7774,5332.042991,-0.233734,-0.986542,0.096069,1.018394
2097.317,209.7317,5332.072534,-0.152008,-0.978043,0.057907,0.991477
2126.857,212.6857,5332.102074,-0.112778,-0.966415,0.082947,0.976503
2156.398,215.6398,5332.131615,-0.223999,-0.974167,0.117279,1.006445
2185.94,218.594,5332.161157,-0.175934,-0.9897,0.107605,1.010959
2215.483,221.5483,5332.1907,-0.148453,-0.897186,0.010208,0.909442
2245.026,224.5026,5332.220243,-0.227402,-0.962143,0.065765,0.990836
2274.567,227.4567,5332.249784,-0.170517,-0.991318,0.05481,1.007368
2304.107,230.4107,5332.279324,-0.126358,-0.965332,0.042953,0.974514
2333.65,233.365,5332.308867,-0.168152,-0.969864,0.072769,0.987019
2363.191,236.3191,5332.338408,-0.096298,-1.023743,0.054459,1.029703
2392.729,239.2729,5332.367946,-0.217117,-0.92569,0.059631,0.952679
2422.269,242.2269,5332.397486,-0.133148,-0.991501,0.112274,1.006682
2451.809,245.1809,5332.427026,-0.08905,-0.970932,0.104813,0.980625
2481.348,248.1348,5332.456565,-0.124573,-0.998184,0.105057,1.011399
2510.888,251.0888,5332.486105,-0.111954,-0.994736,0.095062,1.00552
2540.428,254.0428,5332.515645,-0.210999,-0.943787,0.073654,0.969886
2569.97,256.997,5332.545187,-0.109344,-0.977646,0.075043,0.9866
2599.51,259.951,5332.574727,-0.233231,-0.970306,0.106049,1.003562
2629.049,262.9049,5332.604266,-0.201645,-0.967499,0.1129,0.994716
2658.591,265.8591,5332.633808,-0.091507,-0.987823,0.146423,1.0028
2688.129,268.8129,5332.663346,-0.086441,-0.983795,0.218857,1.011545
2717.671,271.7671,5332.692888,-0.004044,-1.020172,0.173264,1.034789
2747.209,274.7209,5332.722426,-0.06308,-0.975327,0.127487,0.985644
2776.749,277.6749,5332.751966,-0.077408,-0.987869,0.068466,0.99326
2806.29,280.629,5332.781507,-0.067047,-0.995819,0.079208,1.001212
2835.831,283.5831,5332.811048,-0.17276,-0.947601,0.111298,0.96963
2865.37,286.537,5332.840587,-0.129013,-0.950562,0.105042,0.965011
2894.91,289.491,5332.870127,-0.131531,-0.964584,0.11174,0.979903
2924.45,292.445,5332.899667,-0.148666,-0.959595,0.123138,0.978819
2953.99,295.399,5332.929207,-0.138733,-0.971527,0.128311,0.989735
2983.534,298.3534,5332.958751,-0.095779,-0.972382,0.134094,0.986246
3013.074,301.3074,5332.988291,-0.031418,-0.996872,0.159805,1.010088
3042.615,304.2615,5333.017832,-0.120224,-0.997269,0.152374,1.015981
3072.155,307.2155,5333.047372,-0.153091,-0.950012,0.088989,0.966374
3101.697,310.1697,5333.076914,-0.175781,-0.951218,0.107681,0.973298
3131.241,313.1241,5333.106458,-0.155716,-0.977112,0.138718,0.999118
3160.785,316.0785,5333.136002,-0.053909,-0.972809,0.13356,0.983413
3190.33,319.033,5333.165547,-0.095871,-0.99617,0.184479,1.017634
3219.875,321.9875,5333.195092,-0.125565,-0.999161,0.143372,1.017175
3249.418,324.9418,5333.224635,-0.101028,-0.958527,0.088959,0.967933
3278.96,327.896,5333.254177,-0.160583,-0.954453,0.102859,0.973317
3308.502,330.8502,5333.283719,-0.169693,-0.966736,0.11351,0.988058
3338.048,333.8048,5333.313265,-0.140671,-0.962753,0.087738,0.976924
3367.591,336.7591,5333.342808,-0.123978,-0.999268,0.107239,1.012623
3397.134,339.7134,5333.372351,-0.125778,-0.979691,0.143295,0.998072
3426.678,342.6678,5333.401895,-0.183868,-0.977463,0.179886,1.010742
3456.221,345.6221,5333.431438,-0.07933,-0.998886,0.104568,1.007473
3485.763,348.5763,5333.46098,-0.123306,-0.999115,0.133301,1.015482
3515.309,351.5309,5333.490526,-0.118225,-0.980347,0.062164,0.989404
3544.852,354.4852,5333.520069,0.006149,-1.018021,0.061462,1.019893
3574.39,357.439,5333.549607,-0.03035,-0.970337,0.090775,0.975046
3603.936,360.3936,5333.579153,-0.133957,-0.982162,0.124649,0.999062
3633.479,363.3479,5333.608696,-0.047531,-1.004517,0.03363,1.006203
3663.02,366.302,5333.638237,0.169754,-1.021179,-0.043732,1.036116
3692.56,369.256,5333.667777,0.16568,-1.057953,-0.095108,1.075063
3722.101,372.2101,5333.697318,-0.123383,-1.080582,0.098389,1.092044
3751.639,375.1639,5333.726856,-0.262451,-0.968063,0.202271,1.023201
3781.187,378.1187,5333.756404,-0.060028,-1.176514,-0.296387,1.214756
3810.728,381.0728,5333.785945,0.260254,-1.030746,-0.015335,1.063205
3840.273,384.0273,5333.81549,0.260178,-0.867737,0.321457,0.961246
3869.815,386.9815,5333.845032,0.207779,-0.861176,0.302551,0.936126
3899.356,389.9356,5333.874573,0.016159,-0.803299,0.378891,0.888318
3928.895,392.8895,5333.904112,0.514221,-0.994293,0.356812,1.174886
3958.44,395.844,5333.933657,0.479355,-1.213928,0.579422,1.427982
3987.985,398.7985,5333.963202,0.270676,-1.150116,0.677429,1.361963
4017.528,401.7528,5333.992745,0.133774,-0.876205,0.567261,1.052338
4047.07,404.707,5334.022287,0.157547,-0.669785,0.494858,0.847536
4076.611,407.6611,5334.051828,0.225128,-0.658447,0.360077,0.783512
4106.151,410.6151,5334.081368,0.460587,-0.605911,0.321198,0.826097
4135.696,413.5696,5334.110913,0.348083,-0.558716,0.295776,0.721671
4165.239,416.5239,5334.140456,0.200378,-0.598648,0.322601,0.708945
4194.782,419.4782,5334.169999,0.104889,-0.846451,0.3526,0.922934
4224.297,422.4297,5334.199514,0.341064,-0.761703,0.701721,1.090381
4253.872,425.3872,5334.229089,0.145874,-1.008453,0.517349,1.142763
4283.415,428.3415,5334.258632,0.104431,-1.134415,0.335571,1.187607
4312.954,431.2954,5334.288171,0.115677,-1.124054,0.133118,1.137804
4342.494,434.2494,5334.317711,0.090576,-1.044479,0.003128,1.048404
4372.035,437.2035,5334.347252,0.207932,-1.072037,0.059494,1.093635
4401.577,440.1577,5334.376794,0.142166,-1.105316,0.067261,1.116449
4431.118,443.1118,5334.406335,-0.000961,-1.173203,0.168396,1.185227
4460.661,446.0661,5334.435878,-0.04541,-1.1465,0.240112,1.172253
4490.201,449.0201,5334.465418,-0.012299,-1.102127,0.272919,1.135482
4519.744,451.9744,5334.494961,-0.023941,-0.997452,0.256409,1.03016
4549.286,454.9286,5334.524503,-0.001892,-0.955566,0.189178,0.974115
4578.83,457.883,5334.554047,-0.01062,-0.980652,0.17804,0.996739
4608.372,460.8372,5334.583589,-0.076172,-0.963318,0.128052,0.974772
4637.91,463.791,5334.613127,-0.123199,-0.963272,0.126709,0.97935
4667.45,466.745,5334.642667,-0.060608,-0.96524,0.137253,0.976832
4696.992,469.6992,5334.672209,-0.071609,-0.995331,0.19191,1.016189
4726.533,472.6533,5334.70175,-0.105255,-0.95546,0.146179,0.972291
4756.072,475.6072,5334.731289,-0.084015,-0.954544,0.095779,0.963009
4785.613,478.5613,5334.76083,-0.069412,-0.994003,0.143173,1.006657
4815.151,481.5151,5334.790368,-0.10173,-0.996231,0.081375,1.004713
4844.69,484.469,5334.819907,-0.210312,-0.95134,0.070877,0.976884
4874.229,487.4229,5334.849446,-0.358093,-0.932571,0.036438,0.999624
4903.769,490.3769,5334.878986,-0.250061,-0.972427,0.039536,1.004843
4933.309,493.3309,5334.908526,-0.122131,-0.966034,0.042572,0.974654
4962.851,496.2851,5334.938068,-0.309235,-1.009583,0.142258,1.06542
4992.393,499.2393,5334.96761,-0.367889,-0.812927,0.314636,0.946144
5021.938,502.1938,5334.997155,-0.169785,-0.950211,-0.20105,0.985976
5051.48,505.148,5335.026697,0.852234,-1.048355,-0.086334,1.353811
5081.022,508.1022,5335.056239,-0.224396,-0.819809,0.111679,0.85727
5110.565,511.0565,5335.085782,-1.211685,-2.153549,0.22081,2.480869
5140.1,514.01,5335.115317,0.195908,-1.399155,-0.077896,1.414949
5169.647,516.9647,5335.144864,0.371674,-0.473297,0.423218,0.735707
5199.188,519.9188,5335.174405,0.476913,-0.63884,0.565445,0.97739
5228.733,522.8733,5335.20395,0.249405,-1.042938,0.469971,1.17081
5258.277,525.8277,5335.233494,0.339905,-1.275604,0.411942,1.382895
5287.819,528.7819,5335.263036,0.460724,-1.356598,0.518555,1.523655
5317.356,531.7356,5335.292573,0.350021,-1.077835,0.525497,1.249156
5346.902,534.6902,5335.322119,0.233109,-0.637589,0.46109,0.820648
5376.445,537.6445,5335.351662,0.207428,-0.582153,0.517639,0.806151
5405.988,540.5988,5335.381205,0.225067,-0.575058,0.353912,0.711759
5435.529,543.5529,5335.410746,0.36969,-0.554977,0.32872,0.743456
5465.069,546.5069,5335.440286,0.39061,-0.475128,0.317307,0.692103
5494.59,549.459,5335.469807,0.173981,-0.526596,0.243515,0.6057
5524.147,552.4147,5335.499364,0.100601,-0.821594,0.316498,0.886176
5553.687,555.3687,5335.528904,0.235352,-0.792282,0.863052,1.194973
5583.226,558.3226,5335.558443,-0.357788,-1.085342,0.766953,1.376298
5612.764,561.2764,5335.587981,0.008087,-1.31427,0.152115,1.323068
5642.301,564.2301,5335.617518,0.260223,-1.464218,-0.341476,1.525863
5671.825,567.1825,5335.647042,0.173752,-1.632309,-0.088928,1.643937
5701.377,570.1377,5335.676594,-0.121918,-1.469147,0.152435,1.482057
5730.916,573.0916,5335.706133,-0.108582,-1.097519,0.138275,1.111511
5760.457,576.0457,5335.735674,-0.000504,-0.969666,0.127762,0.978046
5790,579,5335.765217,-0.046432,-0.985123,0.235001,1.013828
5819.542,581.9542,5335.794759,-0.114182,-0.932083,0.211548,0.962584
5849.083,584.9083,5335.8243,-0.028427,-0.911789,0.16954,0.927853
5878.627,587.8627,5335.853844,-0.061157,-0.949341,0.187134,0.96954
5908.169,590.8169,5335.883386,-0.076492,-0.937363,0.222687,0.966483
5937.706,593.7706,5335.912923,-0.111816,-0.953323,0.265167,0.995812
5967.247,596.7247,5335.942464,-0.044876,-0.973618,0.255234,1.007516
5996.786,599.6786,5335.972003,0.068176,-1.019714,0.263748,1.055475
6026.331,602.6331,5336.001548,0.045151,-1.072952,0.39119,1.142932
6055.871,605.5871,5336.031088,0.24968,-1.027451,0.408585,1.13355
6085.416,608.5416,5336.060633,0.371872,-0.98291,0.5466,1.184556
6114.961,611.4961,5336.090178,0.241592,-0.9617,0.388565,1.064996
6144.506,614.4506,5336.119723,0.159088,-0.969818,0.364975,1.048362
6174.052,617.4052,5336.149269,-0.126572,-0.914856,0.133041,0.933103
6203.594,620.3594,5336.178811,-0.383698,-0.902023,0.043655,0.981211
6233.139,623.3139,5336.208356,-0.418213,-0.897415,0.018524,0.990252
6262.683,626.2683,5336.2379,-0.33284,-0.797821,0.13269,0.87459
6292.228,629.2228,5336.267445,-0.055298,-1.132431,0.185013,1.148777
6321.771,632.1771,5336.296988,0.268753,-0.940994,-0.26358,1.013495
6351.315,635.1315,5336.326532,-0.256622,-1.29718,0.406372,1.383355
6380.856,638.0856,5336.356073,-0.347946,-1.610611,-0.529785,1.73084
6410.399,641.0399,5336.385616,0.177811,-0.802139,0.443634,0.933732
6439.882,643.9882,5336.415099,0.084137,-0.775513,0.34436,0.852692
6469.423,646.9423,5336.44464,0.092834,-0.760345,0.199188,0.791467
6498.969,649.8969,5336.474186,0.047791,-0.814636,0.085739,0.820529
6528.515,652.8515,5336.503732,-0.050217,-0.826889,0.033615,0.829094
6558.058,655.8058,5336.533275,-0.131012,-0.866943,-0.023834,0.877111
6587.601,658.7601,5336.562818,-0.188263,-0.887619,-0.078522,0.910756
6617.147,661.7147,5336.592364,-0.205505,-0.918579,-0.103241,0.946931
6646.694,664.6694,5336.621911,-0.231445,-0.99762,-0.157593,1.03617
6676.237,667.6237,5336.651454,-0.208557,-0.946533,-0.185867,0.986898
6705.783,670.5783,5336.681,-0.266846,-0.972168,-0.211929,1.030161
6735.318,673.5318,5336.710535,-0.258423,-1.006073,-0.195328,1.056938
6764.877,676.4877,5336.740094,-0.262787,-1.008759,-0.151764,1.053415
6794.422,679.4422,5336.769639,-0.279556,-1.044662,-0.110489,1.087051
6823.968,682.3968,5336.799185,-0.33606,-1.003693,-0.145355,1.068393
6853.512,685.3512,5336.828729,-0.461716,-0.963745,-0.221649,1.091382
6883.054,688.3054,5336.858271,-0.745804,-0.962799,-0.276672,1.248901
6912.609,691.2609,5336.887826,-0.75795,-1.05925,-0.31456,1.339943
6942.154,694.2154,5336.917371,-0.390671,-1.041702,-0.268982,1.144604
6971.701,697.1701,5336.946918,-0.17897,-0.984558,-0.198792,1.020247
7001.247,700.1247,5336.976464,-0.332016,-0.864517,-0.055603,0.927748
7030.788,703.0788,5337.006005,-0.431,-0.824615,0.024796,0.930788
7060.324,706.0324,5337.035541,-0.353683,-0.870895,0.074661,0.942934
7089.871,708.9871,5337.065088,0.015472,-0.890289,0.124359,0.899066
7119.414,711.9414,5337.094631,0.009979,-0.852341,0.22699,0.882105
7148.958,714.8958,5337.124175,-0.382324,-0.765701,0.52121,1.002063
7178.499,717.8499,5337.153716,-0.117691,-0.944305,0.424637,1.042056
7208.041,720.8041,5337.183258,0.299332,-1.131454,0.073196,1.172666
7237.578,723.7578,5337.212795,-0.017227,-1.166199,0.300613,1.204444
7267.124,726.7124,5337.242341,0.076187,-1.052841,0.225845,1.079484
7296.668,729.6668,5337.271885,0.210266,-1.025482,0.069473,1.04912
7326.211,732.6211,5337.301428,-0.02623,-0.974075,0.250229,1.006044
7355.754,735.5754,5337.330971,-0.067169,-1.005661,0.223175,1.032314
7385.298,738.5298,5337.360515,-0.285767,-0.953445,0.356171,1.057156
7414.821,741.4821,5337.390038,-0.193985,-1.033554,0.415955,1.130877
7444.383,744.4383,5337.4196,0.054367,-0.999283,0.262146,1.034525
7473.926,747.3926,5337.449143,0.219681,-0.936218,0.25293,0.994353
7503.468,750.3468,5337.478685,0.131409,-0.93187,0.243607,0.972108
7533.008,753.3008,5337.508225,-0.05751,-0.965363,0.33725,1.024192
7562.551,756.2551,5337.537768,-0.166443,-0.860443,0.402832,0.964541
7592.088,759.2088,5337.567305,-0.017334,-0.99501,0.347946,1.054236
7621.64,762.164,5337.596857,0.064636,-0.934906,0.293701,0.982083
7651.184,765.1184,5337.626401,-0.012924,-0.957901,0.312943,1.007807
7680.727,768.0727,5337.655944,0.065186,-0.98735,0.260895,1.023316
7710.27,771.027,5337.685487,0.144608,-0.981003,0.223679,1.016519
7739.81,773.981,5337.715027,0.001083,-0.983429,0.245392,1.013583
7769.351,776.9351,5337.744568,0.017838,-0.960327,0.238205,0.98959
7798.895,779.8895,5337.774112,0.112778,-0.949387,0.231552,0.983702
7828.434,782.8434,5337.803651,0.03688,-0.990448,0.28392,1.030999
7857.973,785.7973,5337.83319,0.008179,-0.977982,0.205902,0.999455
7887.513,788.7513,5337.86273,-0.023743,-0.9384,0.22554,0.965416
7917.053,791.7053,5337.89227,0.006683,-0.99118,0.179169,1.007266
7946.594,794.6594,5337.921811,0.006119,-0.981369,0.173431,0.996595
7976.136,797.6136,5337.951353,-0.144302,-0.946136,0.152222,0.969107
8005.679,800.5679,5337.980896,-0.147934,-0.944595,0.156631,0.968854
8035.223,803.5223,5338.01044,0.049942,-1.024979,0.087143,1.029888
8064.765,806.4765,5338.039982,0.024048,-1.008896,0.152878,1.020696
8094.305,809.4305,5338.069522,-0.156448,-0.970932,0.14473,0.994048
8123.845,812.3845,5338.099062,-0.360733,-0.924942,0.27771,1.030907
8153.386,815.3386,5338.128603,-0.131912,-0.927078,0.199402,0.957411
8182.924,818.2924,5338.158141,0.251343,-0.851166,0.095703,0.892645
8212.465,821.2465,5338.187682,-0.554047,-0.821625,-0.072113,0.993597
8242.004,824.2004,5338.217221,-0.095215,-1.756699,-0.59346,1.856677
8271.542,827.1542,5338.246759,-0.256531,-1.833099,0.242294,1.866753
8301.078,830.1078,5338.276295,0.268356,-1.443405,0.525269,1.559276
8330.614,833.0614,5338.305831,0.15509,-1.463974,0.392731,1.52365
8360.154,836.0154,5338.335371,0.236343,-1.345413,0.450378,1.438345
8389.693,838.9693,5338.36491,0.227036,-1.155457,0.357544,1.230635
8419.232,841.9232,5338.394449,0.24025,-1.097351,0.245316,1.149817
8448.771,844.8771,5338.423988,0.253983,-0.753372,0.207977,0.821785
8478.311,847.8311,5338.453528,0.107849,-0.621826,0.118912,0.642214
8507.854,850.7854,5338.483071,0.077164,-0.423813,0.130417,0.450089
8537.397,853.7397,5338.512614,0.055771,-0.336319,0.125916,0.363422
8566.94,856.694,5338.542157,0.208023,-0.306015,0.22963,0.435487
8596.483,859.6483,5338.5717,0.476303,-0.423813,0.392792,0.748844
8626.025,862.6025,5338.601242,0.424057,-0.53244,0.736298,1.002722
8655.567,865.5567,5338.630784,0.243423,-0.369965,1.08873,1.175356
8685.109,868.5109,5338.660326,0.542908,-0.826935,0.621048,1.16802
8714.647,871.4647,5338.689864,0.787231,-0.617432,0.546036,1.139785
8744.188,874.4188,5338.719405,0.402405,-0.864441,0.505157,1.079061
8773.725,877.3725,5338.748942,0.487854,-1.053131,0.503723,1.265237
8803.265,880.3265,5338.778482,0.412476,-0.990677,0.338623,1.125274
8832.809,883.2809,5338.808026,0.298218,-0.906693,0.455902,1.057767
8862.351,886.2351,5338.837568,0.522461,-0.953079,0.413025,1.162719
8891.891,889.1891,5338.867108,0.25145,-0.948456,0.255508,1.013943
8921.437,892.1437,5338.896654,0.220718,-0.862106,0.267014,0.929107
8950.976,895.0976,5338.926193,0.19606,-0.945602,0.314011,1.015483
8980.518,898.0518,5338.955735,0.051941,-0.962677,0.288956,1.006449
9010.059,901.0059,5338.985276,0.090271,-0.837891,0.361008,0.916808
9039.598,903.9598,5339.014815,0.089813,-0.950729,0.313797,1.005197
9069.139,906.9139,5339.044356,-0.01944,-0.950684,0.296371,0.995999
9098.68,909.868,5339.073897,0.08194,-0.950378,0.252487,0.986754
9128.222,912.8222,5339.103439,0.043869,-0.901245,0.290115,0.947805
9157.757,915.7757,5339.132974,-0.011154,-0.969162,0.194275,0.988505
9187.301,918.7301,5339.162518,0.02121,-0.953796,0.251663,0.986667
9216.84,921.684,5339.192057,0.021164,-0.943985,0.262634,0.980068
9246.378,924.6378,5339.221595,0.039703,-0.919434,0.324265,0.975747
9275.914,927.5914,5339.251131,0.006256,-0.958145,0.331955,1.014039
9305.451,930.5451,5339.280668,0.028702,-0.900528,0.243408,0.933286
9334.972,933.4972,5339.310189,-0.065201,-0.928207,0.194824,0.950672
9364.528,936.4528,5339.339745,-0.009735,-0.980469,0.22551,1.006115
9394.067,939.4067,5339.369284,0.02774,-0.938477,0.244919,0.970306
9423.608,942.3608,5339.398825,0.00885,-0.912155,0.312012,0.964083
9453.149,945.3149,5339.428366,-0.015656,-0.858429,0.239792,0.891429
9482.69,948.269,5339.457907,-0.027817,-0.881912,0.262924,0.920691
9512.224,951.2224,5339.487441,0.085205,-0.892868,0.263214,0.934749
9541.768,954.1768,5339.516985,0.205612,-0.88266,0.27655,0.947547
9571.309,957.1309,5339.546526,0.450897,-0.932861,0.215866,1.058365
9600.848,960.0848,5339.576065,0.315872,-0.964462,0.509308,1.135499
9630.39,963.039,5339.605607,-0.283508,-1.218704,0.783005,1.476047
9659.933,965.9933,5339.63515,0.201797,-0.406494,0.94603,1.049253
9689.472,968.9472,5339.664689,0.750214,-0.701553,1.118698,1.518711
9719.012,971.9012,5339.694229,0.510269,-2.915558,0.275269,2.972646
9748.551,974.8551,5339.723768,0.062988,-1.731796,0.183334,1.742612
9778.091,977.8091,5339.753308,-0.933395,-0.62001,0.282318,1.155571
9807.628,980.7628,5339.782845,1.80719,-1.886612,-0.608795,2.682512
9837.166,983.7166,5339.812383,0.096603,-0.468063,-0.168243,0.506677
9866.703,986.6703,5339.84192,-0.134552,-0.473694,-0.013077,0.492606
9896.243,989.6243,5339.87146,-0.1073,-0.515182,0.016541,0.526498
9925.784,992.5784,5339.901001,-0.099564,-0.470963,0.011398,0.481507
9955.325,995.5325,5339.930542,-0.082092,-0.612198,-0.005722,0.617704
9984.867,998.4867,5339.960084,-0.08519,-0.684341,0.024567,0.690061
10014.408,1001.4408,5339.989625,-0.096237,-0.671356,0.055145,0.680457
10043.949,1004.3949,5340.019166,-0.02652,-0.75856,0.05571,0.761065
10073.486,1007.3486,5340.048703,0.111038,-0.810394,0.081818,0.822048
10103.023,1010.3023,5340.07824,0.212555,-0.792038,0.100616,0.826213
10132.563,1013.2563,5340.10778,0.226425,-0.79747,0.14949,0.842362
10162.104,1016.2104,5340.137321,0.14151,-0.947388,0.200928,0.978744
10191.641,1019.1641,5340.166858,0.138992,-0.999222,0.238602,1.036674
10221.181,1022.1181,5340.196398,0.121658,-1.005447,0.222992,1.037039
10250.72,1025.072,5340.225937,0.114441,-1.04158,0.251968,1.077717
10280.259,1028.0259,5340.255476,0.145538,-0.976196,0.233627,1.014259
10309.798,1030.9798,5340.285015,0.19635,-0.926697,0.21785,0.971997
10339.34,1033.934,5340.314557,0.213181,-0.914581,0.216248,0.963674
10368.883,1036.8883,5340.3441,0.175034,-0.863541,0.172775,0.897881
10398.425,1039.8425,5340.373642,0.179001,-0.852905,0.155426,0.885238
10427.967,1042.7967,5340.403184,0.189941,-0.87941,0.179062,0.917334
10457.509,1045.7509,5340.432726,0.231918,-0.897064,0.241638,0.957549
10487.046,1048.7046,5340.462263,0.237961,-0.906921,0.330582,0.994191
10516.584,1051.6584,5340.491801,0.23819,-0.90593,0.43251,1.03175
10546.126,1054.6126,5340.521343,0.546967,-0.938553,0.430267,1.168411
10575.667,1057.5667,5340.550884,0.491898,-0.871887,0.460739,1.102012
10605.206,1060.5206,5340.580423,0.187637,-0.933762,0.410995,1.037321
10634.745,1063.4745,5340.609962,0.15419,-0.902954,0.275574,0.956578
10664.288,1066.4288,5340.639505,0.015808,-0.984665,0.095764,0.989437
10693.832,1069.3832,5340.669049,0.060349,-1.036697,0.101486,1.0434
10723.374,1072.3374,5340.698591,0.039536,-1.00708,0.076508,1.010756
10752.917,1075.2917,5340.728134,-0.01001,-0.991669,0.039581,0.992509
10782.455,1078.2455,5340.757672,-0.042542,-1.0009,0.01358,1.001896
10811.994,1081.1994,5340.787211,-0.022964,-1.008896,0.00444,1.009167
10841.532,1084.1532,5340.816749,-0.014664,-1.019455,0.018585,1.01973
10871.074,1087.1074,5340.846291,-0.039352,-1.0271,0.027817,1.02823
10900.617,1090.0617,5340.875834,-0.023102,-0.989136,0.037399,0.990112
10930.158,1093.0158,5340.905375,-0.010452,-0.99646,0.049255,0.997731
10959.698,1095.9698,5340.934915,-0.025375,-0.996582,0.049454,0.998131
10989.239,1098.9239,5340.964456,-0.037216,-0.981766,0.03685,0.983162
11018.784,1101.8784,5340.994001,-0.066818,-0.979004,0.03685,0.981973
11048.328,1104.8328,5341.023545,-0.083267,-0.972488,0.036407,0.976725
11077.866,1107.7866,5341.053083,-0.055237,-0.982147,0.03392,0.984284
11107.412,1110.7412,5341.082629,-0.051971,-0.982773,0.049805,0.985405
11136.953,1113.6953,5341.11217,-0.064026,-0.986954,0.049835,0.990283
11166.492,1116.6492,5341.141709,-0.080399,-0.972382,0.033142,0.976262
11196.035,1119.6035,5341.171252,-0.077454,-1.010193,0.033249,1.013703
11225.58,1122.558,5341.200797,-0.107803,-0.989716,0.028931,0.99599
11255.116,1125.5116,5341.230333,-0.089432,-0.972763,0.06192,0.978826
11284.661,1128.4661,5341.259878,-0.016403,-0.984985,0.072021,0.987751
11314.199,1131.4199,5341.289416,-0.006271,-0.99527,0.098969,1.000198
11343.738,1134.3738,5341.318955,-0.046738,-0.975388,0.100586,0.981673
11373.279,1137.3279,5341.348496,-0.070145,-0.978088,0.083008,0.984107
11402.819,1140.2819,5341.378036,-0.00737,-1.011093,0.066162,1.013282
11432.355,1143.2355,5341.407572,-0.009567,-0.956284,0.053619,0.957833
11461.842,1146.1842,5341.437059,-0.063431,-0.970596,0.074371,0.975506
11491.38,1149.138,5341.466597,-0.105774,-1.000931,0.112732,1.012798
11520.923,1152.0923,5341.49614,-0.038834,-0.972656,0.095337,0.978089
11550.462,1155.0462,5341.525679,-0.076935,-0.988266,0.241592,1.020272
11580,1158,5341.555217,0.016006,-0.973999,0.170425,0.988926
11609.536,1160.9536,5341.584753,0.264542,-0.779053,-0.034821,0.823479
11639.079,1163.9079,5341.614296,-0.077026,-1.282227,0.093796,1.287958
11668.613,1166.8613,5341.64383,-0.393845,-1.063278,-0.082535,1.136876
11698.152,1169.8152,5341.673369,0.414474,-0.922318,-1.112839,1.503619
11727.688,1172.7688,5341.702905,1.074585,-1.413239,2.76062,3.282225
11757.226,1175.7226,5341.732443,0.425339,-0.933243,0.651871,1.215233
11786.74,1178.674,5341.761957,0.187347,-0.764557,0.49585,0.93033
11816.304,1181.6304,5341.791521,0.136322,-0.67012,0.342697,0.764909
11845.844,1184.5844,5341.821061,0.131195,-0.494171,0.206253,0.551323
11875.383,1187.5383,5341.8506,-0.071274,-0.360886,0.159363,0.400893
11904.921,1190.4921,5341.880138,0.097351,-0.337219,0.117447,0.370119
11934.459,1193.4459,5341.909676,0.235703,-0.537582,0.120758,0.599277
11963.995,1196.3995,5341.939212,0.355148,-0.555847,0.264969,0.710848
11993.531,1199.3531,5341.968748,0.227173,-0.687088,0.308823,0.786809
12023.069,1202.3069,5341.998286,0.176697,-0.882156,0.417542,0.991848
12052.608,1205.2608,5342.027825,0.095352,-1.073349,0.436386,1.162585
12082.145,1208.2145,5342.057362,0.239136,-1.046738,0.334854,1.12471
12111.683,1211.1683,5342.0869,0.403488,-1.051407,0.281219,1.160751
12141.221,1214.1221,5342.116438,0.37413,-1.059143,0.425278,1.201091
12170.755,1217.0755,5342.145972,0.263214,-0.987839,0.403259,1.098965
12200.293,1220.0293,5342.17551,0.012329,-1.125015,0.223511,1.147069
12229.833,1222.9833,5342.20505,-0.114929,-1.069244,0.136902,1.084082
12259.371,1225.9371,5342.234588,-0.123398,-1.117416,0.070938,1.126445
12288.91,1228.891,5342.264127,-0.060837,-1.277664,0.013885,1.279187
12318.449,1231.8449,5342.293666,0.021835,-1.243149,0.088104,1.246458
12347.988,1234.7988,5342.323205,0.012436,-1.247864,0.1633,1.258565
12377.523,1237.7523,5342.35274,-0.024399,-1.117981,0.18512,1.133466
12407.061,1240.7061,5342.382278,0.017838,-1.063126,0.238647,1.089728
12436.597,1243.6597,5342.411814,-0.062363,-1.035995,0.214401,1.059785
12466.136,1246.6136,5342.441353,-0.093353,-1.002197,0.112183,1.012768
12495.675,1249.5675,5342.470892,-0.132187,-0.985474,0.159775,1.007055
12525.211,1252.5211,5342.500428,-0.117126,-0.969543,0.151169,0.988223
12554.752,1255.4752,5342.529969,0.069382,-0.983246,0.151062,0.997199
12584.289,1258.4289,5342.559506,-0.087799,-0.988998,0.301926,1.037779
12613.831,1261.3831,5342.589048,0.064789,-0.955231,0.221313,0.982671
12643.37,1264.337,5342.618587,0.034195,-0.97287,0.190475,0.99193
12672.908,1267.2908,5342.648125,-0.075806,-0.950363,0.20665,0.975521
12702.448,1270.2448,5342.677665,-0.005905,-0.974258,0.189133,0.992464
12731.985,1273.1985,5342.707202,0.033203,-1.001541,0.188812,1.019724
12761.527,1276.1527,5342.736744,-0.139618,-0.927368,0.194489,0.957774
12791.066,1279.1066,5342.766283,-0.117035,-0.948425,0.212723,0.979009
12820.608,1282.0608,5342.795825,0.039749,-0.978745,0.141174,0.989672
12850.145,1285.0145,5342.825362,0.134583,-1.02594,0.137573,1.043835
12879.684,1287.9684,5342.854901,0.01973,-0.943069,0.255295,0.977213
12909.225,1290.9225,5342.884442,-0.133362,-0.914932,0.257584,0.95981
12938.763,1293.8763,5342.91398,-0.092148,-0.916824,0.294403,0.967332
12968.303,1296.8303,5342.94352,-0.109726,-0.919495,0.21759,0.951239
12997.841,1299.7841,5342.973058,-0.038208,-0.913254,0.276154,0.954858
13027.382,1302.7382,5343.002599,-0.080261,-0.939957,0.192001,0.962717
13056.922,1305.6922,5343.032139,-0.061783,-0.920319,0.283752,0.965049
13086.461,1308.6461,5343.061678,-0.049713,-0.895706,0.353043,0.964054
13116,1311.6,5343.091217,-0.017426,-0.906784,0.360321,0.975906
13145.54,1314.554,5343.120757,0.058914,-0.886398,0.413574,0.979906
13175.08,1317.508,5343.150297,0.092178,-0.906754,0.404022,0.996962
13204.62,1320.462,5343.179837,0.220963,-0.93988,0.458191,1.068709
13234.158,1323.4158,5343.209375,0.273956,-0.893402,0.422348,1.025474
13263.698,1326.3698,5343.238915,0.252823,-0.942703,0.405548,1.056919
13293.237,1329.3237,5343.268454,0.10321,-0.912094,0.524658,1.057277
13322.776,1332.2776,5343.297993,0.265182,-0.871628,0.508865,1.043552
13352.314,1335.2314,5343.327531,0.388412,-0.967239,0.487122,1.150523
13381.854,1338.1854,5343.357071,0.190582,-0.783493,0.564407,0.984245
13411.392,1341.1392,5343.386609,0.082809,-1.032516,0.534653,1.165676
13440.931,1344.0931,5343.416148,0.299179,-1.080643,0.542328,1.245559
13470.473,1347.0473,5343.44569,0.406967,-0.192581,0.290237,0.535675
13500.01,1350.001,5343.475227,0.469101,-0.710632,0.825089,1.185675
13529.544,1352.9544,5343.504761,-0.129623,-0.869751,-0.3638,0.95164
13559.086,1355.9086,5343.534303,0.100052,-7.231018,2.344589,7.602285
13588.624,1358.8624,5343.563841,0.118896,-0.165909,0.248154,0.321313
13618.16,1361.816,5343.593377,0.187531,-0.289948,0.222534,0.410803
13647.699,1364.7699,5343.622916,0.275452,-0.389328,0.360779,0.598006
13677.24,1367.724,5343.652457,0.275879,-0.490814,0.490295,0.74659
13706.777,1370.6777,5343.681994,0.283936,-0.564987,0.559265,0.844161
13736.319,1373.6319,5343.711536,0.303909,-0.620972,0.571182,0.896781
13765.861,1376.5861,5343.741078,0.311768,-0.625427,0.560806,0.896026
13795.402,1379.5402,5343.770619,0.364426,-0.580597,0.462799,0.827092
13824.941,1382.4941,5343.800158,0.309464,-0.560944,0.364227,0.736944
13854.481,1385.4481,5343.829698,0.216858,-0.474777,0.32486,0.614796
13884.018,1388.4018,5343.859235,0.178284,-0.48877,0.286545,0.59396
13913.561,1391.3561,5343.888778,0.177917,-0.514877,0.276337,0.610832
13943.1,1394.31,5343.918317,0.217743,-0.539352,0.26445,0.638942
13972.64,1397.264,5343.947857,0.251114,-0.649826,0.290909,0.754957
14002.18,1400.218,5343.977397,0.296753,-0.769089,0.30983,0.880656
14031.717,1403.1717,5344.006934,0.347351,-0.88266,0.361343,1.015042
14061.252,1406.1252,5344.036469,0.229416,-1.080292,0.482025,1.204994
14090.794,1409.0794,5344.066011,0.065552,-1.273682,0.542862,1.386096
14120.335,1412.0335,5344.095552,0.388474,-1.480774,0.456924,1.597618
14149.876,1414.9876,5344.125093,0.455978,-1.563568,0.382507,1.673013
14179.416,1417.9416,5344.154633,-0.268417,-1.354706,0.333801,1.420809
14208.954,1420.8954,5344.184171,-0.260132,-1.265518,0.004349,1.291984
14238.475,1423.8475,5344.213692,0.159637,-1.158539,-0.17215,1.182088
14268.032,1426.8032,5344.243249,-0.178772,-1.00177,-0.060074,1.019368
14297.544,1429.7544,5344.272761,-0.196381,-1.057343,-0.00824,1.075456
14327.106,1432.7106,5344.302323,-0.138031,-0.990936,0.02742,1.000879
14356.644,1435.6644,5344.331861,-0.110199,-0.981339,0.05658,0.989126
14386.181,1438.6181,5344.361398,-0.056091,-0.971909,0.114853,0.980277
14415.697,1441.5697,5344.390914,-0.042755,-0.997681,0.126083,1.006525
14445.263,1444.5263,5344.42048,0.025009,-0.997513,0.128738,1.006097
14474.803,1447.4803,5344.45002,0.029343,-0.997742,0.156891,1.010428
14504.346,1450.4346,5344.479563,-0.017227,-0.997101,0.14856,1.008254
14533.889,1453.3889,5344.509106,0.001389,-1.008331,0.127335,1.016341
14563.429,1456.3429,5344.538646,-0.031113,-0.998169,0.133347,1.007517
14592.97,1459.297,5344.568187,-0.018143,-1.010071,0.135498,1.01928
14622.511,1462.2511,5344.597728,-0.105209,-0.970703,0.082794,0.979892
14652.05,1465.205,5344.627267,-0.304031,-0.880096,0.110321,0.937644
14681.594,1468.1594,5344.656811,-0.397888,-0.944839,-0.020691,1.02541
14711.136,1471.1136,5344.686353,-0.115524,-1.067398,-0.063995,1.075537
14740.682,1474.0682,5344.715899,0.24057,-0.92041,0.129211,0.960065
14770.225,1477.0225,5344.745442,-0.122437,-1.325943,-0.470657,1.412315
14799.769,1479.9769,5344.774986,-0.039017,-1.410736,-0.197052,1.424966
14829.312,1482.9312,5344.804529,0.300278,-0.681946,0.874451,1.148861
14858.855,1485.8855,5344.834072,0.530136,-0.934143,0.536713,1.20072
14888.398,1488.8398,5344.863615,1.005707,-1.092346,0.637482,1.615874
14917.939,1491.7939,5344.893156,0.660324,-0.870117,0.838272,1.376892
14947.477,1494.7477,5344.922694,0.342606,-0.585556,0.835907,1.076566
14977.016,1497.7016,5344.952233,0.179764,-0.413742,0.659164,0.798746
15006.558,1500.6558,5344.981775,0.333176,-0.477844,0.491135,0.761941
15036.096,1503.6096,5345.011313,0.524292,-0.500473,0.391602,0.823837
15065.64,1506.564,5345.040857,0.439835,-0.504822,0.430359,0.795932
15095.181,1509.5181,5345.070398,0.104996,-0.475342,0.407669,0.634955
15124.722,1512.4722,5345.099939,-0.00293,-0.67244,0.44812,0.808081
15154.262,1515.4262,5345.129479,0.337219,-0.775681,0.914017,1.245321
15183.806,1518.3806,5345.159023,0.116943,-1.006546,0.552994,1.154388
15213.348,1521.3348,5345.188565,0.112976,-1.256714,0.171906,1.273438
15242.887,1524.2887,5345.218104,0.14743,-1.2285,0.025162,1.237571
15272.429,1527.2429,5345.247646,0.181305,-1.20845,-0.082596,1.224764
15301.968,1530.1968,5345.277185,0.199753,-1.258057,0.119278,1.279388
15331.508,1533.1508,5345.306725,-0.015717,-1.259064,0.280518,1.29003
15361.048,1536.1048,5345.336265,-0.105133,-1.143356,0.300858,1.186942
15390.589,1539.0589,5345.365806,-0.004974,-1.027374,0.284317,1.066001
15420.128,1542.0128,5345.395345,-0.030899,-0.972397,0.293259,1.016126
15449.669,1544.9669,5345.424886,-0.0896,-0.950439,0.241776,0.984794
15479.208,1547.9208,5345.454425,-0.096146,-0.944809,0.183701,0.967292
15508.747,1550.8747,5345.483964,-0.085052,-0.934021,0.177704,0.954572
15538.285,1553.8285,5345.513502,-0.073792,-0.963287,0.177155,0.982218
15567.824,1556.7824,5345.543041,-0.112091,-0.962799,0.168152,0.983779
15597.366,1559.7366,5345.572583,-0.106766,-0.95845,0.132538,0.973443
15626.907,1562.6907,5345.602124,-0.061996,-0.978333,0.156204,0.992662
15656.448,1565.6448,5345.631665,-0.083786,-0.968155,0.17688,0.98774
15685.99,1568.599,5345.661207,-0.113266,-0.957413,0.137741,0.973879
15715.535,1571.5535,5345.690752,-0.188232,-0.956604,0.099075,0.979969
15745.077,1574.5077,5345.720294,-0.195953,-0.955444,0.097015,0.980145
15774.62,1577.462,5345.749837,-0.122391,-0.977325,0.050644,0.98626
15804.158,1580.4158,5345.779375,-0.205276,-0.948898,0.045013,0.971891
15833.705,1583.3705,5345.808922,-0.368011,-0.960022,0.102859,1.033274
15863.25,1586.325,5345.838467,-0.160248,-1.01326,0.070877,1.028299
15892.79,1589.279,5345.868007,0.097336,-1.035919,0.052399,1.041801
15922.33,1592.233,5345.897547,-0.170151,-0.860687,0.179138,0.895446
15951.871,1595.1871,5345.927088,-0.884995,-0.930984,0.300385,1.319158
15981.409,1598.1409,5345.956626,-0.139359,-0.901367,0.041931,0.91304
16010.956,1601.0956,5345.986173,0.916763,-1.350433,-0.622849,1.747016
16040.499,1604.0499,5346.015716,-0.046188,-0.893555,1.079391,1.40202
16070.043,1607.0043,5346.04526,-0.792038,-1.974564,-0.46228,2.177138
16099.585,1609.9585,5346.074802,0.366867,-0.485489,0.326736,0.690686
16129.13,1612.913,5346.104347,0.356705,-0.746872,0.386749,0.913581
16158.671,1615.8671,5346.133888,0.143173,-1.058945,0.408386,1.143959
16188.222,1618.8222,5346.163439,0.35907,-1.139633,0.391693,1.257425
16217.768,1621.7768,5346.192985,0.451675,-1.257629,0.516541,1.43264
16247.313,1624.7313,5346.22253,0.28064,-1.200577,0.530258,1.342131
16276.858,1627.6858,5346.252075,0.24971,-0.803802,0.511353,0.984853
16306.4,1630.64,5346.281617,0.198853,-0.717834,0.478973,0.885576
16335.926,1633.5926,5346.311143,0.182388,-0.610001,0.392899,0.748155
16365.486,1636.5486,5346.340703,0.428909,-0.569397,0.369736,0.803045
16395.029,1639.5029,5346.370246,0.356293,-0.462433,0.383942,0.698713
16424.569,1642.4569,5346.399786,0.298508,-0.294586,0.228928,0.477803
16454.052,1645.4052,5346.429269,-0.130539,-0.595093,0.11203,0.619457
16483.596,1648.3596,5346.458813,0.198807,-0.703629,0.792328,1.078147
16513.123,1651.3123,5346.48834,-0.131226,-0.960648,0.768021,1.236899
16542.688,1654.2688,5346.517905,0.173355,-1.379974,0.299744,1.422753
16572.234,1657.2234,5346.547451,0.257721,-1.680969,-0.257538,1.720001
16601.778,1660.1778,5346.576995,0.007156,-1.732956,0.02359,1.733131
16631.324,1663.1324,5346.606541,-0.196381,-1.275269,-0.050385,1.291284
16660.869,1666.0869,5346.636086,-0.234283,-1.003998,0.008209,1.031003
16690.415,1669.0415,5346.665632,-0.173996,-0.979507,0.156021,1.007002
16719.958,1671.9958,5346.695175,-0.093704,-0.924072,0.199921,0.950083
16749.502,1674.9502,5346.724719,0.003769,-0.964127,0.248718,0.995698
16779.044,1677.9044,5346.754261,-0.02887,-0.987366,0.28363,1.027702
16808.586,1680.8586,5346.783803,0.053314,-0.977264,0.291931,1.021329
16838.128,1683.8128,5346.813345,0.014374,-0.958527,0.271957,0.996464
16867.668,1686.7668,5346.842885,-0.069077,-0.962784,0.238556,0.9943
16897.211,1689.7211,5346.872428,-0.088058,-0.989136,0.209137,1.014831
16926.754,1692.6754,5346.901971,-0.092789,-1.00177,0.162735,1.019135
16956.298,1695.6298,5346.931515,-0.103516,-0.98941,0.17746,1.010515
16985.84,1698.584,5346.961057,-0.148743,-0.996994,0.167938,1.021922
17015.385,1701.5385,5346.990602,-0.136398,-0.972458,0.192169,1.000604
17044.929,1704.4929,5347.020146,-0.134842,-0.994217,0.305161,1.0487
17074.471,1707.4471,5347.049688,0.089676,-1.038345,0.264465,1.075242
17104.015,1710.4015,5347.079232,0.103012,-0.998718,0.075073,1.00682
17133.556,1713.3556,5347.108773,-0.352142,-0.931503,0.164352,1.009314
17163.095,1716.3095,5347.138312,-0.498474,-0.879608,0.259216,1.043734
17192.637,1719.2637,5347.167854,0.415405,-0.980453,-0.03009,1.065249
17222.177,1722.2177,5347.197394,0.483353,-1.204529,-0.046448,1.298721
17251.718,1725.1718,5347.226935,-0.547821,-1.124481,0.023239,1.251042
17281.257,1728.1257,5347.256474,-0.651093,-1.343979,-0.419067,1.55107
17310.8,1731.08,5347.286017,0.026749,-0.795731,0.070526,0.799298
17340.343,1734.0343,5347.31556,0.135788,-0.805252,0.11734,0.825008
17369.884,1736.9884,5347.345101,0.162827,-0.97467,0.076935,0.991168
17399.426,1739.9426,5347.374643,0.080917,-0.867767,0.156052,0.885392
17428.97,1742.897,5347.404187,-0.056351,-0.775284,0.163559,0.79435
17458.513,1745.8513,5347.43373,-0.007339,-0.876434,0.156509,0.890329
17488.058,1748.8058,5347.463275,0.058197,-0.996475,0.128403,1.006398
17517.602,1751.7602,5347.492819,0.088303,-0.983917,0.172958,1.002898
17547.147,1754.7147,5347.522364,-0.054031,-1.01709,0.193634,1.036767
17576.689,1757.6689,5347.551906,-0.278168,-0.93924,0.173813,0.994866
17606.234,1760.6234,5347.581451,-0.415146,-0.879166,0.057755,0.973968
17635.776,1763.5776,5347.610993,-0.141739,-0.894119,-0.108566,0.911771
17665.318,1766.5318,5347.640535,0.139008,-0.988464,-0.115143,1.00481
17694.86,1769.486,5347.670077,0.081787,-1.075317,0.072464,1.080855
17724.402,1772.4402,5347.699619,0.006912,-1.217346,0.086349,1.220424
17753.947,1775.3947,5347.729164,-0.139954,-1.149048,-0.042526,1.158321
17783.492,1778.3492,5347.758709,-0.171158,-1.017197,-0.183533,1.047697
17813.036,1781.3036,5347.788253,-0.16391,-0.983704,-0.124863,1.005052
17842.58,1784.258,5347.817797,-0.169418,-0.997604,-0.090103,1.015892
17872.124,1787.2124,5347.847341,-0.160919,-0.972092,-0.136429,0.994721
17901.662,1790.1662,5347.876879,-0.157806,-0.968048,-0.085403,0.984537
17931.21,1793.121,5347.906427,-0.136887,-0.973495,-0.074966,0.985927
17960.75,1796.075,5347.935967,-0.115036,-0.990509,-0.034058,0.997748
17990.291,1799.0291,5347.965508,-0.124054,-0.990921,-0.030441,0.99912
18019.834,1801.9834,5347.995051,-0.115845,-0.970932,-0.041016,0.978678
18049.377,1804.9377,5348.024594,-0.122528,-0.985657,-0.034119,0.993829
18078.915,1807.8915,5348.054132,-0.135727,-0.976227,-0.077042,0.988623
18108.462,1810.8462,5348.083679,-0.114532,-0.983795,-0.047684,0.991587
18138.005,1813.8005,5348.113222,-0.154175,-0.981857,-0.049179,0.995104
18167.547,1816.7547,5348.142764,-0.122849,-0.975189,-0.075378,0.985783
18197.089,1819.7089,5348.172306,-0.12294,-0.971481,-0.073898,0.982014
18226.63,1822.663,5348.201847,-0.122482,-0.961166,-0.095032,0.973588
18256.17,1825.617,5348.231387,-0.122238,-0.981857,-0.09079,0.993594
18285.715,1828.5715,5348.260932,-0.126617,-0.965332,-0.113007,0.980137
18315.257,1831.5257,5348.290474,-0.156281,-0.973831,-0.117538,0.99327
18344.797,1834.4797,5348.320014,-0.14357,-0.966644,-0.127365,0.985513
18374.338,1837.4338,5348.349555,-0.12825,-0.979706,-0.108292,0.993981
18403.877,1840.3877,5348.379094,-0.128723,-0.980362,-0.114883,0.995428
18433.402,1843.3402,5348.408619,-0.107864,-0.976776,-0.09491,0.987286
18462.961,1846.2961,5348.438178,-0.121674,-0.97966,-0.094849,0.991733
18492.504,1849.2504,5348.467721,-0.115936,-0.971481,-0.117966,0.985461
18522.048,1852.2048,5348.497265,-0.121292,-0.971298,-0.120758,0.986263
18551.593,1855.1593,5348.52681,-0.122742,-0.985962,-0.128906,1.0019
18581.135,1858.1135,5348.556352,-0.126617,-0.960709,-0.111572,0.975419
18610.676,1861.0676,5348.585893,-0.102783,-0.993164,-0.128296,1.006677
18640.221,1864.0221,5348.615438,-0.072601,-0.972122,-0.107376,0.980725
18669.764,1866.9764,5348.644981,-0.116013,-0.982315,-0.103455,0.994537
18699.308,1869.9308,5348.674525,-0.096085,-0.98259,-0.098114,0.99214
18728.85,1872.885,5348.704067,-0.117111,-0.989105,-0.106064,1.001646
18758.392,1875.8392,5348.733609,-0.109055,-0.954025,-0.169922,0.975157
