time(ms),time(ds),x_accel,y_accel,z_accel,g_measured,TimeInterval
0,0,-0.137024,-0.94664,-0.173065,0.972036,3556.267303
29.542,2.9542,-0.083389,-0.979431,-0.210754,1.005314,3556.296845
59.086,5.9086,-0.104462,-0.964493,-0.200668,0.99067,3556.326389
88.629,8.8629,-0.117126,-0.972839,-0.207748,1.001646,3556.355932
118.172,11.8172,-0.096146,-0.960648,-0.20137,0.986224,3556.385475
147.717,14.7717,-0.090897,-0.955963,-0.192642,0.979407,3556.41502
177.265,17.7265,-0.074081,-0.964478,-0.200699,0.98792,3556.444568
206.812,20.6812,-0.088089,-0.961182,-0.202072,0.986135,3556.474115
236.355,23.6355,-0.10347,-0.967667,-0.206482,0.994846,3556.503658
265.897,26.5897,-0.10965,-0.959213,-0.205383,0.987064,3556.5332
295.439,29.5439,-0.113037,-0.970978,-0.208054,0.999431,3556.562742
324.984,32.4984,-0.120422,-0.963379,-0.208572,0.993027,3556.592287
354.53,35.453,-0.092941,-0.97702,-0.219223,1.005617,3556.621833
384.074,38.4074,-0.065506,-0.969055,-0.189163,0.989516,3556.651377
413.615,41.3615,-0.098969,-0.955627,-0.197464,0.980821,3556.680918
443.162,44.3162,-0.10965,-0.973801,-0.202606,1.00068,3556.710465
472.703,47.2703,-0.112106,-0.964111,-0.207062,0.992448,3556.740006
502.188,50.2188,-0.108719,-0.968735,-0.211884,0.997578,3556.769491
531.73,53.173,-0.09494,-0.962997,-0.187302,0.985627,3556.799033
561.273,56.1273,-0.084473,-0.974762,-0.176193,0.994153,3556.828576
590.818,59.0818,-0.082596,-0.957108,-0.165604,0.974834,3556.858121
620.363,62.0363,-0.103592,-0.96727,-0.190811,0.991338,3556.887666
649.906,64.9906,-0.105255,-0.9758,-0.19548,1.000738,3556.917209
679.45,67.945,-0.120346,-0.963257,-0.186966,0.988586,3556.946753
708.989,70.8989,-0.099319,-0.982803,-0.210526,1.009994,3556.976292
738.533,73.8533,-0.12471,-0.967606,-0.175613,0.991289,3557.005836
768.075,76.8075,-0.121567,-0.96492,-0.210266,0.995018,3557.035378
797.616,79.7616,-0.115524,-0.957214,-0.189194,0.982547,3557.064919
827.161,82.7161,-0.110107,-0.967789,-0.188187,0.992045,3557.094464
856.703,85.6703,-0.120621,-0.972595,-0.149994,0.991458,3557.124006
886.242,88.6242,-0.097702,-0.966827,-0.163712,0.985445,3557.153545
915.79,91.579,-0.080521,-0.971802,-0.172043,0.990192,3557.183093
945.336,94.5336,-0.113892,-0.962372,-0.17897,0.985475,3557.212639
974.88,97.488,-0.18367,-0.966339,-0.204269,1.004625,3557.242183
1004.425,100.4425,-0.160782,-0.949371,-0.224472,0.988708,3557.271728
1033.97,103.397,-0.141098,-0.970764,-0.161346,0.994145,3557.301273
1063.511,106.3511,-0.116669,-0.959793,-0.140961,0.977079,3557.330814
1093.058,109.3058,-0.12146,-0.97316,-0.109589,0.986814,3557.360361
1122.6,112.26,-0.147659,-0.948959,-0.136978,0.970098,3557.389903
1152.142,115.2142,-0.231369,-0.966263,-0.143188,1.003842,3557.419445
1181.684,118.1684,-0.200851,-0.950165,-0.121841,0.978775,3557.448987
1211.227,121.1227,-0.050003,-1.014053,-0.116043,1.021896,3557.47853
1240.762,124.0762,0.018661,-0.995392,-0.046127,0.996635,3557.508065
1270.309,127.0309,-0.032349,-0.98056,-0.037537,0.981812,3557.537612
1299.851,129.9851,-0.045792,-1.01619,-0.078491,1.020245,3557.567154
1329.394,132.9394,-0.05484,-0.963181,-0.093491,0.96926,3557.596697
1358.933,135.8933,-0.07695,-0.969269,-0.040176,0.973148,3557.626236
1388.476,138.8476,-0.152008,-0.964844,-0.0672,0.979053,3557.655779
1418,141.8,-0.120728,-0.993149,-0.105087,1.005964,3557.685303
1447.563,144.7563,-0.155487,-0.948547,-0.052216,0.962624,3557.714866
1477.108,147.7108,-0.189117,-0.955185,0.005814,0.973744,3557.744411
1506.651,150.6651,-0.122879,-1.014267,-0.003311,1.021689,3557.773954
1536.192,153.6192,-0.189453,-0.965088,0.029297,0.983944,3557.803495
1565.735,156.5735,-0.103653,-0.993225,0.069962,1.001067,3557.833038
1595.274,159.5274,-0.118088,-0.996628,0.082718,1.007002,3557.862577
1624.822,162.4822,-0.118591,-0.974976,0.090302,0.986304,3557.892125
1654.366,165.4366,-0.087082,-1.004135,0.04924,1.009106,3557.921669
1683.912,168.3912,-0.07756,-1.011642,0.084091,1.01809,3557.951215
1713.459,171.3459,-0.169083,-0.963821,0.109406,0.984637,3557.980762
1743.004,174.3004,-0.126007,-0.980301,0.066833,0.990623,3558.010307
1772.551,177.2551,-0.147644,-0.993744,-0.020996,1.004871,3558.039854
1802.096,180.2096,-0.111969,-0.96077,0.026215,0.967627,3558.069399
1831.639,183.1639,-0.092896,-0.979309,0.052063,0.985082,3558.098942
1861.181,186.1181,-0.123093,-0.989975,0.101273,1.002725,3558.128484
1890.722,189.0722,-0.084076,-0.983444,0.164658,1.000671,3558.158025
1920.265,192.0265,-0.027115,-0.983917,0.115448,0.991038,3558.187568
1949.805,194.9805,-0.12439,-1.033447,0.117523,1.04752,3558.217108
1979.346,197.9346,-0.145111,-1.033813,0.085861,1.047473,3558.246649
2008.892,200.8892,0.087952,-1.03183,0.18576,1.0521,3558.276195
2038.437,203.8437,0.238403,-1.036575,0.154358,1.074779,3558.30574
2067.983,206.7983,-0.085312,-0.863586,0.262497,0.906622,3558.335286
2097.527,209.7527,-0.318741,-0.849243,0.130707,0.916457,3558.36483
2127.068,212.7068,-0.126266,-1.189758,0.194489,1.212144,3558.394371
2156.611,215.6611,0.031296,-1.6026,-0.578827,1.704215,3558.423914
2186.154,218.6154,-0.12619,-1.127289,-0.251129,1.161796,3558.453457
2215.698,221.5698,0.043228,-0.938217,0.113708,0.946071,3558.483001
2245.241,224.5241,-0.068542,-0.859451,0.166351,0.878082,3558.512544
2274.785,227.4785,-0.167252,-0.704681,0.164108,0.742617,3558.542088
2304.331,230.4331,-0.049835,-0.710281,0.178238,0.733997,3558.571634
2333.876,233.3876,0.237762,-0.778015,0.254456,0.8524,3558.601179
2363.422,236.3422,0.602264,-1.150833,0.389374,1.356006,3558.630725
2392.968,239.2968,0.37532,-1.47522,0.786423,1.713359,3558.660271
2422.514,242.2514,-0.095016,-1.402222,0.705551,1.572595,3558.689817
2452.062,245.2062,0.47467,-1.22226,0.611938,1.446962,3558.719365
2481.612,248.1612,0.624435,-1.052704,0.419205,1.293769,3558.748915
2511.16,251.116,0.623627,-0.660995,0.212372,0.933235,3558.778463
2540.706,254.0706,0.254837,-0.460968,0.324692,0.618755,3558.808009
2570.254,257.0254,0.29277,-0.394135,0.290833,0.570649,3558.837557
2599.802,259.9802,0.311584,-0.362366,0.315598,0.572709,3558.867105
2629.343,262.9343,0.354904,-0.293457,0.23877,0.518734,3558.896646
2658.891,265.8891,0.287552,-0.357178,0.271469,0.532877,3558.926194
2688.436,268.8436,0.1259,-0.78627,0.362061,0.874734,3558.955739
2717.981,271.7981,0.241928,-1.202042,0.667984,1.396294,3558.985284
2747.529,274.7529,0.195435,-1.102936,1.039246,1.52797,3559.014832
2777.076,277.7076,0.068069,-1.366867,0.084137,1.371145,3559.044379
2806.618,280.6618,0.096069,-1.701675,-0.240036,1.721205,3559.073921
2836.17,283.617,-0.203003,-1.597565,0.048767,1.611149,3559.103473
2865.717,286.5717,0.016357,-1.128662,0.126389,1.135834,3559.13302
2895.265,289.5265,0.018845,-1.060791,0.187927,1.077474,3559.162568
2924.812,292.4812,-0.006317,-1.026306,0.272675,1.06193,3559.192115
2954.359,295.4359,0.015732,-1.014236,0.270355,1.049769,3559.221662
2983.903,298.3903,-0.042007,-1.027603,0.304962,1.072723,3559.251206
3013.456,301.3456,-0.086624,-0.954697,0.214874,0.982405,3559.280759
3043.001,304.3001,-0.032547,-0.984238,0.244873,1.014764,3559.310304
3072.546,307.2546,-0.032837,-0.958618,0.254837,0.992456,3559.339849
3102.088,310.2088,-0.093643,-0.934464,0.187637,0.957705,3559.369391
3131.634,313.1634,-0.136642,-0.93988,0.187759,0.968142,3559.398937
3161.177,316.1177,-0.064941,-0.966293,0.172501,0.983716,3559.42848
3190.724,319.0724,-0.100571,-0.927673,0.150925,0.945236,3559.458027
3220.269,322.0269,-0.268326,-0.926926,0.184204,0.982406,3559.487572
3249.812,324.9812,-0.14743,-0.972549,0.19696,1.003186,3559.517115
3279.358,327.9358,0.054413,-0.975464,0.176834,0.992855,3559.546661
3308.906,330.8906,0.001587,-1.048676,0.197266,1.067069,3559.576209
3338.451,333.8451,-0.188538,-1.022079,0.28302,1.077169,3559.605754
3367.999,336.7999,-0.287155,-1.09523,0.471771,1.226603,3559.635302
3397.543,339.7543,0.305954,-1.024368,0.357391,1.127239,3559.664846
3427.089,342.7089,0.626755,-0.91124,0.485657,1.207908,3559.694392
3456.637,345.6637,-0.182938,-1.112686,0.483505,1.226912,3559.72394
3486.185,348.6185,0.30275,-0.938126,0.872787,1.316623,3559.753488
3515.73,351.573,-0.769058,-2.065613,-1.741516,2.809108,3559.783033
3545.275,354.5275,-0.051254,-0.901871,0.241882,0.93515,3559.812578
3574.816,357.4816,0.115341,-0.764359,0.441437,0.890176,3559.842119
3604.36,360.436,0.286346,-0.593872,0.324631,0.73489,3559.871663
3633.906,363.3906,0.372238,-0.659958,0.302155,0.815722,3559.901209
3663.453,366.3453,0.419083,-0.980499,0.850098,1.363699,3559.930756
3693.002,369.3002,-0.078644,-1.375168,0.739563,1.563402,3559.960305
3722.552,372.2552,0.313858,-1.555435,0.707214,1.73725,3559.989855
3752.102,375.2102,0.365921,-1.260956,0.488083,1.400761,3560.019405
3781.646,378.1646,0.407318,-0.828796,0.499023,1.049684,3560.048949
3811.193,381.1193,0.234772,-0.560379,0.394623,0.724479,3560.078496
3840.738,384.0738,0.297897,-0.472549,0.285217,0.627212,3560.108041
3870.283,387.0283,0.378403,-0.418106,0.286987,0.632742,3560.137586
3899.829,389.9829,0.330704,-0.356781,0.344055,0.595845,3560.167132
3929.374,392.9374,0.135193,-0.449112,0.314911,0.564931,3560.196677
3958.919,395.8919,0.193787,-0.735184,0.610229,0.974899,3560.226222
3988.464,398.8464,0.520065,-0.640808,0.776215,1.132966,3560.255767
4018.01,401.801,0.06839,-1.274948,0.638992,1.427754,3560.285313
4047.557,404.7557,-0.121521,-1.290619,0.789124,1.517623,3560.31486
4077.108,407.7108,0.061142,-1.475891,0.049545,1.477988,3560.344411
4106.658,410.6658,0.00795,-1.592026,-0.306076,1.621201,3560.373961
4136.205,413.6205,-0.229599,-1.544891,0.019699,1.561984,3560.403508
4165.75,416.575,0.009872,-1.161682,0.084442,1.164789,3560.433053
4195.297,419.5297,0.067276,-1.09848,0.245102,1.127502,3560.4626
4224.844,422.4844,0.034088,-1.071915,0.290421,1.111084,3560.492147
4254.392,425.4392,-0.022812,-1.009399,0.262146,1.043134,3560.521695
4283.94,428.394,0.002823,-0.997223,0.231079,1.02365,3560.551243
4313.489,431.3489,-0.012955,-0.961502,0.314117,1.011595,3560.580792
4343.035,434.3035,-0.012283,-0.932663,0.328812,0.989004,3560.610338
4372.582,437.2582,0.064056,-0.984894,0.19873,1.006783,3560.639885
4402.131,440.2131,-0.110031,-0.961182,0.137054,0.977119,3560.669434
4431.678,443.1678,-0.197693,-0.942917,0.142319,0.973873,3560.698981
4461.224,446.1224,-0.114426,-0.969116,0.103043,0.981273,3560.728527
4490.771,449.0771,-0.098999,-0.967377,0.172775,0.987659,3560.758074
4520.317,452.0317,-0.192581,-0.97908,0.201569,1.017996,3560.78762
4549.864,454.9864,-0.075211,-0.960785,0.227798,0.990281,3560.817167
4579.409,457.9409,0.041733,-0.952667,0.230179,0.980968,3560.846712
4608.953,460.8953,-0.122574,-0.999939,0.259018,1.040189,3560.876256
4638.499,463.8499,-0.161316,-1.073318,0.184616,1.100963,3560.905802
4668.045,466.8045,0.120667,-1.052994,0.296951,1.100698,3560.935348
4697.589,469.7589,0.418472,-0.974915,0.272568,1.095386,3560.964892
4727.13,472.713,-0.083359,-1.073715,0.652115,1.258994,3560.994433
4756.678,475.6678,0.114655,-0.808426,0.569092,0.995271,3561.023981
4786.221,478.6221,0.457565,-0.787598,0.411301,0.999422,3561.053524
4815.766,481.5766,-1.102768,-2.40744,-2.112244,3.387246,3561.083069
4845.312,484.5312,0.066696,-0.807358,0.473083,0.938127,3561.112615
4874.858,487.4858,0.312958,-0.65744,0.428116,0.844662,3561.142161
4904.401,490.4401,0.16597,-0.59877,0.317078,0.697574,3561.171704
4933.952,493.3952,0.369049,-1.040375,0.432739,1.185681,3561.201255
4963.495,496.3495,0.208725,-1.339722,0.669495,1.512165,3561.230798
4993.041,499.3041,0.003143,-1.505234,0.697556,1.659012,3561.260344
5022.589,502.2589,0.526093,-1.293076,0.677673,1.551792,3561.289892
5052.134,505.2134,0.470596,-0.866455,0.388733,1.059867,3561.319437
5081.678,508.1678,0.227112,-0.593002,0.450317,0.778471,3561.348981
5111.226,511.1226,0.264603,-0.447906,0.309052,0.605101,3561.378529
5140.771,514.0771,0.368271,-0.41983,0.220383,0.600374,3561.408074
5170.318,517.0318,0.434967,-0.338638,0.32637,0.640617,3561.437621
5199.865,519.9865,0.134308,-0.311447,0.285553,0.443372,3561.467168
5229.409,522.9409,0.131348,-0.394531,0.48587,0.639513,3561.496712
5258.927,525.8927,0.162521,-0.915787,0.402344,1.01339,3561.52623
5288.499,528.8499,0.334137,-1.039261,0.773788,1.33808,3561.555802
5318.045,531.8045,0.077332,-1.424026,0.745041,1.609011,3561.585348
5347.592,534.7592,-0.001541,-1.566116,-0.134918,1.571918,3561.614895
5377.135,537.7135,-0.065903,-1.792221,-0.258545,1.811973,3561.644438
5406.678,540.6678,-0.376678,-1.637085,0.099808,1.682824,3561.673981
5436.201,543.6201,-0.116333,-1.17865,0.155899,1.194593,3561.703504
5465.769,546.5769,0.099167,-1.140091,0.145447,1.153601,3561.733072
5495.25,549.525,-0.001221,-1.063705,0.169647,1.077149,3561.762553
5524.793,552.4793,0.002228,-1.006546,0.178696,1.022288,3561.792096
5554.337,555.4337,0.021759,-0.909042,0.408417,0.996813,3561.82164
5583.881,558.3881,0.096558,-1.007385,0.203888,1.032337,3561.851184
5613.425,561.3425,-0.113281,-0.988831,0.145233,1.005839,3561.880728
5642.968,564.2968,-0.253418,-0.924042,0.108078,0.964238,3561.910271
5672.48,567.248,-0.108795,-0.983963,0.040955,0.990806,3561.939783
5702.051,570.2051,-0.140671,-0.946991,0.211777,0.980525,3561.969354
5731.592,573.1592,-0.174973,-0.982605,0.185776,1.015205,3561.998895
5761.134,576.1134,0.015884,-0.937546,0.163498,0.951828,3562.028437
5790.678,579.0678,0.010513,-0.956787,0.172958,0.972351,3562.057981
5820.22,582.022,-0.203491,-1.002701,0.235046,1.049793,3562.087523
5849.763,584.9763,-0.080414,-1.06134,0.186096,1.080528,3562.117066
5879.305,587.9305,-0.099426,-0.966324,0.348923,1.032189,3562.146608
5908.848,590.8848,0.38942,-1.153351,0.250107,1.242747,3562.176151
5938.389,593.8389,0.431107,-1.148651,0.623657,1.3763,3562.205692
5967.93,596.793,0.103378,-0.681625,0.782806,1.043114,3562.235233
5997.47,599.747,0.286591,-0.633331,0.680054,0.972479,3562.264773
6027.012,602.7012,-1.563797,-2.653976,-2.274872,3.829373,3562.294315
6056.552,605.6552,0.236649,-0.873123,0.499405,1.033321,3562.323855
6086.095,608.6095,0.222992,-0.526138,0.577347,0.812328,3562.353398
6115.636,611.5636,0.620239,-0.512772,0.333817,0.871243,3562.382939
6145.179,614.5179,0.354248,-1.183731,0.609802,1.377886,3562.412482
6174.724,617.4724,-0.065491,-1.401825,0.721527,1.577975,3562.442027
6204.269,620.4269,0.305664,-1.669357,0.501572,1.769677,3562.471572
6233.813,623.3813,0.345688,-1.30986,0.454163,1.42881,3562.501116
6263.353,626.3353,0.180801,-0.784576,0.400375,0.899194,3562.530656
6292.896,629.2896,0.229507,-0.55928,0.417953,0.734951,3562.560199
6322.441,632.2441,0.223221,-0.454422,0.234497,0.557957,3562.589744
6351.985,635.1985,0.403397,-0.37088,0.254181,0.60406,3562.619288
6381.528,638.1528,0.32225,-0.215179,0.258743,0.465935,3562.648831
6411.07,641.107,0.146729,-0.270462,0.310425,0.437084,3562.678373
6440.614,644.0614,0.053162,-0.604126,0.65451,0.892288,3562.707917
6470.157,647.0157,0.353516,-0.876038,0.61673,1.128171,3562.73746
6499.702,649.9702,0.315857,-1.388306,0.976913,1.726707,3562.767005
6529.244,652.9244,-0.159821,-1.052521,0.701889,1.275143,3562.796547
6558.788,655.8788,0.036102,-1.56192,-0.22171,1.57799,3562.826091
6588.332,658.8332,-0.260117,-2.172516,-0.334503,2.213454,3562.855635
6617.877,661.7877,-0.117035,-1.371582,0.030472,1.376903,3562.88518
6647.422,664.7422,-0.003342,-1.110962,0.053299,1.112245,3562.914725
6676.967,667.6967,-0.012634,-1.094864,0.142487,1.104169,3562.94427
6706.512,670.6512,-0.03537,-1.055954,0.153656,1.067661,3562.973815
6736.057,673.6057,-0.011444,-1.008102,0.167404,1.021971,3563.00336
6765.602,676.5602,-0.018082,-0.99762,0.28978,1.039011,3563.032905
6795.141,679.5141,0.065811,-1.013565,0.208694,1.036918,3563.062444
6824.685,682.4685,-0.06282,-0.982864,0.176468,1.000555,3563.091988
6854.226,685.4226,-0.237564,-0.944122,0.179413,0.989946,3563.121529
6883.769,688.3769,-0.177048,-0.942307,0.08316,0.962394,3563.151072
6913.313,691.3313,-0.0952,-0.950089,0.098053,0.959867,3563.180616
6942.856,694.2856,-0.293655,-0.968323,0.194611,1.030415,3563.210159
6972.4,697.24,-0.03035,-0.978897,0.152542,0.991176,3563.239703
7001.944,700.1944,0.017319,-0.927078,0.210114,0.950748,3563.269247
7031.49,703.149,-0.180267,-1.021881,0.259338,1.069576,3563.298793
7061.034,706.1034,-0.102737,-0.962616,0.215591,0.991798,3563.328337
7090.578,709.0578,-0.314743,-1.024261,0.353928,1.128468,3563.357881
7120.122,712.0122,0.561142,-1.317139,0.308578,1.464567,3563.387425
7149.667,714.9667,0.507553,-0.713776,0.488007,1.002615,3563.41697
7179.205,717.9205,0.135727,-1.203491,0.296509,1.246888,3563.446508
7208.755,720.8755,0.159088,-0.354599,1.593796,1.640498,3563.476058
7238.301,723.8301,-0.999161,-2.919769,-2.651413,4.068583,3563.505604
7267.847,726.7847,0.226715,-0.720764,0.374451,0.843276,3563.53515
7297.394,729.7394,0.299377,-0.656647,0.456085,0.853713,3563.564697
7326.942,732.6942,0.079941,-0.689484,0.496078,0.853154,3563.594245
7356.484,735.6484,0.603775,-0.783722,0.614075,1.164411,3563.623787
7386.032,738.6032,0.046768,-1.333618,0.747849,1.529707,3563.653335
7415.578,741.5578,-0.01413,-1.597519,0.73497,1.758536,3563.682881
7445.125,744.5125,0.367661,-1.288818,0.649948,1.489517,3563.712428
7474.672,747.4672,0.321381,-0.953278,0.345078,1.063533,3563.741975
7504.215,750.4215,0.175735,-0.630432,0.360229,0.747056,3563.771518
7533.752,753.3752,0.221008,-0.443085,0.233002,0.547228,3563.801055
7563.296,756.3296,0.377319,-0.362015,0.192108,0.557073,3563.830599
7592.836,759.2836,0.499283,-0.197723,0.205917,0.575135,3563.860139
7622.379,762.2379,0.234482,-0.318634,0.209152,0.447498,3563.889682
7651.922,765.1922,0.206955,-0.48497,0.790909,0.950559,3563.919225
7681.466,768.1466,0.212631,-0.80896,0.625366,1.044371,3563.948769
7710.992,771.0992,0.461899,-1.24855,0.957993,1.640115,3563.978295
7740.553,774.0553,-0.065765,-1.184708,0.771378,1.415232,3564.007856
7770.098,777.0098,0.016754,-1.568832,-0.083069,1.571119,3564.037401
7799.64,779.964,-0.181992,-1.980026,-0.226562,2.001238,3564.066943
7829.185,782.9185,-0.017853,-1.44046,0.023819,1.440768,3564.096488
7858.73,785.873,0.011032,-1.151001,0.074463,1.15346,3564.126033
7888.251,788.8251,0.029297,-1.150436,0.128784,1.157993,3564.155554
7917.816,791.7816,-0.002747,-1.088333,0.170364,1.10159,3564.185119
7947.361,794.7361,-0.081207,-0.949371,0.253113,0.985884,3564.214664
7976.906,797.6906,0.074509,-1.025009,0.266464,1.061696,3564.244209
8006.446,800.6446,0.03717,-0.955811,0.227554,0.983228,3564.273749
8035.992,803.5992,-0.212402,-0.989716,0.145569,1.022664,3564.303295
8065.536,806.5536,-0.24408,-0.889435,0.1147,0.929422,3564.332839
8095.084,809.5084,-0.071899,-1.008301,0.041779,1.011724,3564.362387
8124.626,812.4626,-0.170624,-0.984909,0.193115,1.018063,3564.391929
8154.167,815.4167,-0.205002,-0.942551,0.193069,0.983719,3564.42147
8183.709,818.3709,0.03038,-0.938339,0.162308,0.952758,3564.451012
8213.252,821.3252,-0.071716,-0.968613,0.223923,0.996742,3564.480555
8242.794,824.2794,-0.268631,-0.94899,0.25975,1.019909,3564.510097
8272.335,827.2335,-0.19136,-1.028778,0.251129,1.076136,3564.539638
8301.879,830.1879,-0.023499,-1.027374,0.260635,1.06018,3564.569182
8331.42,833.142,0.597931,-1.239822,0.268906,1.402495,3564.598723
8360.959,836.0959,0.257202,-0.99144,0.645996,1.210957,3564.628262
8390.498,839.0498,-0.269806,-0.588303,0.996597,1.188319,3564.657801
8420.038,842.0038,0.570267,-0.433029,0.400223,0.820303,3564.687341
8449.579,844.9579,-1.237015,-3.622406,-2.652481,4.657004,3564.716882
8479.121,847.9121,0.262375,-0.708023,0.611694,0.971755,3564.746424
8508.66,850.866,0.391968,-0.426193,0.581177,0.820394,3564.775963
8538.202,853.8202,0.454391,-0.628601,0.489777,0.917329,3564.805505
8567.743,856.7743,0.164551,-1.185272,0.663391,1.368223,3564.835046
8597.286,859.7286,-0.115173,-1.478638,0.732803,1.654278,3564.864589
8626.823,862.6823,0.477478,-1.489059,0.654053,1.695013,3564.894126
8656.361,865.6361,0.477997,-1.17836,0.505005,1.368226,3564.923664
8685.899,868.5899,0.195938,-0.747177,0.387009,0.863968,3564.953202
8715.441,871.5441,0.182404,-0.513229,0.431168,0.69468,3564.982744
8744.978,874.4978,0.230179,-0.442459,0.295227,0.579579,3565.012281
8774.519,877.4519,0.361511,-0.348846,0.242569,0.557874,3565.041822
8804.058,880.4058,0.351212,-0.23587,0.286621,0.511015,3565.071361
8833.598,883.3598,0.17894,-0.313492,0.302414,0.470904,3565.100901
8863.138,886.3138,0.012054,-0.614227,0.633362,0.882365,3565.130441
8892.674,889.2674,0.318939,-1.028015,0.594009,1.229384,3565.159977
8922.211,892.2211,0.300995,-1.507675,1.072174,1.874364,3565.189514
8951.748,895.1748,-0.123779,-1.011963,0.716644,1.246182,3565.219051
8981.287,898.1287,0.041214,-1.693527,-0.265945,1.714777,3565.24859
9010.827,901.0827,-0.409195,-2.202316,-0.296173,2.259503,3565.27813
9040.368,904.0368,-0.030838,-1.272232,-0.080368,1.275141,3565.307671
9069.91,906.991,0.041321,-1.149384,0.060135,1.151697,3565.337213
9099.45,909.945,-0.082047,-1.100021,0.169617,1.116041,3565.366753
9128.992,912.8992,-0.125168,-1.025543,0.199615,1.052261,3565.396295
9158.533,915.8533,-0.042847,-0.991974,0.146103,1.003591,3565.425836
9188.074,918.8074,0.024933,-0.926514,0.1689,0.942113,3565.455377
9217.614,921.7614,-0.1194,-0.931015,0.197723,0.959239,3565.484917
9247.152,924.7152,-0.088028,-0.969131,0.198486,0.993157,3565.514455
9276.694,927.6694,-0.082214,-0.992905,0.166306,1.010087,3565.543997
9306.235,930.6235,-0.139999,-0.951309,0.196945,0.981517,3565.573538
9335.777,933.5777,-0.269409,-0.998184,0.219025,1.056847,3565.60308
9365.321,936.5321,-0.005554,-0.938065,0.197586,0.958664,3565.632624
9394.862,939.4862,0.037582,-1.009506,0.230896,1.036257,3565.662165
9424.402,942.4402,-0.156937,-0.986435,0.245117,1.028477,3565.691705
9453.94,945.394,-0.161774,-1.030167,0.340469,1.096966,3565.721243
9483.488,948.3488,-0.122528,-0.985214,0.30072,1.037349,3565.750791
9513.03,951.303,0.858459,-1.29068,0.3965,1.600006,3565.780333
9542.571,954.2571,0.584152,-1.141983,0.608368,1.419673,3565.809874
9572.111,957.2111,-0.365875,-0.373093,1.109665,1.226548,3565.839414
9601.652,960.1652,0.402802,-0.590073,0.564194,0.910357,3565.868955
9631.189,963.1189,-1.188614,-2.795639,-2.73201,4.085619,3565.898492
9660.737,966.0737,0.229568,-0.658066,0.461823,0.836082,3565.92804
9690.281,969.0281,0.257019,-0.504013,0.456284,0.726831,3565.957584
9719.822,971.9822,0.317673,-0.430374,0.399384,0.667567,3565.987125
9749.363,974.9363,0.344849,-1.186234,0.666855,1.40384,3566.016666
9778.905,977.8905,0.091766,-1.553146,0.750504,1.727409,3566.046208
9808.443,980.8443,0.355499,-1.508606,0.588852,1.658016,3566.075746
9837.986,983.7986,0.208572,-1.12851,0.600418,1.295198,3566.105289
9867.523,986.7523,0.114578,-0.715698,0.474319,0.866217,3566.134826
9897.063,989.7063,0.26503,-0.5336,0.386719,0.710296,3566.164366
9926.601,992.6601,0.338684,-0.435455,0.29361,0.624928,3566.193904
9956.141,995.6141,0.371704,-0.363892,0.275116,0.588447,3566.223444
9985.675,998.5675,0.118546,-0.292664,0.33812,0.462634,3566.252978
10015.217,1001.5217,0.157333,-0.329391,0.47049,0.595494,3566.28252
10044.755,1004.4755,0.104706,-0.721069,0.527451,0.899505,3566.312058
10074.295,1007.4295,0.258804,-0.829117,0.700226,1.115675,3566.341598
10103.835,1010.3835,-0.191605,-1.377441,0.81459,1.611712,3566.371138
10133.373,1013.3373,-0.042099,-1.118393,0.620438,1.279655,3566.400676
10162.912,1016.2912,0.080566,-1.618469,-0.416473,1.673136,3566.430215
10192.455,1019.2455,-0.360443,-2.136978,-0.325867,2.191525,3566.459758
10221.995,1022.1995,0.009964,-1.358856,0.029984,1.359223,3566.489298
10251.536,1025.1536,-0.015869,-1.194885,0.13588,1.202691,3566.518839
10281.075,1028.1075,-0.008499,-1.17247,0.177719,1.185893,3566.548378
10310.616,1031.0616,0.007477,-1.04483,0.15976,1.057,3566.577919
10340.128,1034.0128,-0.035553,-0.97261,0.254944,1.006097,3566.607431
10369.699,1036.9699,-0.032501,-1.002136,0.199799,1.022376,3566.637002
10399.24,1039.924,-0.146576,-0.916702,0.08815,0.932522,3566.666543
10428.781,1042.8781,-0.21994,-0.97142,0.07666,0.998953,3566.696084
10458.322,1045.8322,-0.110214,-0.967316,0.149689,0.985014,3566.725625
10487.86,1048.786,-0.107742,-0.96727,0.174332,0.988742,3566.755163
10517.349,1051.7349,-0.158279,-0.97139,0.183411,1.001144,3566.784652
10546.888,1054.6888,-0.144653,-0.973495,0.169968,0.998753,3566.814191
10576.432,1057.6432,0.098755,-0.977036,0.218414,1.00601,3566.843735
10605.975,1060.5975,-0.110229,-0.93396,0.265884,0.977306,3566.873278
10635.516,1063.5516,-0.388687,-0.983704,0.288361,1.096313,3566.902819
10665.057,1066.5057,-0.001175,-1.004562,0.165573,1.018117,3566.93236
10694.597,1069.4597,0.118134,-1.052597,0.218765,1.081561,3566.9619
10724.12,1072.412,0.718079,-1.294968,0.236511,1.499505,3566.991423
10753.68,1075.368,0.130554,-0.913177,0.733994,1.178849,3567.020983
10783.218,1078.3218,-0.320724,-0.581619,0.708572,0.971195,3567.050521
10812.76,1081.276,0.152069,-0.848892,0.596725,1.048725,3567.080063
10842.302,1084.2302,-0.827805,-2.377731,-2.050217,3.246884,3567.109605
10871.841,1087.1841,0.46698,-0.659973,0.532532,0.968104,3567.139144
10901.382,1090.1382,0.484802,-0.522491,0.506973,0.874673,3567.168685
10930.921,1093.0921,0.394501,-0.784836,0.645798,1.090254,3567.198224
10960.46,1096.046,-0.003143,-1.2733,0.728882,1.467165,3567.227763
10990.001,1099.0001,0.143295,-1.621902,0.673996,1.762206,3567.257304
11019.542,1101.9542,0.433182,-1.377609,0.566544,1.551266,3567.286845
11049.085,1104.9085,0.313339,-1.035904,0.519974,1.200688,3567.316388
11078.626,1107.8626,0.135544,-0.662155,0.443817,0.808576,3567.345929
11108.168,1110.8168,0.260468,-0.550659,0.350952,0.703019,3567.375471
11137.711,1113.7711,0.315414,-0.424347,0.285522,0.600899,3567.405014
11167.252,1116.7252,0.40654,-0.365143,0.290253,0.618749,3567.434555
11196.795,1119.6795,0.167938,-0.354706,0.310059,0.500156,3567.464098
11226.335,1122.6335,0.060226,-0.403198,0.525269,0.664908,3567.493638
11255.878,1125.5878,0.060638,-0.728653,0.315109,0.796182,3567.523181
11285.422,1128.5422,0.453156,-0.858856,0.736511,1.218783,3567.552725
11314.964,1131.4964,-0.090134,-1.345367,0.757156,1.546423,3567.582267
11344.506,1134.4506,0.040146,-1.133728,0.546722,1.259308,3567.611809
11374.047,1137.4047,-0.070923,-1.712433,-0.349945,1.749262,3567.64135
11403.588,1140.3588,-0.267517,-1.746109,-0.161209,1.773824,3567.670891
11433.13,1143.313,-0.18544,-1.532059,0.194031,1.555391,3567.700433
11462.672,1146.2672,-0.059082,-1.182922,0.193512,1.200101,3567.729975
11492.213,1149.2213,0.029312,-1.146194,0.153809,1.15684,3567.759516
11521.758,1152.1758,-0.005447,-1.030151,0.245132,1.058929,3567.789061
11551.301,1155.1301,0.010956,-1.013977,0.316071,1.062154,3567.818604
11580.848,1158.0848,-0.06282,-0.955322,0.193832,0.97681,3567.848151
11610.394,1161.0394,-0.118805,-0.937195,0.15007,0.956541,3567.877697
11639.938,1163.9938,-0.137543,-0.939362,0.164719,0.963561,3567.907241
11669.48,1166.948,-0.080902,-0.968689,0.17807,0.988237,3567.936783
11699.023,1169.9023,-0.106705,-0.985199,0.186584,1.008373,3567.966326
11728.562,1172.8562,-0.107269,-0.936798,0.182999,0.960513,3567.995865
11758.111,1175.8111,-0.104996,-0.975601,0.19989,1.001388,3568.025414
11787.653,1178.7653,-0.017517,-0.969681,0.219772,0.994428,3568.054956
11817.196,1181.7196,-0.237686,-0.892426,0.237152,0.953498,3568.084499
11846.735,1184.6735,-0.309753,-1.075714,0.180176,1.13383,3568.114038
11876.278,1187.6278,0.005997,-0.915344,0.178207,0.93255,3568.143581
11905.815,1190.5815,0.166519,-1.228302,0.325165,1.281478,3568.173118
11935.365,1193.5365,0.281708,-1.121506,0.345963,1.20699,3568.202668
11964.908,1196.4908,0.340942,-0.423248,0.657669,0.853176,3568.232211
11994.452,1199.4452,0.018082,-1.340576,-0.104721,1.344782,3568.261755
12023.997,1202.3997,0.034653,-1.164871,1.073792,1.584662,3568.2913
12053.539,1205.3539,-0.266006,-1.754959,-1.049408,2.062013,3568.320842
12083.076,1208.3076,0.53804,-0.556763,0.459198,0.900186,3568.350379
12112.624,1211.2624,0.392899,-0.73877,0.492569,0.970965,3568.379927
12142.164,1214.2164,-0.017426,-0.826752,0.680664,1.071039,3568.409467
12171.706,1217.1706,0.092438,-1.259262,0.658844,1.424205,3568.439009
12201.249,1220.1249,0.570572,-1.668671,0.636322,1.874812,3568.468552
12230.791,1223.0791,0.610413,-1.294037,0.544739,1.530972,3568.498094
12260.329,1226.0329,0.33757,-0.882416,0.416397,1.032472,3568.527632
12289.875,1228.9875,0.208038,-0.584122,0.398956,0.737322,3568.557178
12319.42,1231.942,0.224564,-0.44931,0.239975,0.556684,3568.586723
12348.964,1234.8964,0.383163,-0.390625,0.188461,0.578723,3568.616267
12378.507,1237.8507,0.488907,-0.250443,0.189056,0.580942,3568.64581
12408.051,1240.8051,0.232162,-0.278198,0.097061,0.375119,3568.675354
12437.588,1243.7588,0.201675,-0.482788,0.651733,0.835771,3568.704891
12467.133,1246.7133,0.291031,-0.848862,0.565323,1.060592,3568.734436
12496.672,1249.6672,0.541672,-1.344452,1.041534,1.784868,3568.763975
12526.213,1252.6213,-0.047348,-1.012573,0.705704,1.235137,3568.793516
12555.754,1255.5754,0.08432,-1.524216,-0.091797,1.529304,3568.823057
12585.295,1258.5295,-0.29097,-2.023651,-0.294189,2.06552,3568.852598
12614.834,1261.4834,-0.226288,-1.540634,0.102936,1.560563,3568.882137
12644.381,1264.4381,-0.052353,-1.163055,0.034531,1.164745,3568.911684
12673.921,1267.3921,-0.073563,-1.122391,0.127991,1.132057,3568.941224
12703.463,1270.3463,-0.093842,-1.02301,0.191895,1.045074,3568.970766
12733.006,1273.3006,-0.083405,-1.021118,0.259277,1.056818,3569.000309
12762.55,1276.255,0.070129,-0.976929,0.274765,1.017253,3569.029853
12792.086,1279.2086,0.126221,-1.000259,0.251923,1.03919,3569.059389
12821.629,1282.1629,-0.042419,-0.959106,0.259094,0.994391,3569.088932
12851.17,1285.117,-0.025818,-0.950653,0.277786,0.990744,3569.118473
12880.711,1288.0711,0.09259,-0.967819,0.188171,0.990281,3569.148014
12910.258,1291.0258,-0.133957,-0.921814,0.226395,0.958614,3569.177561
12939.803,1293.9803,-0.205826,-0.961563,0.240143,1.012243,3569.207106
12969.345,1296.9345,0.078995,-0.995789,0.14679,1.009645,3569.236648
12998.887,1299.8887,0.039032,-0.971146,0.263367,1.00698,3569.26619
13028.429,1302.8429,-0.327133,-1.002899,0.362442,1.115431,3569.295732
13057.973,1305.7973,-0.048874,-0.985443,0.181686,1.003243,3569.325276
13087.515,1308.7515,0.16153,-1.196136,0.292618,1.241958,3569.354818
13117.059,1311.7059,0.641281,-1.028427,0.373627,1.268267,3569.384362
13146.601,1314.6601,0.177521,-0.688599,0.954071,1.18993,3569.413904
13176.143,1317.6143,0.042023,-0.672302,0.386261,0.776501,3569.443446
13205.691,1320.5691,-0.217117,-2.157913,0.176804,2.176003,3569.472994
13235.229,1323.5229,0.312439,-1.045273,-0.006622,1.090989,3569.502532
13264.778,1326.4778,0.858765,-0.628143,0.666138,1.255301,3569.532081
13294.324,1329.4324,0.740128,-0.778091,0.726669,1.296635,3569.561627
13323.871,1332.3871,-0.206818,-0.94664,1.004654,1.39579,3569.591174
13353.417,1335.3417,0.014328,-1.501678,0.886398,1.743831,3569.62072
13382.964,1338.2964,0.593231,-1.61821,0.629623,1.834926,3569.650267
13412.511,1341.2511,0.447632,-0.971756,0.422318,1.150233,3569.679814
13442.058,1344.2058,0.176437,-0.545258,0.419373,0.710147,3569.709361
13471.604,1347.1604,0.166046,-0.400894,0.345856,0.554891,3569.738907
13501.149,1350.1149,0.236343,-0.273849,0.328964,0.488947,3569.768452
13530.694,1353.0694,0.436188,-0.238907,0.304535,0.583162,3569.797997
13560.237,1356.0237,0.28537,-0.235138,0.335754,0.499457,3569.82754
13589.78,1358.978,0.004562,-0.399948,0.45816,0.608186,3569.857083
13619.324,1361.9324,0.123352,-0.791672,0.4776,0.932771,3569.886627
13648.867,1364.8867,0.619705,-1.161423,0.833267,1.55797,3569.91617
13678.412,1367.8412,-0.096939,-1.168671,1.106277,1.612153,3569.945715
13707.956,1370.7956,-0.12558,-1.302505,0.128143,1.314805,3569.975259
13737.501,1373.7501,-0.032181,-1.966263,-0.236053,1.980643,3570.004804
13767.046,1376.7046,-0.095276,-1.709366,0.003723,1.712023,3570.034349
13796.59,1379.659,-0.029861,-1.172531,-0.036011,1.173464,3570.063893
13826.135,1382.6135,-0.111328,-1.107819,0.098114,1.117713,3570.093438
13855.682,1385.5682,-0.119019,-1.010788,0.126831,1.025643,3570.122985
13885.227,1388.5227,-0.031006,-1.049408,0.089142,1.053644,3570.15253
13914.772,1391.4772,-0.01503,-1.027847,0.226288,1.052569,3570.182075
13944.317,1394.4317,-0.129013,-0.96199,0.170761,0.98551,3570.21162
13973.859,1397.3859,-0.12648,-0.957901,0.150452,0.977859,3570.241162
14003.402,1400.3402,-0.096603,-0.986618,0.188019,1.009009,3570.270705
14032.943,1403.2943,-0.122955,-0.965103,0.184555,0.990254,3570.300246
14062.486,1406.2486,-0.134476,-0.968689,0.217987,1.001978,3570.329789
14092.031,1409.2031,0.083572,-0.959198,0.250229,0.994816,3570.359334
14121.574,1412.1574,0.057571,-0.971237,0.304657,1.019525,3570.388877
14151.115,1415.1115,-0.17067,-1.024216,0.251846,1.068444,3570.418418
14180.661,1418.0661,-0.121429,-0.936234,0.24826,0.976172,3570.447964
14210.206,1421.0206,-0.143066,-1.080444,0.341309,1.142068,3570.477509
14239.752,1423.9752,0.633408,-1.343552,0.315628,1.518538,3570.507055
14269.295,1426.9295,0.389893,-0.637268,0.595901,0.955628,3570.536598
14298.834,1429.8834,-0.217865,-0.889725,0.482712,1.035416,3570.566137
14328.378,1432.8378,0.106171,-0.575394,1.280045,1.407432,3570.595681
14357.925,1435.7925,-1.03186,-3.043976,-2.121033,3.850884,3570.625228
14387.467,1438.7467,0.486938,-0.812759,0.412125,1.033215,3570.65477
14417.011,1441.7011,0.206009,-0.585236,0.449036,0.765881,3570.684314
14446.557,1444.6557,0.291016,-0.470612,0.364792,0.662751,3570.71386
14476.1,1447.61,0.320114,-0.959839,0.717651,1.240479,3570.743403
14505.638,1450.5638,0.075577,-1.582596,0.633591,1.706388,3570.772941
14535.174,1453.5174,0.281769,-1.695648,0.551331,1.805154,3570.802477
14564.723,1456.4723,0.510162,-1.157028,0.551056,1.379363,3570.832026
14594.262,1459.4262,0.280731,-0.853592,0.486023,1.021591,3570.861565
14623.806,1462.3806,0.08107,-0.56897,0.39061,0.694892,3570.891109
14653.349,1465.3349,0.278839,-0.383514,0.287308,0.554419,3570.920652
14682.898,1468.2898,0.368851,-0.431335,0.265381,0.626521,3570.950201
14712.434,1471.2434,0.388489,-0.252716,0.245544,0.524482,3570.979737
14741.983,1474.1983,0.161804,-0.336121,0.233017,0.439835,3571.009286
14771.527,1477.1527,0.184753,-0.506165,0.776718,0.945319,3571.03883
14801.07,1480.107,0.369766,-0.818359,0.610916,1.08612,3571.068373
14830.612,1483.0612,0.387512,-1.231369,0.819931,1.529288,3571.097915
14860.157,1486.0157,-0.064743,-1.19133,0.726822,1.397043,3571.12746
14889.696,1488.9696,-0.036407,-1.510162,-0.11821,1.515219,3571.156999
14919.244,1491.9244,-0.222015,-1.865631,-0.293991,1.901657,3571.186547
14948.787,1494.8787,-0.222855,-1.647751,0.096375,1.665543,3571.21609
14978.33,1497.833,-0.005295,-1.144974,0.084854,1.148126,3571.245633
15007.873,1500.7873,-0.01564,-1.086533,0.188705,1.102909,3571.275176
15037.415,1503.7415,-0.121414,-1.075455,0.250778,1.110961,3571.304718
15066.951,1506.6951,-0.014587,-0.962036,0.170776,0.977185,3571.334254
15096.497,1509.6497,0.054367,-1.012756,0.253708,1.045466,3571.3638
15126.04,1512.604,0.012482,-0.976318,0.178375,0.992558,3571.393343
15155.584,1515.5584,-0.114777,-0.97728,0.167084,0.998081,3571.422887
15185.127,1518.5127,-0.148468,-0.935242,0.10881,0.953184,3571.45243
15214.67,1521.467,-0.169495,-0.963104,0.067093,0.980204,3571.481973
15244.21,1524.421,-0.119415,-1.000168,0.078964,1.010362,3571.511513
15273.758,1527.3758,-0.094437,-1.00148,0.131287,1.014454,3571.541061
15303.3,1530.33,-0.108582,-0.879684,0.257126,0.922902,3571.570603
15332.843,1533.2843,-0.086395,-0.970078,0.223267,0.999181,3571.600146
15362.385,1536.2385,-0.318558,-1.023865,0.302765,1.114201,3571.629688
15391.927,1539.1927,-0.221649,-0.849976,0.268677,0.918572,3571.65923
15421.462,1542.1462,0.316833,-1.374756,0.456726,1.482881,3571.688765
15451.016,1545.1016,0.814346,-1.316391,0.421326,1.604232,3571.718319
15480.56,1548.056,0.802399,0.051468,0.755646,1.103401,3571.747863
15510.039,1551.0039,-0.472641,-0.629974,0.237823,0.822689,3571.777342
15539.583,1553.9583,-0.740524,-3.602127,-0.911163,3.788656,3571.806886
15569.127,1556.9127,0.298401,-0.830582,0.51738,1.02303,3571.83643
15598.673,1559.8673,0.450851,-0.475143,0.382629,0.758573,3571.865976
15628.219,1562.8219,0.390274,-0.656677,0.323914,0.829734,3571.895522
15657.765,1565.7765,0.136475,-0.923752,0.566193,1.092024,3571.925068
15687.312,1568.7312,-0.051956,-1.304825,0.59082,1.433295,3571.954615
15716.858,1571.6858,0.404587,-1.807053,0.413559,1.897409,3571.984161
15746.404,1574.6404,0.296555,-1.372559,0.570633,1.515745,3572.013707
15775.946,1577.5946,0.235092,-0.872192,0.459671,1.013551,3572.043249
15805.493,1580.5493,0.21463,-0.555679,0.392502,0.713375,3572.072796
15835.037,1583.5037,0.299622,-0.383362,0.264191,0.553657,3572.10234
15864.581,1586.4581,0.378265,-0.440643,0.24292,0.629493,3572.131884
15894.125,1589.4125,0.24234,-0.150024,0.304825,0.417318,3572.161428
15923.669,1592.3669,0.009552,-0.281937,0.324738,0.430156,3572.190972
15953.215,1595.3215,0.188309,-0.535995,0.717636,0.915288,3572.220518
15982.757,1598.2757,0.422104,-0.728195,0.684708,1.085018,3572.25006
16012.3,1601.23,0.491745,-1.29039,0.925369,1.662296,3572.279603
16041.845,1604.1845,-0.034225,-1.107574,0.858246,1.401599,3572.309148
16071.39,1607.139,-0.153091,-1.430511,0,1.43868,3572.338693
16100.931,1610.0931,-0.234283,-2.102753,-0.24942,2.130415,3572.368234
16130.476,1613.0476,-0.116379,-1.505936,-0.12381,1.515492,3572.397779
16160.021,1616.0021,0.134506,-1.172607,-0.002213,1.180299,3572.427324
16189.565,1618.9565,0.041962,-1.123932,0.243332,1.150736,3572.456868
16219.106,1621.9106,-0.121338,-0.989624,0.191986,1.015351,3572.486409
16248.65,1624.865,-0.046371,-0.928543,0.132523,0.939098,3572.515953
16278.193,1627.8193,0.03006,-0.956451,0.184158,0.974483,3572.545496
16307.734,1630.7734,0.004868,-0.964981,0.189774,0.983477,3572.575037
16337.278,1633.7278,-0.007141,-0.986328,0.21106,1.008682,3572.604581
16366.821,1636.6821,-0.081848,-0.982544,0.187073,1.003538,3572.634124
16396.361,1639.6361,-0.110779,-0.968826,0.167892,0.989487,3572.663664
16425.908,1642.5908,-0.170502,-0.967041,0.175751,0.997561,3572.693211
16455.449,1645.5449,-0.12233,-0.992035,0.168884,1.013716,3572.722752
16484.992,1648.4992,0.039917,-0.95433,0.244644,0.985997,3572.752295
16514.536,1651.4536,-0.134766,-0.973526,0.278061,1.021388,3572.781839
16544.08,1654.408,-0.026077,-1.039001,0.146713,1.049633,3572.811383
16573.624,1657.3624,0.046188,-0.952591,0.162048,0.967379,3572.840927
16603.168,1660.3168,0.118652,-1.238953,0.34613,1.291855,3572.870471
16632.709,1663.2709,0.345596,-1.055374,0.306793,1.152117,3572.900012
16662.262,1666.2262,0.293274,-0.455322,0.586365,0.798218,3572.929565
16691.808,1669.1808,-0.4086,-1.254684,0.294205,1.351941,3572.959111
16721.354,1672.1354,0.165924,-1.251755,0.803391,1.496615,3572.988657
16750.899,1675.0899,-0.460724,-1.664444,-1.052551,2.0225,3573.018202
16780.443,1678.0443,0.397446,-0.851685,0.474274,1.052742,3573.047746
16809.982,1680.9982,0.096756,-0.502914,0.429428,0.668351,3573.077285
16839.53,1683.953,0.421173,-0.719223,0.391693,0.920919,3573.106833
16869.073,1686.9073,0.228241,-1.434067,0.5896,1.567249,3573.136376
16898.616,1689.8616,0.001236,-1.456085,0.547119,1.555482,3573.165919
16928.157,1692.8157,0.331345,-1.481888,0.474701,1.59095,3573.19546
16957.701,1695.7701,0.298035,-1.043274,0.433044,1.168235,3573.225004
16987.239,1698.7239,0.101624,-0.733963,0.374191,0.830089,3573.254542
17016.782,1701.6782,0.295288,-0.489685,0.274719,0.634395,3573.284085
17046.32,1704.632,0.261337,-0.422577,0.216156,0.541841,3573.313623
17075.86,1707.586,0.388382,-0.298874,0.236038,0.543949,3573.343163
17105.401,1710.5401,0.164413,-0.316193,0.300125,0.465923,3573.372704
17134.943,1713.4943,0.090286,-0.468246,0.561676,0.736808,3573.402246
17164.485,1716.4485,0.183578,-0.509018,0.542297,0.766085,3573.431788
17194.035,1719.4035,0.313889,-0.870361,0.706985,1.164424,3573.461338
17223.581,1722.3581,0.261108,-1.339325,0.90123,1.635293,3573.490884
17253.123,1725.3123,0.015991,-1.04718,0.551056,1.183429,3573.520426
17282.665,1728.2665,-0.20015,-1.536087,-0.243225,1.56805,3573.549968
17312.206,1731.2206,-0.352524,-1.664505,-0.190567,1.712065,3573.579509
17341.745,1734.1745,-0.361053,-1.68071,0.240631,1.735813,3573.609048
17371.292,1737.1292,0.203033,-1.149078,0.047806,1.167857,3573.638595
17400.837,1740.0837,0.109406,-1.104553,0.11203,1.115598,3573.66814
17430.378,1743.0378,0.052689,-1.043518,0.257187,1.076035,3573.697681
17459.921,1745.9921,-0.051392,-0.962372,0.135681,0.973247,3573.727224
17489.464,1748.9464,-0.170334,-0.986069,0.17865,1.016494,3573.756767
17519.002,1751.9002,-0.063339,-0.938919,0.121185,0.948824,3573.786305
17548.552,1754.8552,-0.093872,-0.969482,0.19957,0.994252,3573.815855
17578.1,1757.81,-0.127747,-0.932755,0.200867,0.962651,3573.845403
17607.643,1760.7643,-0.088318,-0.953537,0.157898,0.970549,3573.874946
17637.191,1763.7191,-0.056488,-0.982391,0.151718,0.995642,3573.904494
17666.735,1766.6735,-0.169373,-0.92012,0.202728,0.957292,3573.934038
17696.277,1769.6277,-0.199661,-0.987183,0.194641,1.025807,3573.96358
17725.826,1772.5826,-0.005386,-0.939224,0.221237,0.964944,3573.993129
17755.371,1775.5371,-0.114517,-0.997513,0.186432,1.021226,3574.022674
17784.914,1778.4914,-0.287598,-1.014191,0.150375,1.064851,3574.052217
17814.458,1781.4458,-0.239944,-0.883911,0.215073,0.940813,3574.081761
17844.004,1784.4004,0.111862,-1.181702,0.261215,1.215387,3574.111307
17873.548,1787.3548,0.350189,-1.216217,0.351303,1.31348,3574.140851
17903.094,1790.3094,0.540955,-0.407425,0.53212,0.861266,3574.170397
17932.638,1793.2638,-0.135574,-1.283112,0.05249,1.291321,3574.199941
17962.183,1796.2183,-0.293091,-1.284515,1.109589,1.722518,3574.229486
17991.726,1799.1726,-0.327133,-1.561707,-0.828186,1.797731,3574.259029
18021.268,1802.1268,0.265793,-0.711365,0.431763,0.873559,3574.288571
18050.81,1805.081,0.410965,-0.483093,0.368484,0.73352,3574.318113
18080.354,1808.0354,0.608902,-0.802612,0.527328,1.137112,3574.347657
18109.895,1810.9895,0.041901,-1.397263,0.604263,1.522903,3574.377198
18139.437,1813.9437,0.117752,-1.654938,0.617722,1.770385,3574.40674
18168.979,1816.8979,0.278885,-1.32135,0.463043,1.427639,3574.436282
18198.52,1819.852,0.301041,-0.97435,0.441055,1.111086,3574.465823
18228.062,1822.8062,0.174606,-0.626999,0.44191,0.786702,3574.495365
18257.602,1825.7602,0.19072,-0.534134,0.348587,0.665722,3574.524905
18287.132,1828.7132,0.281113,-0.443253,0.306625,0.607879,3574.554435
18316.689,1831.6689,0.301788,-0.547867,0.310425,0.698282,3574.583992
18346.231,1834.6231,0.232681,-0.482147,0.266113,0.597848,3574.613534
18375.772,1837.5772,0.14006,-0.417053,0.271317,0.516878,3574.643075
18405.314,1840.5314,0.024185,-0.688965,0.263794,0.738136,3574.672617
18434.856,1843.4856,0.310944,-0.79776,0.526321,1.005048,3574.702159
18464.401,1846.4401,0.328049,-1.131805,0.879837,1.470616,3574.731704
18493.944,1849.3944,-0.187927,-1.108765,0.563873,1.258026,3574.761247
18523.486,1852.3486,0.214218,-1.530655,-0.018753,1.545686,3574.790789
18553.03,1855.303,-0.022369,-1.558899,-0.171722,1.568488,3574.820333
18582.573,1858.2573,-0.225922,-1.657104,0.227905,1.687891,3574.849876
18612.116,1861.2116,0.029419,-1.130127,0.267227,1.161664,3574.879419
18641.656,1864.1656,0.060013,-1.072861,0.245056,1.102127,3574.908959
18671.201,1867.1201,-0.055328,-1.036636,0.240433,1.065591,3574.938504
18700.743,1870.0743,-0.025253,-0.913422,0.141968,0.924733,3574.968046
18730.286,1873.0286,-0.072327,-0.943924,0.17482,0.962697,3574.997589
18759.828,1875.9828,0.042618,-0.978394,0.220886,1.003923,3575.027131
18789.368,1878.9368,-0.026642,-0.997971,0.161026,1.011229,3575.056671
18818.912,1881.8912,-0.134995,-0.955292,0.124084,0.97273,3575.086215
18848.45,1884.845,-0.30928,-0.907303,0.127304,0.966985,3575.115753
18877.988,1887.7988,-0.110977,-0.946243,0.145966,0.963846,3575.145291
18907.529,1890.7529,-0.027084,-0.976013,0.179138,0.992686,3575.174832
18937.07,1893.707,-0.077698,-0.992905,0.214981,1.018879,3575.204373
18966.613,1896.6613,0.000961,-1.000839,0.262344,1.034652,3575.233916
18996.156,1899.6156,-0.014481,-0.972855,0.257828,1.006544,3575.263459
19025.698,1902.5698,-0.108444,-1.049957,0.217117,1.077641,3575.293001
19055.241,1905.5241,-0.016907,-0.940567,0.138306,0.950832,3575.322544
19084.782,1908.4782,-0.042755,-1.104889,0.4142,1.180749,3575.352085
19114.325,1911.4325,0.249542,-1.08873,0.238953,1.142236,3575.381628
19143.866,1914.3866,0.250519,-0.644302,0.533127,0.872989,3575.411169
19173.413,1917.3413,-0.244522,-1.13678,0.234558,1.186203,3575.440716
19202.957,1920.2957,0.301285,-0.753326,0.875427,1.193585,3575.47026
19232.501,1923.2501,-0.86058,-2.598022,-2.070251,3.431656,3575.499804
19262.043,1926.2043,-0.024857,-0.902191,0.301041,0.951416,3575.529346
19291.584,1929.1584,-0.023865,-0.858749,0.392014,0.944296,3575.558887
19321.127,1932.1127,-0.011368,-0.460052,0.101852,0.471329,3575.58843
19350.674,1935.0674,0.330017,-0.612671,0.089645,0.70165,3575.617977
19380.215,1938.0215,0.256699,-1.203415,0.52153,1.336449,3575.647518
19409.756,1940.9756,0.250336,-1.665009,0.541443,1.768638,3575.677059
19439.3,1943.93,0.165451,-1.724701,0.73172,1.880793,3575.706603
19468.846,1946.8846,0.122742,-0.987366,0.645905,1.186233,3575.736149
19498.389,1949.8389,0.180618,-0.632889,0.352631,0.746672,3575.765692
19527.933,1952.7933,0.389572,-0.493149,0.371841,0.730225,3575.795236
19557.477,1955.7477,0.219803,-0.303131,0.222122,0.435362,3575.82478
19587.02,1958.702,0.382874,-0.309006,0.13974,0.511472,3575.854323
19616.56,1961.656,0.427383,-0.152054,0.234772,0.510779,3575.883863
19646.101,1964.6101,0.174133,-0.352554,0.601364,0.718509,3575.913404
19675.643,1967.5643,0.103241,-0.569763,0.553665,0.801145,3575.942946
19705.184,1970.5184,0.356018,-0.76506,0.884567,1.222508,3575.972487
19734.725,1973.4725,0.158142,-1.534103,1.085327,1.885847,3576.002028
19764.269,1976.4269,-0.005432,-1.14917,0.636063,1.313467,3576.031572
19793.811,1979.3811,0.01062,-1.99559,-0.318192,2.020826,3576.061114
19823.35,1982.335,-0.050995,-1.696121,-0.036194,1.697274,3576.090653
19852.896,1985.2896,-0.013809,-1.340515,-0.059753,1.341917,3576.120199
19882.438,1988.2438,0.004486,-1.129105,0.108948,1.134358,3576.149741
19911.98,1991.198,0.01828,-1.076874,0.136002,1.085582,3576.179283
19941.521,1994.1521,-0.098282,-0.989929,0.156387,1.007013,3576.208824
19971.067,1997.1067,-0.118561,-0.898727,0.13208,0.916086,3576.23837
20000.61,2000.061,-0.070663,-0.912796,0.199463,0.937003,3576.267913
20030.158,2003.0158,-0.130356,-0.959839,0.210114,0.991177,3576.297461
20059.704,2005.9704,-0.085434,-0.945404,0.217575,0.973872,3576.327007
20089.247,2008.9247,-0.04483,-0.999573,0.189651,1.018392,3576.35655
20118.793,2011.8793,-0.090454,-0.95314,0.190277,0.976147,3576.386096
20148.33,2014.833,-0.266296,-0.9823,0.216995,1.040631,3576.415633
20177.879,2017.7879,-0.073914,-0.924927,0.243607,0.959321,3576.445182
20207.422,2020.7422,0.001846,-1.021423,0.208786,1.042545,3576.474725
20236.967,2023.6967,-0.18103,-1.038879,0.305023,1.097762,3576.50427
20266.511,2026.6511,-0.131805,-0.926926,0.275558,0.975959,3576.533814
20296.054,2029.6054,-0.147064,-1.084412,0.260025,1.124806,3576.563357
20325.594,2032.5594,0.880417,-1.359802,0.298874,1.647277,3576.592897
20355.142,2035.5142,0.592697,-0.808868,0.723907,1.23677,3576.622445
20384.687,2038.4687,-0.182037,-0.675323,0.674469,0.971652,3576.65199
20414.23,2041.423,-0.049805,-1.259598,0.770401,1.477357,3576.681533
20443.774,2044.3774,-0.43222,-1.680756,-0.742386,1.887562,3576.711077
20473.318,2047.3318,0.512177,-0.712021,0.402786,0.965161,3576.740621
20502.784,2050.2784,0.522491,-0.279602,0.364395,0.695671,3576.770087
20532.348,2053.2348,0.312744,-1.064743,0.90387,1.431247,3576.799651
20561.894,2056.1894,-0.000168,-1.787201,0.672958,1.909702,3576.829197
20591.437,2059.1437,0.174622,-1.701187,0.450256,1.768406,3576.85874
20620.983,2062.0983,0.197021,-1.048965,0.443253,1.15569,3576.888286
20650.527,2065.0527,0.255814,-0.653595,0.358261,0.788022,3576.91783
20680.069,2068.0069,0.317459,-0.576401,0.311035,0.727847,3576.947372
20709.616,2070.9616,0.342636,-0.438217,0.238831,0.605371,3576.976919
20739.162,2073.9162,0.349564,-0.323273,0.210709,0.520671,3577.006465
20768.707,2076.8707,0.246841,-0.246994,0.240433,0.423963,3577.03601
20798.245,2079.8245,0.203445,-0.173279,0.39975,0.480849,3577.065548
20827.794,2082.7794,-0.072174,-0.633713,0.228073,0.677361,3577.095097
20857.339,2085.7339,0.476974,-0.808334,0.661774,1.148413,3577.124642
20886.883,2088.6883,0.214951,-1.390579,0.844864,1.641252,3577.154186
20916.429,2091.6429,-0.058701,-1.008484,0.595154,1.172473,3577.183732
20945.975,2094.5975,-0.118347,-1.663666,-0.207382,1.680713,3577.213278
20975.52,2097.552,-0.300018,-2.031647,-0.219986,2.065428,3577.242823
21005.067,2100.5067,-0.172058,-1.495209,0.113632,1.509359,3577.27237
21034.61,2103.461,-0.064453,-1.238235,0.069962,1.241884,3577.301913
21064.151,2106.4151,0.015778,-1.159225,0.130493,1.166654,3577.331454
21093.696,2109.3696,-0.000992,-1.04158,0.149704,1.052284,3577.360999
21123.242,2112.3242,-0.125656,-0.985931,0.219299,1.017813,3577.390545
21152.786,2115.2786,-0.073288,-0.945679,0.251221,0.981219,3577.420089
21182.33,2118.233,0.01416,-0.979843,0.20665,1.001497,3577.449633
21211.87,2121.187,-0.050247,-0.974091,0.216064,0.99903,3577.479173
21241.416,2124.1416,-0.125427,-0.950073,0.148117,0.969696,3577.508719
21270.955,2127.0955,-0.138947,-0.957062,0.091324,0.971398,3577.538258
21300.497,2130.0497,-0.138611,-0.963486,0.108139,0.979394,3577.5678
21330.04,2133.004,-0.132095,-0.952087,0.131119,0.970109,3577.597343
21359.584,2135.9584,-0.130661,-0.979523,0.234222,1.015577,3577.626887
21389.129,2138.9129,-0.073196,-0.923218,0.251358,0.95962,3577.656432
21418.673,2141.8673,-0.068344,-1.059189,0.223633,1.084695,3577.685976
21448.216,2144.8216,0.056976,-1.013046,0.152374,1.026025,3577.715519
21477.761,2147.7761,-0.191132,-0.917755,0.392349,1.01624,3577.745064
21507.307,2150.7307,-0.06076,-1.251129,0.355499,1.302074,3577.77461
21536.852,2153.6852,0.390778,-0.975677,0.531418,1.177735,3577.804155
21566.396,2156.6396,0.861847,-0.51503,-0.078415,1.007067,3577.833699
21595.94,2159.594,-0.092255,-1.232819,0.138123,1.243958,3577.863243
21625.484,2162.5484,-1.351089,-2.30394,-0.528351,2.722634,3577.892787
21655.027,2165.5027,-0.007812,-0.859879,0.250626,0.895693,3577.92233
21684.566,2168.4566,0.497772,-0.94368,0.224792,1.09034,3577.951869
21714.108,2171.4108,-0.096771,-1.019623,0.31192,1.070649,3577.981411
21743.65,2174.365,0.136169,0.261307,0.239746,0.37987,3578.010953
21773.192,2177.3192,0.609772,-1.359741,0.387009,1.539641,3578.040495
21802.733,2180.2733,0.113739,-1.660645,0.414673,1.71541,3578.070036
21832.271,2183.2271,0.058044,-1.727539,0.53009,1.80797,3578.099574
21861.812,2186.1812,0.388382,-1.270859,0.541397,1.434933,3578.129115
21891.348,2189.1348,0.29808,-0.863373,0.392288,0.99406,3578.158651
21920.896,2192.0896,0.267288,-0.597427,0.370728,0.752198,3578.188199
21950.44,2195.044,0.20163,-0.463821,0.393188,0.640611,3578.217743
21979.984,2197.9984,0.171371,-0.376999,0.335388,0.532899,3578.247287
22009.528,2200.9528,0.280197,-0.377716,0.325867,0.572162,3578.276831
22039.07,2203.907,0.293411,-0.388275,0.383286,0.61948,3578.306373
22068.609,2206.8609,0.269165,-0.560547,0.528076,0.815798,3578.335912
22098.158,2209.8158,0.44841,-0.569717,0.572586,0.923853,3578.365461
22127.703,2212.7703,0.384109,-0.836823,0.631439,1.11648,3578.395006
22157.247,2215.7247,0.22876,-1.481171,0.757767,1.679407,3578.42455
22186.791,2218.6791,-0.167191,-1.038437,0.702621,1.264903,3578.454094
22216.334,2221.6334,0.013962,-1.365021,-0.061874,1.366494,3578.483637
22245.871,2224.5871,-0.064148,-1.632263,-0.314911,1.663601,3578.513174
22275.417,2227.5417,-0.289856,-1.573685,0.042297,1.600715,3578.54272
22304.96,2230.496,0.033524,-1.071075,0.097122,1.075992,3578.572263
22334.504,2233.4504,0.029373,-1.031204,0.261795,1.064322,3578.601807
22364.046,2236.4046,0.034439,-1.012375,0.277298,1.05023,3578.631349
22393.589,2239.3589,0.04599,-0.960007,0.246429,0.992197,3578.660892
22423.125,2242.3125,-0.022598,-0.94783,0.24173,0.97843,3578.690428
22452.677,2245.2677,-0.070526,-0.968613,0.245041,1.001613,3578.71998
22482.221,2248.2221,0.042053,-0.94487,0.204102,0.967577,3578.749524
22511.764,2251.1764,0.133499,-1.047592,0.221375,1.079017,3578.779067
22541.313,2254.1313,0.096542,-0.958649,0.297562,1.0084,3578.808616
22570.857,2257.0857,0.124252,-0.968079,0.326462,1.029171,3578.83816
22600.398,2260.0398,0.007446,-0.94136,0.369125,1.011172,3578.867701
22629.947,2262.9947,-0.174561,-0.938492,0.297867,0.999981,3578.89725
22659.494,2265.9494,-0.123581,-0.942902,0.195236,0.9708,3578.926797
22689.039,2268.9039,-0.099915,-0.996933,0.177322,1.017498,3578.956342
22718.585,2271.8585,-0.022354,-0.981064,0.176529,0.99707,3578.985888
22748.133,2274.8133,-0.124039,-0.991974,0.209015,1.021315,3579.015436
22777.664,2277.7664,-0.130981,-0.997269,0.239456,1.033944,3579.044967
22807.225,2280.7225,0.017563,-0.968689,0.217453,0.992951,3579.074528
22836.774,2283.6774,-0.152634,-0.947311,0.15062,0.971279,3579.104077
22866.323,2286.6323,-0.300049,-1.006027,0.171173,1.063682,3579.133626
22895.868,2289.5868,0.051788,-1.054443,0.052185,1.057003,3579.163171
22925.413,2292.5413,0.047485,-0.833633,0.206696,0.860188,3579.192716
22954.957,2295.4957,-0.291962,-1.153137,0.328812,1.234133,3579.22226
22984.501,2298.4501,-0.125259,-0.940979,0.294785,0.993997,3579.251804
23014.049,2301.4049,0.52449,-0.4832,-0.237106,0.751526,3579.281352
23043.595,2304.3595,0.16951,-1.309158,0.335327,1.362011,3579.310898
23073.139,2307.3139,-1.014435,-2.071976,-1.019135,2.522062,3579.340442
23102.687,2310.2687,-0.05867,-0.800797,0.356125,0.878375,3579.36999
23132.237,2313.2237,-0.107742,-0.922852,0.112823,0.935945,3579.39954
23161.788,2316.1788,-0.047791,-0.882782,0.048599,0.885409,3579.429091
23191.332,2319.1332,-0.027924,-0.834793,-0.001831,0.835262,3579.458635
23220.879,2322.0879,-0.113235,-0.767548,-0.025192,0.776264,3579.488182
23250.426,2325.0426,-0.139694,-0.768997,-0.081238,0.785793,3579.517729
23279.974,2327.9974,-0.073456,-0.797394,-0.148514,0.814426,3579.547277
23309.522,2330.9522,-0.084991,-0.800537,-0.195587,0.828455,3579.576825
23339.069,2333.9069,-0.280136,-0.86174,-0.175995,0.923064,3579.606372
23368.616,2336.8616,-0.166046,-0.813751,-0.11763,0.838808,3579.635919
23398.162,2339.8162,-0.124512,-0.851074,-0.117859,0.868171,3579.665465
23427.709,2342.7709,-0.227524,-1.044922,-0.155563,1.080661,3579.695012
23457.255,2345.7255,-0.190125,-1.123093,-0.122635,1.145654,3579.724558
23486.8,2348.68,-0.121994,-1.080063,-0.060715,1.088625,3579.754103
23516.348,2351.6348,-0.096664,-1.090149,-0.016342,1.094548,3579.783651
23545.89,2354.589,-0.056839,-1.060226,-0.010162,1.061798,3579.813193
23575.437,2357.5437,-0.105164,-1.007751,0.024582,1.013522,3579.84274
23604.983,2360.4983,-0.17041,-0.925751,0.027359,0.941702,3579.872286
23634.532,2363.4532,-0.163452,-0.936371,0.013519,0.950626,3579.901835
23664.081,2366.4081,-0.05481,-0.943954,-0.00882,0.945585,3579.931384
23693.625,2369.3625,0.086426,-0.996872,0.05835,1.002311,3579.960928
23723.168,2372.3168,0.047791,-1.056747,0.099243,1.062473,3579.990471
23752.717,2375.2717,0.029388,-1.004593,0.232468,1.031558,3580.02002
23782.261,2378.2261,0.078339,-1.013016,0.173752,1.03079,3580.049564
23811.805,2381.1805,0.147446,-1.016937,0.147598,1.038117,3580.079108
23841.35,2384.135,0.14119,-1.080032,0.07663,1.091914,3580.108653
23870.893,2387.0893,0.089615,-1.067383,0.044464,1.072061,3580.138196
23900.439,2390.0439,-0.037552,-1.031815,-0.032181,1.032999,3580.167742
23929.988,2392.9988,-0.100357,-0.948151,-0.095337,0.958202,3580.197291
23959.535,2395.9535,-0.021347,-0.984467,-0.033051,0.985252,3580.226838
23989.079,2398.9079,-0.002106,-1.001251,0.0177,1.00141,3580.256382
24018.625,2401.8625,0.015427,-0.990219,0.039642,0.991132,3580.285928
24048.172,2404.8172,0.034485,-0.98941,0.03627,0.990675,3580.315475
24077.72,2407.772,0.037567,-0.995239,0.038651,0.996698,3580.345023
24107.268,2410.7268,0.03566,-0.992126,0.046539,0.993857,3580.374571
24136.813,2413.6813,0.047424,-0.989151,0.054459,0.991783,3580.404116
24166.364,2416.6364,0.050659,-0.991745,0.067245,0.995312,3580.433667
24195.91,2419.591,0.031189,-0.991638,0.063202,0.99414,3580.463213
24225.458,2422.5458,0.033234,-0.974335,0.054962,0.976449,3580.492761
24255.008,2425.5008,0.034729,-0.984161,0.058304,0.986498,3580.522311
24284.554,2428.4554,0.034958,-0.989197,0.054977,0.99134,3580.551857
24314.101,2431.4101,0.032669,-0.986191,0.052109,0.988107,3580.581404
24343.647,2434.3647,0.027573,-0.979782,0.055725,0.981753,3580.61095
24373.188,2437.3188,0.029678,-0.982925,0.058868,0.985134,3580.640491
24402.728,2440.2728,0.049194,-0.987091,0.067566,0.990623,3580.670031
24432.272,2443.2272,0.053253,-0.995605,0.071991,0.999624,3580.699575
24461.816,2446.1816,0.054977,-0.982468,0.07843,0.987125,3580.729119
24491.361,2449.1361,0.058044,-0.985504,0.081528,0.990573,3580.758664
24520.899,2452.0899,0.049637,-0.988541,0.080505,0.993055,3580.788202
24550.446,2455.0446,0.037231,-0.98201,0.066467,0.984961,3580.817749
24579.989,2457.9989,0.024551,-0.966476,0.064911,0.968965,3580.847292
24609.532,2460.9532,0.026871,-0.977005,0.056671,0.979016,3580.876835
24639.075,2463.9075,0.025558,-0.991974,0.056,0.993882,3580.906378
24668.618,2466.8618,0.021439,-0.993774,0.04689,0.995111,3580.935921
24698.154,2469.8154,0.015411,-0.99646,0.060593,0.998419,3580.965457
24727.701,2472.7701,0.02359,-0.992676,0.06189,0.994883,3580.995004
24757.243,2475.7243,0.017365,-0.99231,0.074249,0.995235,3581.024546
24786.784,2478.6784,0.011536,-0.988785,0.074036,0.99162,3581.054087
24816.325,2481.6325,0.01355,-0.978622,0.075699,0.981639,3581.083628
24845.872,2484.5872,0.015594,-0.990204,0.079376,0.993503,3581.113175
24875.409,2487.5409,0.016739,-0.986511,0.085739,0.990372,3581.142712
24904.955,2490.4955,0.013809,-0.988144,0.084991,0.991888,3581.172258
24934.496,2493.4496,0.011963,-0.987152,0.0849,0.990868,3581.201799
24964.04,2496.404,0.003769,-0.980865,0.084579,0.984513,3581.231343
24993.583,2499.3583,0.00293,-0.981445,0.077225,0.984483,3581.260886
25023.125,2502.3125,0.007187,-0.985062,0.08046,0.988368,3581.290428
25052.65,2505.265,0.008011,-0.99292,0.081314,0.996276,3581.319953
25082.214,2508.2214,0.005005,-0.980621,0.087051,0.98449,3581.349517
25111.756,2511.1756,0.013412,-0.984726,0.100845,0.989967,3581.379059
25141.3,2514.13,0.033005,-0.982254,0.113358,0.989324,3581.408603
25170.843,2517.0843,0.028473,-0.986923,0.116364,0.994167,3581.438146
25200.388,2520.0388,0.010635,-0.982117,0.119949,0.989472,3581.467691
25229.929,2522.9929,0.006561,-0.97345,0.104462,0.979061,3581.497232
25259.467,2525.9467,0.003113,-0.98877,0.094604,0.99329,3581.52677
25289.008,2528.9008,-0.012299,-0.984314,0.08757,0.988278,3581.556311
25318.548,2531.8548,-0.012253,-0.981857,0.094711,0.986491,3581.585851
25348.088,2534.8088,-0.012527,-0.988052,0.097946,0.992974,3581.615391
25377.631,2537.7631,0.000183,-0.984299,0.113327,0.990801,3581.644934
25407.173,2540.7173,0.014236,-0.983978,0.121658,0.991573,3581.674476
25436.715,2543.6715,0.020142,-0.982468,0.124496,0.990529,3581.704018
25466.259,2546.6259,0.001724,-0.983795,0.123657,0.991538,3581.733562
25495.743,2549.5743,0.002228,-0.981171,0.128525,0.989555,3581.763046
25525.288,2552.5288,0.02301,-0.983231,0.124069,0.991295,3581.792591
25554.83,2555.483,0.008881,-0.9841,0.136032,0.993497,3581.822133
25584.375,2558.4375,0.008133,-0.979797,0.132004,0.988683,3581.851678
25613.918,2561.3918,-0.001175,-0.976318,0.117645,0.983382,3581.881221
25643.46,2564.346,-0.002213,-0.988022,0.115479,0.99475,3581.910763
25673.004,2567.3004,-0.02034,-0.968948,0.128098,0.977591,3581.940307
25702.546,2570.2546,-0.017822,-0.984894,0.123276,0.992739,3581.969849
25732.089,2573.2089,-0.019272,-0.992783,0.107651,0.998788,3581.999392
25761.634,2576.1634,-0.041626,-0.975021,0.116028,0.982783,3582.028937
25791.178,2579.1178,-0.026184,-1.000519,0.109375,1.00682,3582.058481
25820.72,2582.072,-0.027481,-0.981384,0.123886,0.989554,3582.088023
25850.245,2585.0245,-0.042313,-0.981445,0.106079,0.988068,3582.117548
25879.803,2587.9803,-0.065369,-0.978989,0.095047,0.985762,3582.147106
25909.348,2590.9348,-0.036301,-0.967407,0.068802,0.97053,3582.176651
25938.89,2593.889,-0.062622,-0.979324,0.095322,0.985943,3582.206193
25968.43,2596.843,-0.042145,-0.984482,0.112961,0.991837,3582.235733
25997.971,2599.7971,-0.006439,-0.993195,0.120972,1.000555,3582.265274
26027.512,2602.7512,0.032089,-0.979797,0.156723,0.992771,3582.294815
26057.052,2605.7052,0.051147,-0.996017,0.154541,1.009232,3582.324355
26086.593,2608.6593,0.016602,-0.993103,0.14537,1.003824,3582.353896
26116.135,2611.6135,0.01413,-0.971237,0.147247,0.982437,3582.383438
26145.675,2614.5675,0.046173,-0.987045,0.155273,1.00025,3582.412978
26175.213,2617.5213,0.043533,-0.985046,0.166992,1.000049,3582.442516
26204.756,2620.4756,0.030167,-0.997101,0.17778,1.013275,3582.472059
26234.299,2623.4299,0.068542,-0.993393,0.203766,1.01639,3582.501602
26263.836,2626.3836,0.100021,-0.982025,0.19606,1.006388,3582.531139
26293.384,2629.3384,0.059265,-1.056885,0.177536,1.07333,3582.560687
26322.923,2632.2923,0.016678,-1.003983,0.116867,1.010899,3582.590226
26352.464,2635.2464,0.031876,-1.026245,0.122314,1.034,3582.619767
26382.005,2638.2005,0.008469,-1.007278,0.056427,1.008893,3582.649308
26411.547,2641.1547,0.016708,-0.911697,0.10498,0.917874,3582.67885
26441.084,2644.1084,0.0112,-0.897095,0.051788,0.898658,3582.708387
26470.631,2647.0631,0.022659,-0.948029,0.013031,0.948389,3582.737934
26500.172,2650.0172,0.013687,-0.982849,-0.010452,0.983,3582.767475
26529.714,2652.9714,0.051361,-0.965515,-0.107254,0.972811,3582.797017
26559.256,2655.9256,-0.047104,-1.002304,-0.073456,1.006095,3582.826559
26588.797,2658.8797,-0.081329,-0.992981,-0.127991,1.004494,3582.8561
26618.335,2661.8335,-0.061707,-0.985291,-0.112335,0.993592,3582.885638
26647.879,2664.7879,-0.02684,-0.983047,-0.099274,0.988412,3582.915182
26677.421,2667.7421,-0.037674,-0.981308,-0.101608,0.987273,3582.944724
26706.962,2670.6962,0.009811,-0.996719,-0.079254,0.999913,3582.974265
26736.502,2673.6502,0.02121,-0.985794,-0.058029,0.987728,3583.003805
26766.045,2676.6045,0.008301,-0.994934,-0.046753,0.996067,3583.033348
26795.58,2679.558,0.017044,-0.996582,-0.064468,0.998811,3583.062883
26825.124,2682.5124,-0.00148,-0.970718,-0.111649,0.977119,3583.092427
26854.665,2685.4665,-0.039062,-0.990982,-0.115356,0.998438,3583.121968
26884.206,2688.4206,-0.050934,-0.983963,-0.125565,0.993249,3583.151509
26913.744,2691.3744,-0.054214,-0.965179,-0.134903,0.976068,3583.181047
26943.283,2694.3283,-0.049255,-0.983673,-0.144485,0.995447,3583.210586
26972.82,2697.282,-0.065186,-0.971085,-0.144089,0.983878,3583.240123
27002.362,2700.2362,-0.116699,-0.97995,-0.175385,1.002337,3583.269665
27031.905,2703.1905,-0.129028,-0.948624,-0.231461,0.984941,3583.299208
27061.445,2706.1445,-0.125412,-0.96048,-0.185303,0.986198,3583.328748
27090.986,2709.0986,-0.110199,-0.96933,-0.168594,0.990034,3583.358289
27120.527,2712.0527,-0.100861,-0.969223,-0.183121,0.991514,3583.38783
27150.061,2715.0061,-0.071655,-0.978424,-0.184158,0.99818,3583.417364
27179.613,2717.9613,-0.099213,-0.95166,-0.165909,0.971095,3583.446916
27209.158,2720.9158,-0.101288,-0.980698,-0.167557,1.000051,3583.476461
27238.701,2723.8701,-0.039948,-0.957779,-0.197388,0.978723,3583.506004
