time (ms),  accel x,  accel y,  accel z,  gryo x,  gyro y,  gyro z,  linear accel x,  linear accel y,  linear accel z,  orientation x,  orientation y,  orientation z
1469406533738, 2.6767175, 5.9585695, 7.5213847, -0.32650748, 0.24190263, -0.37843102, -0.07225537, 0.13970661, 0.12176514, 220.14944, -36.39573, 20.380129
1469406533839, 1.8375498, 5.5407815, 6.9228344, -1.6688838, -0.32467487, 0.36926803, -0.5253087, -0.41164017, -0.5038724, 219.12027, -37.371315, 17.648832
1469406533940, 2.0871453, 6.1519012, 7.2322845, -0.021991149, -0.122478485, -0.28038713, -0.31897545, 0.132967, -0.12661505, 219.8257, -37.86191, 18.106062
1469406534042, 2.475006, 5.631162, 6.0860605, 0.010995574, -0.4129449, -0.204029, -0.024518728, -0.48738146, -1.1586747, 220.94797, -38.602802, 19.03508
1469406534149, 1.9644425, 4.281431, 5.0062757, 0.3182608, -0.62949663, -0.18387043, -0.6643646, -1.8975878, -2.140716, 221.37914, -39.056366, 20.194536
1469406534262, 3.0083144, 4.5358152, 2.658761, 1.0338894, -1.3738359, -0.28099802, -0.58244467, -2.3799696, -3.2951255, 229.81326, -44.846817, 31.09397
1469406534368, 6.2422824, 6.487688, 1.1869255, 1.9905044, -1.9828686, -0.5766568, 0.6111841, -0.7731061, -2.2397332, 233.16278, -47.76507, 58.678482
1469406534470, 6.7839704, 9.871892, 0.3333926, 2.251344, -1.142318, -0.94897914, 1.0021625, 2.0484767, -0.9056599, 225.95058, -52.917328, 36.46584
1469406534572, 4.872799, 11.536461, -0.81283146, 1.5564847, -0.29535335, -1.1942415, 0.2842908, 2.8695364, -0.7925871, 210.82126, -117.89821, 27.897976
1469406534675, 0.7080852, 12.0410385, -0.78888947, 0.8894198, 1.2281445, -1.0519099, -2.0552855, 2.6429377, -0.3307564, 207.98714, -106.596596, 16.385183
1469406534784, -0.3585317, 11.763311, -1.6537948, 0.4343252, 1.2666291, -0.35277468, -1.5669098, 2.0721684, -0.7638526, 208.1291, -98.80256, 7.1074653
1469406534887, -0.50637364, 10.051457, -1.5472529, -0.08002335, 0.5900958, -0.21288654, -1.0279403, 0.33925533, -0.29366028, 207.87056, -97.95835, 3.0739563
1469406534989, 2.3588872, 9.093178, -2.633622, -0.23396139, -0.7892379, -0.13347405, 2.540241, -0.61375904, -1.2505443, 213.04066, -98.17754, -1.070327
1469406535104, 0.7320272, 9.613917, -1.2210429, -0.3051272, 0.32925636, -0.18478674, 0.16373861, -0.01212883, 0.56408346, 214.39613, -101.01311, 3.3786237
1469406535229, -0.11791443, 9.48882, -0.80205756, -0.28680122, 0.1020145, -0.045814894, -0.41931322, -0.2221365, 0.5309277, 212.85826, -98.01072, 1.7777174
1469406535334, 0.51355624, 9.694721, -0.6931214, -0.20616703, 0.03390302, 0.0693332, 0.040943682, -0.049697876, 0.30354518, 212.06891, -96.45819, 2.776718
1469406535436, 0.8750807, 9.655815, -0.66498953, -0.1441642, -0.09560041, 0.11453723, 0.2794175, -0.10500717, 0.07119125, 211.86719, -95.541336, 3.4921973
1469406535552, 0.9331401, 9.6049385, -0.51595044, -0.096516706, 0.20769419, 0.14508049, 0.17546993, -0.15469074, 0.07223463, 211.56265, -95.61305, 4.4391446
1469406535653, 1.3377602, 9.49301, -0.8194155, -0.054061573, 0.24495697, 0.16065755, 0.30264032, -0.23864841, -0.19193417, 210.69646, -97.090256, 6.071508
1469406535759, 1.2210429, 9.559449, -0.65900403, -0.08368854, 0.22174409, 0.13194689, 0.008342028, -0.15198326, -0.03622985, 209.02577, -97.99075, 7.1178813
1469406535865, 1.7788919, 9.5013895, -0.5315128, -0.08155051, 0.19211712, 0.12736541, 0.44128752, -0.20127678, -0.042166263, 205.73804, -98.35111, 7.8492894
1469406535968, 1.5334862, 9.753978, -0.6452374, -0.22174409, 0.13439035, -0.035124753, 0.029718876, 0.06717968, -0.371286, 202.47966, -98.96692, 8.824097
1469406536074, 1.0971429, 9.579201, 0.4285621, -0.2012801, 0.25320363, -0.16615535, -0.37553394, -0.1162405, 0.4237053, 199.73395, -81.3631, 8.636852
1469406536176, 0.43035775, 9.750386, 0.59735334, -0.018325957, -0.18570304, 0.03390302, -0.96760494, 0.04613304, 0.38857383, 199.34521, -81.712975, 8.197446
1469406536279, 1.46585, 9.534908, -0.20649989, 0.06414085, -0.14935656, 0.10751228, -0.0966568, -0.14492035, -0.37935588, 198.85765, -80.775505, 9.169525
1469406536382, 1.5981296, 9.636064, 0.27832595, 0.10048734, -0.116980694, 0.17592919, -0.16089427, -0.010749817, 0.15496668, 198.67502, -79.64125, 10.333922
1469406536485, 0.80445176, 9.718663, -0.16639702, 0.20005837, -0.33169982, 0.32559118, -1.2175882, 0.12275028, -0.15107612, 197.99883, -101.899506, 11.899222
1469406536601, -0.5734113, 9.427169, 0.08499416, 0.49418998, -0.06994407, 0.8594874, -3.0803936, -0.049206734, 0.37437052, 196.57861, -104.91219, 14.818172
1469406536703, 2.1338322, 12.925097, -3.2094274, 0.6908886, -0.57818395, 2.0592268, -1.7293234, 3.9779682, -2.1161275, 187.96495, -114.1674, 23.353527
1469406536806, 6.261436, 7.9152308, -2.493561, 0.21074851, 0.053450707, 1.5741998, 0.7460923, -0.0040769577, -0.75116086, 175.52046, -126.14328, 34.855
1469406536914, 5.493496, 6.882133, -2.3708582, -0.5876524, -0.57787853, -1.5974126, 0.18167353, -1.1633029, -0.5747796, 173.85654, -124.874535, 33.43391
1469406537016, 3.7074213, 8.72088, -3.1316159, -0.22937989, 0.4700608, -2.5289822, 0.6801286, -0.51036644, -1.7937171, 184.63585, -109.72472, 18.156374
1469406537118, 3.9791632, 8.918402, -2.3822308, 0.03940081, 0.88239485, -0.69027776, 2.0303218, -0.60508347, -1.0877632, 195.63681, -103.80218, 11.565071
1469406537225, 1.5951369, 9.023148, -2.0632033, 0.05955936, 0.87781334, -0.37965274, -0.11227989, -0.5544729, -0.828575, 198.6965, -102.40715, 10.108018
1469406537329, 2.2499511, 9.320627, -1.2246342, -0.18295415, -0.01740966, -0.14446963, 0.7554445, -0.3086815, -0.12314534, 200.45349, -100.91287, 8.822144
1469406537433, -0.1364695, 9.606734, -2.6635494, -0.34697145, -0.8943067, -0.16279559, -1.258527, -0.10632992, -1.9100492, 201.38115, -97.921906, 6.5896254
1469406537541, -0.45070848, 9.738416, -0.97623575, -0.3481932, 0.7290677, -0.047647487, -1.4944755, -0.0024309158, -0.53254974, 199.42226, -96.64119, 6.1161137
1469406537644, 0.1316811, 9.680356, -0.6757634, -0.27672195, -0.010079277, 0.13958271, -0.95985353, -0.065135, -0.60956514, 199.84315, -96.40227, 6.3907256
1469406537745, 1.3126211, 9.627684, -0.6500258, -0.24770586, 0.12950343, 0.17745635, 0.0091564655, -0.08987236, -0.85120887, 200.27388, -82.270836, 7.6397705
1469406537847, 0.5734113, 9.61691, -0.31783026, -0.30176744, 0.012217305, -0.03634648, -0.83759636, -0.077100754, -0.7712673, 201.28156, -81.307625, 8.281506
1469406537951, 0.6386533, 9.696517, 0.5189432, -0.26297748, -0.014966198, -0.057421334, -0.72856975, 0.016916275, -0.25977737, 202.09348, -80.7672, 8.0397215
1469406538052, 0.6314707, 9.661202, 0.14425065, -0.16646078, -0.26816985, -0.013439035, -0.7124312, -0.002910614, -0.8402526, 202.31004, -80.219315, 7.9168415
1469406538154, 0.31603462, 9.570223, 0.260968, -0.08460484, -0.057421334, 0.0, -1.0199878, -0.08196831, -0.84386253, 202.32585, -79.81748, 7.8806067
1469406538257, 1.0031705, 9.668983, 0.12868834, -0.03604105, -0.094989546, 9.162979E-4, -0.36936843, 0.02580738, -1.009592, 202.84694, -79.523735, 8.100651
1469406538359, 0.48841715, 9.721656, 0.142455, -0.024740042, 0.113926366, -0.06536258, -0.85245967, 0.07745457, -1.0245231, 203.45161, -79.55671, 7.915349
1469406538463, 0.09876082, 9.743204, 0.7715315, -0.03390302, 0.48808134, -0.08460484, -1.1581753, 0.09192848, -0.42987138, 204.12798, -79.78726, 7.4201665
1469406538573, 0.40521863, 9.651027, 0.4261679, 0.035124753, 0.5317582, -0.09590584, -0.6740856, -0.0160141, -0.8203555, 204.57819, -80.32056, 6.3705664
1469406538675, 0.6254852, 9.657013, 0.2621651, 0.057726767, 0.30848694, -0.1328632, -0.31346887, -0.028586388, -0.95354867, 204.85522, -80.98825, 5.53714
1469406538777, -0.093373865, 9.850345, 0.08200141, 0.12950343, 0.36926803, -0.22143865, -0.8096514, 0.13624859, -1.0553987, 204.55452, -82.12199, 4.217123
1469406538885, -0.23044191, 9.661801, 0.4297592, 0.2144137, 0.3659083, -0.25228736, -0.66579324, -0.088674545, -0.52369773, 204.08086, -83.86445, 2.556515
1469406538986, -0.45010993, 9.554062, -0.3728969, 0.26083946, -0.18448131, -0.27000242, -0.6217464, -0.22606945, -1.072904, 204.38327, -85.785416, 1.0054098
1469406539092, -1.5741876, 9.758766, -0.48841715, 0.23090707, -0.15088372, -0.33414328, -1.4437095, -0.03798008, -0.9092934, 205.18564, -87.424736, -0.76304984
1469406539194, -0.7978677, 9.536704, -1.1653777, 0.22540927, -0.37873647, -0.2125811, -0.40903687, -0.26138592, -1.2944454, 210.68054, -87.605835, -2.2725534
1469406539296, -1.4460979, 9.898229, -1.5442601, 0.1863139, -0.18661933, -0.18051068, -0.82855517, 0.111784935, -1.4235154, 217.22404, -93.67877, -3.6106827
1469406539401, 2.12246, 9.344569, -1.2641385, 0.19150625, 0.10048734, 0.042455133, 2.7724326, -0.4342718, -0.91455287, 219.49577, -94.31595, -3.8026998
1469406539504, -0.80445176, 9.461287, -1.917157, 0.26847526, 0.9789116, 0.82894415, -0.94678897, -0.315938, -1.1714959, 213.26672, -94.43963, 0.83405524
1469406539606, 1.1174936, 8.949526, -2.6102784, 0.2452624, 0.591623, 0.86834496, 0.116461635, -0.7515869, -1.5822966, 199.59196, -98.413376, 5.8913484
1469406539711, 1.5388732, 9.037513, -2.7329812, 0.30176744, 0.61575216, 0.9224065, -0.5007818, -0.46697807, -1.4388269, 184.04115, -104.25991, 12.111921
1469406539815, 2.2331917, 9.091981, -2.4510639, 0.2134974, 0.6178902, 0.4728097, -0.59818506, -0.18399239, -0.9984708, 171.7794, -108.93523, 16.974167
1469406539917, 1.7980455, 9.203311, -2.4001873, 0.15668693, 0.75533485, 0.07788532, -1.3624889, 0.037446976, -0.92764854, 163.56549, -110.82706, 19.025
1469406540018, 3.4284968, 10.079589, -2.2948422, -0.22937989, 0.20433442, -0.55924714, 0.6265311, 0.7686329, -1.0199082, 160.07579, -108.29494, 16.748228
1469406540120, 1.1079168, 8.810662, -1.8261774, -0.40408736, -0.09590584, -0.5647449, -1.034735, -0.6999111, -0.76390874, 162.8248, -104.114914, 12.696282
1469406540222, 0.10354923, 9.697714, -1.0163386, -0.3203988, 0.2751948, -0.23304509, -1.6049527, 0.06323719, -0.36190438, 163.20702, -100.75223, 10.055843
1469406540328, 1.1432313, 9.562442, -1.0630256, -0.19120082, 0.5421429, 0.12644911, -0.505285, -0.09776878, -0.6982056, 162.32219, -99.91397, 9.684245
1469406540430, 2.0805612, 9.427768, -1.2240356, -0.19883664, 0.47555858, 0.13194689, 0.20974398, -0.19803333, -1.1040596, 162.59135, -101.0206, 10.998571
1469406540534, 1.8130093, 9.450513, -0.7080852, -0.21319197, 0.32620203, 0.04917465, -0.15476, -0.15568447, -0.8468121, 160.3404, -78.39552, 11.576534
1469406540636, 1.8112136, 9.581595, -0.44891283, -0.21533, -0.032986723, 0.03970624, -0.1964544, -0.011463165, -0.78491706, 158.90941, -78.01988, 11.820451
1469406540740, 2.1308396, 9.478046, -0.60932434, -0.21685717, -0.1908954, -0.03023783, 0.08160734, -0.10233402, -1.0421587, 158.67386, -77.66811, 12.073564
1469406540847, 1.5406688, 9.309854, 0.40102878, -0.28496864, -0.13591751, -0.24220806, -0.39790452, -0.28226948, -0.23419806, 159.53621, -77.99359, 11.425609
1469406540948, 0.95588505, 9.785102, 0.23642741, -0.15027285, -0.16432275, -0.08124508, -0.81804204, 0.17300224, -0.5580039, 160.24608, -78.568214, 10.4563675
1469406541053, 1.3281834, 9.601347, 0.13946225, -0.09407325, -0.10293079, 0.028710667, -0.4198054, -0.008952141, -0.7306255, 161.39334, -78.51527, 10.308665
1469406541155, 1.412579, 9.625888, 0.1376666, -0.09773844, -0.053145275, -0.042455133, -0.36316037, 0.021583557, -0.74239254, 163.03616, -78.340645, 10.4751215
1469406541260, 1.0941502, 9.7719345, 0.44711718, -0.06994407, -0.19211712, -0.0018325958, -0.6560267, 0.1663866, -0.4698054, 164.38179, -78.37668, 10.326287
1469406541368, 1.4987702, 9.676167, 0.1412579, -0.058948494, -0.33475417, 0.013133603, -0.3092171, 0.07728195, -0.7322493, 165.55144, -78.185005, 10.666911
1469406541471, 1.3976152, 9.54209, 0.13347675, -0.04428773, -0.3390302, -0.05955936, -0.42473865, -0.05936241, -0.67987907, 166.63126, -78.25852, 10.746896
1469406541579, 1.389834, 9.51755, 0.3309984, -0.0033597588, -0.1386664, -0.060170226, -0.3935405, -0.09633732, -0.41943535, 168.08199, -78.62105, 10.508906
1469406541681, 0.9391256, 9.598354, 0.27712885, 0.056505036, -0.006414085, -0.051618114, -0.7991069, -0.02918911, -0.40061614, 169.61604, -79.0328, 10.234376
1469406541785, 1.2455834, 9.537901, 0.23762453, 0.111177474, -0.0125227375, -0.040927973, -0.4456389, -0.1062479, -0.3106243, 171.04625, -79.555016, 9.946399
1469406541888, 0.9235633, 9.626487, 0.095169514, 0.20525073, -0.21471913, -0.039095376, -0.7255979, -0.033516884, -0.27222413, 171.7996, -80.07901, 9.688165
1469406541991, 0.31004912, 9.532514, 0.06584055, 0.38423425, -0.29657507, 0.05589417, -1.3077466, -0.13977528, 0.06761399, 171.27512, -99.49536, 9.495446
1469406542095, 0.59376204, 9.46847, -1.0654198, 0.52106804, -0.32834008, 0.15271631, -1.1075107, -0.17466831, -0.5306793, 173.28839, -100.477516, 10.005343
1469406542198, 1.638831, 9.466674, -1.7711107, 0.4978552, -0.5338962, 0.21288654, -0.21992493, -0.082886696, -0.5376853, 174.46886, -103.148415, 11.014507
1469406542300, 0.6075287, 9.763555, 0.15263036, 0.22999077, -0.7021896, 0.30298916, -1.3081043, 0.30320835, 1.8854332, 175.47081, -105.271866, 11.44709
1469406542403, 0.7691373, 10.583569, -2.0392613, -0.66859204, -3.0094275, 0.37934732, -1.109484, 1.128048, -0.2408278, 184.19113, -105.378555, 11.237184
1469406542512, 4.345476, 9.7324295, -2.5839422, -0.5525276, -2.2898283, 0.37018433, 2.8433933, 0.26127815, -0.5317576, 208.62193, -105.03036, 9.011802
1469406542615, 4.015076, 9.096769, -1.9512744, -0.025961773, -0.9074403, 1.0882565, 2.0775082, -0.3175993, -0.0055377483, 215.78772, -106.26055, 11.629639
1469406542718, 0.76075757, 9.476849, -2.2601264, -0.47616947, -1.4850134, 0.86345804, -2.0026474, 0.27211857, -0.30898237, 215.93677, -110.178734, 16.710585
1469406542828, 1.5346833, 10.038289, -1.6166847, -0.72021013, -1.1823297, -0.25625798, -0.99066484, 0.7218332, 0.11441147, 223.086, -108.19229, 15.166338
1469406542930, 0.12689269, 9.076419, -1.520318, -0.6786713, -1.1588113, -0.030848695, -2.0537848, -0.38947105, -0.17422545, 231.35889, -105.14844, 12.973014
1469406543034, 1.4047978, 9.500193, -0.46387658, -0.6462954, -1.4077389, -0.52015173, -0.20845139, -0.11703205, 0.5738169, 246.65923, -101.27971, 9.522471
1469406543136, 4.0892963, 8.227076, -1.376666, -0.3631594, -2.0069978, 0.09437868, 2.8905518, -1.4844351, -0.7286293, 258.75974, -97.98747, 7.036736
1469406543239, -1.2437878, 9.51755, 0.03232172, 0.047647487, 1.6245961, 0.27885997, -2.6621127, -0.17299366, 0.53439736, 258.50845, -98.8254, 8.326788
1469406543345, 1.9524715, 9.394249, -0.6655881, -0.22632557, -0.226631, 0.42088616, 0.10146451, -0.22601032, -0.22425476, 254.74808, -101.18873, 10.891025
1469406543448, 2.6569653, 9.767744, -0.01316811, -0.3155119, -0.6808093, 0.35216382, 0.44212866, 0.2158413, 0.14824966, 249.54056, -103.08812, 13.054692
1469406543551, 1.7788919, 9.357139, 0.29987377, -0.21533, -0.3036, 0.16157386, -0.68820846, -0.1340704, 0.27214113, 245.80328, -75.428406, 14.570744
1469406543656, 1.762731, 9.764751, 0.40402153, -0.1572978, -0.33292156, 0.37568212, -0.9438387, 0.33971596, 0.2874354, 244.62021, -73.96354, 16.022377
1469406543758, 1.198298, 9.366715, 0.8912416, -0.028405234, -0.29749137, 0.7079928, -1.9198358, 0.06981182, 0.76787096, 242.60965, -71.4453, 18.54119
1469406543860, 3.210026, 10.1143055, -0.017357962, 0.06536258, -0.17165314, 1.0928379, -0.7424736, 1.1395149, -0.052877016, 235.79071, -66.23044, 23.768703
1469406543979, 1.899799, 11.66874, -0.40521863, -0.013133603, -0.5170974, 1.2308935, -3.0824676, 3.2253628, -0.16694354, 230.52441, -120.57263, 30.543995
1469406544080, -5.7508726, 14.698603, -5.237316, 0.18387043, -0.87781334, 2.1227567, -11.249029, 6.635172, -4.2772393, 235.48984, -124.69022, 34.28864
1469406544182, 8.6095495, 11.451467, -0.6266823, 0.17562376, -1.3087788, 2.5390613, 1.7987857, 4.613673, 1.1135625, 238.15105, -135.79234, 75.6668
1469406544298, 5.33069, 2.0398598, -0.729633, -1.5176947, -0.32406402, -2.871983, -1.3350906, -4.9307184, 1.0448468, 246.77847, -134.69987, 75.093155
1469406544404, 5.046977, 5.699397, -2.1601684, -1.2403619, -0.49021935, -5.81055, -1.3843527, -1.5420227, -0.62060416, 236.05634, -132.40306, 76.53758
1469406544523, -2.0560207, 9.999982, -1.584363, -1.9242256, 0.1432479, -5.606521, -5.461126, 0.9772911, 0.19517219, 266.5758, -113.06539, 20.676184
1469406544625, 12.320562, 9.143456, -1.7172412, 1.3720033, 3.1202996, 3.755905, 5.890228, 1.8150749, -0.66082525, 230.5175, -131.6441, 80.67043
1469406544730, 17.769167, 9.509171, -0.09935937, -0.6114761, 0.743423, 3.767206, 15.423685, 0.6808157, 3.468452, 278.5589, -115.810165, 14.878409
1469406544839, 7.912238, 11.728596, -2.054225, -0.1863139, -1.3011429, 1.2134838, 2.538145, 3.6850576, -0.44455886, 237.15912, -124.893906, 33.7479
1469406544942, 1.654992, 10.810419, -0.641646, -0.20433442, -0.9773844, 0.44868052, -1.940626, 1.7351027, 0.2967286, 254.69473, -112.26752, 21.61335
1469406545045, 0.9427169, 9.8916445, 0.45729253, 6.1086525E-4, -0.61819565, 1.1484267, -0.92685944, 0.26486397, 0.47133553, 273.06708, -100.99062, 10.990364
1469406545149, -3.1483753, 14.141353, 0.20949265, 0.6835582, -0.5696318, 2.0778582, -3.1292617, 4.3348284, 0.25539207, 349.08536, -90.29075, -0.11167276
1469406545255, -2.594716, 19.608511, 1.0139444, 1.1976013, 0.12461651, 3.55829, -2.8161345, 9.824163, 1.6367776, 61.79451, -93.86494, 1.296374
1469406545358, 8.265982, 9.279925, -0.8206126, 0.009162978, -1.3658947, 0.88422745, 4.726598, 0.21130848, 0.3640104, 23.55514, -112.3706, 21.320166
1469406545459, 6.253655, 1.8854338, -2.2403743, -1.713477, -0.4251622, -4.5689664, -0.13532066, -5.31198, -0.35658896, 246.01616, -132.78296, 73.571884
1469406545561, 9.100361, 14.927249, -6.9605427, -1.5183055, -0.35002577, -7.049385, 3.2476058, 7.547253, -4.2308292, 246.61116, -131.18823, 64.99574
1469406545670, 11.736377, 3.752911, 0.13826515, -1.4010195, -0.6169739, -2.1111503, 6.49974, -4.219104, 2.417521, 246.96175, -125.61785, 33.300007
1469406545771, 2.055422, -4.4179006, -18.27554, -0.08002335, 5.3404894, 0.6792821, -6.0919113, -9.875776, -18.329685, 207.02928, -33.817436, 89.61922
1469406545873, 6.3105173, 12.366651, -2.2577322, 0.21930063, 0.94225967, 1.7892243, 0.6623812, 4.472892, -0.85861504, 234.77838, -126.39559, 35.58445
1469406545975, 0.9708488, 10.110115, 0.25797522, -0.06291912, -0.06414085, 0.5119051, -2.7727618, 1.0882082, 1.1303256, 255.48245, -113.07706, 22.535845
1469406546080, 1.0564415, 8.467094, 1.1372458, -0.05009095, -0.5335908, 0.98746365, -0.45680904, -1.2220669, 1.1123642, 282.62494, -81.1221, 8.87673
1469406546183, -1.7070658, 11.807006, 0.3752911, 0.344528, -0.78038037, 1.9459113, -1.8711048, 2.0056658, 0.0974696, 321.90845, -88.11446, 0.958835
1469406546286, -7.941567, 14.516644, -1.4802152, 0.8906415, -0.43371433, 3.0705142, -6.1488853, 4.8804083, -1.1644919, 72.35468, -100.69701, -10.538573
1469406546391, 7.827842, 12.267291, 2.0189106, 0.73639804, -0.024129177, 2.7736337, 7.912937, 2.4624596, 1.8502194, 82.29653, -88.8966, -0.4972492
1469406546495, 6.187814, 0.8487445, -0.7009025, -1.2202033, -0.65270954, -2.997821, 1.2861862, -7.6317873, -0.22652406, 305.40787, -120.14315, 30.027311
1469406546599, 4.7381253, 4.2754455, -2.9293058, -1.5916094, 0.42180246, -6.5011334, -2.5999064, -2.055263, -1.4307014, 226.29312, -139.79288, 78.45753
1469406546701, -0.55365914, 12.312182, -2.545635, -2.3930645, -0.025045475, -5.946773, -4.542836, 3.4741545, -1.0806755, 260.11194, -115.68003, 24.292753
1469406546803, 12.952033, 9.25359, -5.8693852, 1.382388, 3.3441818, 3.8713584, 5.886532, 2.7842088, -3.7726817, 231.0837, -138.72353, 73.47162
1469406546905, 19.607914, 5.409699, -3.8606503, -0.36041048, -0.5500842, 4.1120396, 16.336426, -2.9766393, 0.029994965, 272.37527, -121.22164, 21.310627
1469406547007, 5.729325, 9.242217, 0.32621, -0.20219639, -1.3341297, 1.1151345, 0.8846793, 0.8641186, 1.9096385, 245.85446, -121.31439, 30.0387
1469406547112, 2.4450784, 8.933365, 0.08080431, -0.06994407, -0.7498371, 0.76052725, -0.13770795, -0.52238464, 0.3781284, 267.35428, -105.373505, 15.277368
1469406547227, 0.7565677, 12.301409, -0.89423436, 0.21227567, -0.14782938, 1.4092661, -1.0204589, 2.6640778, -0.5275892, 287.55084, -100.662476, 10.447416
1469406547329, -4.3185415, 15.139136, 1.347337, 0.94959, -0.31673363, 2.7107146, -3.536072, 5.3673534, 1.0820057, 32.20815, -85.167015, -4.5781565
1469406547432, 2.034473, 16.586432, 0.47524905, 1.0714576, 0.14721853, 3.6942077, 3.0356755, 6.832939, 0.66855395, 88.41858, -95.96838, -5.8609233
1469406547535, 6.43741, 4.9105077, 0.42078096, -0.49327368, -0.8194757, -0.7593055, 2.6672623, -4.1282926, 0.92720836, 27.746384, -112.82395, 22.641363
1469406547638, 6.245275, 1.3251907, -0.16639702, -1.4010195, -0.09560041, -5.278181, -1.0649586, -5.1907415, 0.3565951, 214.37506, -138.36061, 85.90789
1469406547751, 8.808268, 14.516644, 0.40282443, -2.3344216, -1.3399329, -7.374976, 3.8307543, 6.2959595, 2.3560374, 248.62991, -123.04142, 31.194338
1469406547853, 14.125192, 10.338163, -5.79337, 0.59223384, 0.25503623, 1.8915442, 7.3206244, 3.3683448, -4.6576395, 228.25287, -134.70616, 80.52428
1469406547955, 19.607914, 7.7679873, -7.695563, 1.3356569, -1.9474384, 5.667302, 17.161087, -0.85518837, -3.717592, 277.64536, -118.43965, 15.841289
1469406548062, 6.133945, 9.266159, -0.374094, -0.25228736, -0.8341365, 1.3362677, 1.1723795, 0.9351034, 1.091088, 241.54514, -121.83928, 30.775942
1469406548163, -0.59974754, 9.947908, -0.19512744, -0.0720821, -0.46303585, 0.5589417, -3.502334, 0.6030302, 0.45188963, 263.04852, -107.65266, 17.25517
1469406548266, 2.961029, 9.506178, -0.10654198, 0.1469131, -0.623388, 1.3613132, 1.584859, -0.20341682, -0.12498321, 284.2564, -81.93236, 8.066973
1469406548368, -2.8054059, 13.38239, -0.13347675, 0.66737026, -0.4089743, 2.2162192, -2.6567097, 3.5806513, -0.40585315, 342.3362, -88.18663, -0.8691329
1469406548471, -2.5881321, 19.608511, -3.043629, 1.0757337, -0.66706485, 3.4504724, -1.9131035, 9.836641, -2.568983, 69.04584, -94.82695, -3.951644
1469406548584, 8.402451, 9.792285, 1.2910733, -0.14294247, -0.6059783, 0.87689704, 5.2510595, 0.50647736, 1.4045892, 48.467438, -108.75737, 18.74604
1469406548686, 5.6066217, 2.4714148, 0.18674773, -1.3017539, -0.17012598, -4.884173, -0.9485388, -4.8216944, 0.29063818, 213.78448, -131.95328, 89.09202
1469406548789, 9.008782, 16.191986, -5.3049526, -1.5732834, -0.61422503, -7.0512176, 3.5103831, 8.2225485, -3.747364, 241.35762, -125.64369, 34.60318
1469406548894, 12.76708, 1.2785037, 1.2090719, -1.967597, -1.9324722, -2.4010057, 7.757133, -7.0121756, 2.7372959, 246.97345, -122.283676, 31.14401
1469406549015, 11.153987, 18.556858, -1.0408791, 2.3671029, 3.1676416, 3.5839465, 8.941866, 10.033975, 3.2762222, 279.46646, -119.64668, 14.550103
1469406549117, 7.3328414, 13.311163, -0.96905315, 0.08827003, 0.4083634, 1.8371773, 1.7954788, 5.3994327, 0.73756874, 236.48328, -126.21828, 34.987896
1469406549223, 2.8520927, 9.793482, 0.4878186, -0.14996742, -0.9505063, 0.43127087, -1.0574334, 0.83774567, 1.3129108, 251.26587, -114.044266, 23.583136
1469406549325, 0.7116765, 9.260772, 0.47524905, 0.12797627, -0.64904433, 1.1438452, -0.36361063, -0.48647594, 0.40246907, 286.5476, -83.69043, 6.2952437
1469406549427, -1.8650831, 13.1555395, -0.48722005, 0.6740898, -0.37018433, 2.2220223, -1.438229, 3.3679, -0.9234861, 335.0103, -86.431854, -2.4971752
1469406549530, -5.240309, 18.501194, -3.4691982, 1.1685852, -0.6411031, 3.1853569, -3.8977304, 8.791201, -3.1795785, 79.12737, -98.05102, -7.8722415
1469406549632, 12.379818, 9.531317, -7.784148, 0.344528, 0.43371433, 1.9434677, 10.738047, -0.11339474, -7.109976, 54.653576, -100.4268, 9.660574
1469406549734, 5.4527946, 1.292869, -0.7314286, -1.6487253, -0.19181168, -3.4074063, 0.050628662, -6.875856, -0.22255892, 240.33197, -123.59412, 33.47758
1469406549837, 7.439383, 6.6804214, -2.5785553, -1.5757269, -0.7849618, -6.2943554, 0.9368849, -0.3970933, -0.6300452, 237.38367, -133.80452, 73.318855
1469406549942, 4.6842556, 9.75697, -3.5290532, -1.7831156, -0.010079277, -4.659069, -0.19191551, 1.582098, -1.1700652, 252.97168, -123.52915, 30.815355
1469406550044, 8.43178, 16.2273, -7.7224975, 1.4471397, 2.8429668, 4.5393395, 1.0684252, 10.029312, -5.8419857, 223.48552, -140.80077, 75.67358
1469406550146, 13.472772, 5.0278234, 5.266645, -1.2296717, 1.5741998, 2.7586675, 7.6725473, -2.5851912, 7.4043636, 234.76508, -129.07591, 69.76824
1469406550248, 7.0886326, 10.630256, -0.6356605, -0.13591751, -1.1502593, 1.1850786, 1.7523685, 2.5168839, 0.7310389, 237.03824, -124.174194, 33.33341
1469406550351, 3.4518404, 9.239823, 0.61770403, -0.21746802, -0.8549059, 0.6252206, -0.28057837, 0.19091797, 1.2150102, 251.93677, -112.88851, 22.524942
1469406550452, 1.7142484, 10.332177, 0.54527944, 0.07727446, -0.32925636, 1.3100005, -0.014757395, 0.6792555, 0.5001966, 278.32803, -79.841644, 10.154982
1469406550554, -0.7140707, 13.055582, 0.40222588, 0.627664, -0.46089783, 2.4856107, -1.0199529, 3.2554207, 0.21875499, 345.79678, -87.915596, 1.787733
1469406550656, -0.8948329, 18.611326, -0.58777654, 0.5928447, -1.2336423, 3.6264014, -1.6149104, 8.8377075, -0.22964057, 47.038963, -94.70396, 4.2136893
1469406550758, 10.300454, 8.096592, -2.0338743, -0.22143865, -0.79045963, 1.5125023, 6.4820147, -0.8059664, -0.5059992, 8.649856, -114.7958, 23.215214
1469406550860, 5.741296, 1.5592239, -0.8451532, -1.4410311, 0.7275405, -3.818824, -1.0627718, -5.3408995, 0.65929735, 239.65002, -135.2821, 77.531906
1469406550963, 6.949769, 9.592369, -3.2878375, -0.752586, -0.72295904, -6.8462725, 0.43612957, 2.646874, -0.94198895, 240.8533, -134.90782, 70.19382
1469406551075, 8.72507, 7.3897038, -2.8975825, -1.7724255, -0.4550946, -2.5179865, 4.4037, -1.1103497, -0.6073353, 256.34952, -119.915245, 26.948479
1469406551177, -14.4531975, -5.789778, -5.787384, -1.1911873, 5.381723, -0.4990769, -14.348948, -15.56856, -5.0560117, 295.12106, -94.32051, -0.6107948
1469406551279, 4.2718544, 13.106459, -0.7625532, -0.06047566, 1.389413, 1.7687603, -1.7003679, 5.5388093, 1.0356773, 233.65985, -129.4945, 73.243004
1469406551387, 1.7118542, 8.956709, 0.050278235, -0.05009095, -0.50854534, 0.36560285, -2.420602, 0.12836456, 1.1242999, 251.82095, -115.810295, 25.083805
1469406551488, -0.9068039, 9.582792, 0.23343466, 3.0543262E-4, -0.28710666, 0.6743952, -2.6145756, -0.06476593, 0.65597516, 280.83206, -100.33452, 10.03828
1469406551591, -0.75477207, 9.903615, 1.3611037, 0.21410827, -0.5907067, 1.3778065, -1.3948805, 0.12484169, 0.9919846, 298.12076, -85.67881, 3.7451801
1469406551695, -0.050278235, 13.335105, 0.18914193, 0.79320854, 0.11362094, 2.5525005, -0.60089785, 3.5440178, 0.23186944, 339.39532, -93.22842, 3.2187424
1469406551806, 10.30225, 11.450869, 0.7236475, 0.7644979, -1.894904, 3.5170567, 9.59738, 1.6877251, 1.3190947, 48.94244, -95.399025, 4.129422
1469406551908, 3.603872, 2.1799207, -0.7404069, -0.11636983, -0.34422258, -0.46028697, -1.406277, -6.1145835, 0.7662536, 300.84744, -122.24182, 31.133335
1469406552010, 6.71813, 3.4871547, -2.4851813, -0.5540548, 1.6062702, -4.3951755, -0.7875576, -2.3094962, 0.011601448, 231.66214, -143.76532, 71.60019
1469406552116, 9.081207, 18.091187, -4.745308, 0.35308012, 1.3310753, -6.282749, 3.2715292, 10.592394, -2.2581131, 233.90529, -130.12288, 66.82363
1469406552217, 16.463129, 13.50629, -8.896853, 1.847562, 5.442504, 0.63285637, 8.863491, 7.3324976, -8.348993, 191.56398, -140.98294, 85.87666
1469406552319, -6.7283053, 4.2957964, -9.076419, 0.5271767, 1.0445796, 0.34422258, -5.8576016, -4.2456875, -4.3377123, 311.59088, -119.42623, -5.820525
1469406552425, 17.881695, -1.2354081, -14.33229, 0.083383106, 1.5784758, -2.434298, 15.667956, -9.2306595, -9.102978, 254.2162, -125.38406, 15.476436
1469406552528, 4.5298295, 12.8927765, -2.7485435, -0.5888741, -3.3301318, 1.1624765, -0.61160994, 4.5890045, -1.8634435, 197.64537, -122.14016, 31.764515
1469406552631, -0.32680854, 9.36073, -1.7890673, -0.3680463, 0.24129178, -0.41141775, -4.1691327, 0.45490932, -0.34224582, 211.62675, -114.75028, 23.337282
1469406552736, 1.0552444, 9.973047, -1.9686323, -0.49968776, 0.70341134, -0.43096542, -0.8811425, 0.56818295, 0.0236907, 232.25941, -106.45767, 11.634168
1469406552838, -1.3347675, 9.561244, 0.3513491, -0.36163223, 0.44990227, -0.20616703, -1.5280204, -0.2153511, 1.0938059, 235.34406, -94.48689, 1.1324118
1469406552941, 0.6745663, 9.854534, 0.05746084, -0.14355333, 0.77213365, 0.008246681, -0.05114448, 0.0755806, 0.18305005, 227.33772, -94.307175, 4.244226
1469406553056, 1.7531542, 9.623494, -0.15622166, -0.059253927, 0.47219884, -0.07269296, 0.78416795, -0.13294792, 0.05183424, 227.4132, -95.800285, 5.671878
1469406553183, -0.092775315, 9.697714, 0.2741361, -0.032986723, 0.7849618, -0.2501493, -0.9609102, -0.065722466, 0.577538, 229.07852, -95.38085, 5.081203
1469406553285, 0.6961141, 9.766547, -0.2705448, 0.15241088, 0.5699373, -0.13927728, 0.09618425, -0.021367073, -0.18559039, 227.84195, -93.542274, 3.507438
1469406553387, -0.53809685, 9.491813, -0.40821138, 0.27030787, 0.26908615, -0.18600847, -0.7088129, -0.31297207, -0.32178807, 228.2013, -91.11751, 0.99750495
1469406553489, 0.34955344, 9.69113, -0.8900445, 0.30634892, 0.25992316, 0.051618114, 0.13485153, -0.095645905, -0.30410105, 227.42984, -93.64836, 1.256751
1469406553600, 0.86011696, 9.644443, -1.0564415, 0.3830125, 0.50732356, 0.098043874, 0.36310822, -0.11328983, -0.21379709, 222.90297, -95.725204, 2.9158325
1469406553703, 1.7160441, 9.355942, -2.5594015, 0.6224717, 3.6651914, -0.22479841, -0.24854541, -0.14513874, -1.1310399, 208.92375, -104.34056, 11.682711
1469406553807, -0.6003461, 9.870695, -1.6519991, 0.65148777, 3.6737435, -0.18112154, -1.4200106, 0.2979908, 0.31317115, 186.66286, -102.540146, 4.894025
1469406553916, 2.0907366, 9.664195, -1.9644425, 0.28527406, 1.5558738, -0.18784106, 1.42486, 0.020623207, -0.31261516, 164.38057, -100.463554, 3.9499335
1469406554019, 1.7543513, 9.475652, -1.8579005, 0.18936823, 1.031446, -0.25411993, 0.63503575, -0.015516281, 0.34102356, 146.75266, -104.57257, 6.7259574
1469406554121, 1.1079168, 9.505579, -1.7082629, 0.09773844, 1.5219707, -0.4654793, -0.026385784, -0.035779953, 0.2529261, 140.83871, -103.35742, 6.779658
1469406554226, 2.1230583, 9.36911, -1.8788497, -0.017104227, 1.0665708, -0.47983465, 1.0892466, -0.21812534, -0.09375143, 136.03094, -102.14291, 6.154543
1469406554327, 1.7986441, 9.172187, -1.9560628, -0.10629055, 0.64721173, -0.3885103, 0.75981045, -0.42373753, -0.22127724, 132.0887, -101.89918, 6.178653
1469406554429, 2.1691468, 8.866926, -1.9243397, -0.14996742, 0.18173242, -0.1863139, 1.2059274, -0.7491741, -0.25904548, 130.28612, -101.313225, 5.7200866
1469406554532, 0.5859809, 9.795278, -2.0494366, -0.21685717, 0.3115413, 0.08277224, -0.75643206, 0.199049, -0.5392202, 128.41685, -101.89057, 7.96341
1469406554634, 0.61052144, 9.520543, -1.2276269, -0.17501289, 0.40378192, 0.124005646, -0.8429282, -0.07284737, 0.19532156, 127.02412, -101.97079, 8.615098
1469406554753, 1.1180922, 9.627085, -1.8872294, -0.22540927, 0.113926366, 0.25625798, -0.5093708, 0.026838303, -0.7223141, 125.9742, -101.7761, 9.621484
1469406554863, 1.6071079, 9.754577, -0.47345337, -0.30024028, 0.008857546, 0.28130344, -0.25847018, 0.1705904, 0.44153616, 122.94461, -102.23284, 11.015205
1469406554968, 2.1769278, 9.615712, -0.0688333, -0.15607607, -0.25320363, 0.17837265, 0.023926497, 0.07239056, 0.6093927, 119.47502, -103.3077, 12.71326
1469406555075, 1.8130093, 9.475652, 0.22266077, -0.003970624, -0.23396139, 0.35185838, -0.47016883, -0.04026985, 0.8588579, 116.662445, -103.986206, 13.492073
1469406555197, 2.6408045, 9.398438, -0.6925228, 0.07360926, 0.02107485, 0.41325033, -0.12208295, 0.019245148, 0.060870945, 112.777374, -106.979065, 16.41372
1469406555299, 2.2744915, 9.402629, -0.3298013, 0.1518, -0.160963, 0.59315014, -0.86606073, 0.15653992, 0.57417524, 110.12804, -109.466125, 18.760714
1469406555402, 2.8700492, 9.878476, -1.3323733, 0.24220806, -0.21319197, 0.86834496, -0.90618587, 0.9028063, -0.17142105, 105.08294, -113.75682, 22.817417
1469406555509, 1.6873137, 10.588357, -1.1899183, 0.42088616, -0.18203785, 1.1756102, -2.8288808, 2.0314703, 0.40822947, 98.069725, -119.24255, 27.82441
1469406555613, -4.0539823, 15.67843, -1.881244, 0.79351395, 0.04520403, 1.9932534, -9.093963, 7.5485973, 0.28089023, 90.688805, -124.002594, 31.79629
1469406555715, 7.9272017, 10.617087, 1.977012, 1.1200215, -0.41996986, 2.3469443, 1.5413661, 3.6303592, 4.5415974, 79.7973, -134.56557, 68.11935
1469406555817, 6.356007, 3.9947255, 1.0845734, 0.16554448, 1.6102408, -1.7165314, -0.6577811, -2.3864362, 3.586162, 70.846275, -139.40579, 70.370346
1469406555929, 5.480926, 7.7799582, -1.3186066, 0.21319197, -0.7644979, -5.4495287, -0.43490744, -0.036785126, -1.5866561, 84.108826, -52.852734, 37.119003
1469406556033, 2.6749218, 14.443022, -1.8010383, -1.8283197, -0.02565634, -5.830709, -1.2777457, 5.536071, -0.69966805, 115.40592, -114.73452, 23.930372
1469406556143, 5.0942626, 9.109938, -2.420538, 0.23365596, 0.10629055, 0.8210029, 1.4953349, -6.6185E-4, -1.9567753, 188.82666, -111.717026, 21.55533
1469406556247, -19.594147, 19.608511, 8.093, 0.11178834, 1.4584408, 2.4309382, -26.598625, 12.817067, 9.08495, 179.81883, -136.16891, 81.939575
1469406556350, 2.4378958, 4.109049, -1.4239515, -0.7284568, -0.49571714, 2.111761, -2.0760508, -4.547866, -0.50063723, 147.72113, -118.02293, 27.538738
1469406556454, 1.1306617, 9.3421755, -0.24061728, -0.07971791, -0.01282817, 0.7492262, -3.3427413, 0.6988306, 0.96422327, 111.15929, -118.19122, 27.364035
1469406556556, -0.57041854, 10.295067, -1.3102269, -0.10842858, -0.1591304, 0.49357912, -3.1806977, 0.87972164, -0.4687305, 96.455795, -106.24014, 15.495324
1469406556663, -0.3250129, 11.053431, 0.6039374, 0.13164146, -0.34483343, 1.2822062, -1.5245795, 1.3204508, 0.62748545, 108.65915, -97.02742, 7.0261364
1469406556765, -2.0398598, 14.41908, 0.20949265, 0.9236283, -0.21013765, 2.6154196, -1.8494866, 4.6144524, 0.26828328, 122.47307, -91.16365, -1.1123536
1469406556873, 0.7128736, 15.434221, 0.20829555, 0.95478237, -0.27550024, 3.5915823, 1.9950522, 5.7353783, 0.88567054, 134.44464, -98.50353, -7.530784
1469406556975, 7.867945, 6.3338604, -0.82599956, -0.3051272, -0.87781334, -0.035124753, 3.2000117, -2.2260885, 0.2266472, 82.99418, -119.20589, 28.604633
1469406557078, 3.5978866, 1.9572599, -0.91578215, -1.6667458, 0.66859204, -4.863709, -0.82315874, -6.7878294, -0.5308944, 87.099304, -116.90589, 26.818699
1469406557184, 10.518327, 16.106993, -5.48751, -1.7898352, -1.881465, -6.8111477, 6.168773, 7.670866, -3.021026, 113.36459, -120.65582, 27.275024
1469406557294, 14.777013, 6.5403605, 1.8848352, -0.78038037, -3.0036244, -0.22449298, 9.792806, -1.8155565, 3.1123202, 196.59174, -121.56285, 30.815584
1469406557397, -15.68262, 13.71698, 18.338987, -0.5729916, 3.6187658, 0.71868294, -23.643833, 8.142593, 19.64883, 184.06831, -145.35922, 80.65694
1469406557505, 1.7274165, 9.487024, -2.3211784, 0.036651913, -0.122478485, 1.949271, -3.3694882, 1.3308, -0.40598774, 188.28053, -123.72588, 32.001667
1469406557610, 4.092888, 9.43914, 0.30526072, -0.04337143, -0.3155119, 0.752586, -0.32692194, 0.74564934, 1.3342957, 109.64747, -117.56462, 26.948986
1469406557712, -1.0259154, 9.12131, -1.3575124, -0.04153884, -0.28344148, 0.65393126, -3.6312187, -0.30266857, -0.60159284, 96.47379, -106.05879, 15.45371
1469406557824, -1.7687165, 10.403405, 0.66020113, 0.27183503, -0.6084218, 1.7412714, -2.522501, 0.6297598, 0.38078037, 115.68165, -85.29793, 4.410161
1469406557926, -4.2143936, 14.605827, -2.0967221, 0.9578367, -0.26450464, 3.1991012, -3.950931, 4.8174286, -1.5598159, 123.354126, -93.496216, -1.5417887
1469406558029, 10.742185, 11.489774, 1.0803835, 1.4046847, -1.2269229, 2.9281826, 9.6564865, 1.7498827, 1.4355853, 112.36597, -96.68927, 6.3604617
1469406558142, 6.161478, 2.1709423, -0.5919664, -0.80878556, 0.6786713, -2.728735, 0.9631958, -6.117938, 0.07340658, 77.40927, -122.30335, 32.09344
1469406558289, 7.455544, 15.072697, -5.1517234, -1.1988231, -1.2253957, -6.8584895, 2.0974727, 7.2045693, -2.7950335, 91.62102, -126.64724, 34.254253
1469406558392, 9.020754, 4.9679685, -1.9722236, -1.9990565, -1.4743233, -2.9028316, 4.280404, -3.3780828, 0.038469195, 187.5601, -121.67281, 29.5955
1469406558494, -19.60911, 19.608511, 0.2148796, -0.064446285, 3.4859025, 2.2321017, -27.594732, 14.141513, 1.7998645, 183.25978, -146.1184, 78.77384
1469406558603, 5.415684, 8.932767, -2.4438813, -0.09987647, -0.8717047, 2.1022928, -0.49254894, 1.3873115, -0.36319757, 192.76678, -129.69795, 70.599434
1469406558706, 2.1493945, 9.470863, -0.49799395, 0.0290161, 0.084910266, 0.64599, -2.6976924, 1.0154314, 0.58912504, 118.02433, -120.4339, 29.823547
1469406558809, -1.4257472, 8.821436, 1.0127473, -0.06811147, -0.7079928, 0.77579886, -3.563652, -0.74762917, 1.1936954, 106.31281, -102.63769, 12.594101
1469406558915, -2.2505496, 10.281899, 1.4281414, 0.3475823, -0.6957755, 1.7415768, -2.7411227, 0.49847603, 0.9651702, 122.08697, -86.05583, 2.8705955
1469406559018, -6.3087215, 15.2570505, -2.0254946, 1.0415252, -0.15302174, 3.2513304, -5.2130785, 5.5164423, -1.7246646, 134.15042, -96.653206, -6.417768
1469406559122, 10.216059, 13.727754, 3.3584664, 1.4062119, -1.0961977, 3.1453452, 9.837444, 3.9294672, 3.5020366, 122.25163, -92.36645, 2.21286
1469406559224, 5.620987, 0.08798691, 0.055066638, -0.82558435, 1.0177015, -2.903137, 2.0704334, -9.046483, 0.4091864, 91.08328, -111.33697, 21.24102
1469406559331, 4.171298, 4.943428, -2.3774424, -0.7464773, 0.050701816, -6.3691864, -3.004109, -1.6764784, -1.4496698, 84.77419, -137.54254, 82.63259
1469406559433, 5.345055, 13.200431, 1.3030443, -2.4288, -0.591623, -6.422332, 0.47567272, 4.871972, 3.0626702, 142.5524, -121.86802, 30.313456
1469406559535, 10.2974615, 8.080431, -5.9567738, 1.0916162, 1.1184943, 2.6612344, 3.5639129, 1.2432141, -3.9363334, 193.67015, -135.79704, 73.29782
1469406559636, 19.607914, 19.608511, -14.30775, 1.7910569, -0.63804877, 5.6199603, 17.577013, 10.785552, -10.539301, 53.269295, -115.882454, 12.962757
1469406559738, 8.033744, 8.096592, -1.7310078, -0.040317107, -1.0946705, 1.3005321, 2.5281758, 0.15507221, -0.060260057, 168.01953, -125.92267, 34.732166
1469406559844, 2.645593, 9.814431, -0.053869538, -0.10995574, -0.8539896, 0.52015173, -1.004626, 0.76604366, 0.9325322, 104.99748, -112.67913, 21.969692
1469406559947, 0.830788, 10.654198, -0.51714754, 0.1600467, -0.38056904, 1.3304645, -0.52357614, 0.94209194, -0.41166997, 113.03429, -97.96242, 7.938765
1469406560051, -1.270124, 13.447633, -0.142455, 0.8371908, -0.40439278, 2.5558603, -1.1313164, 3.642047, -0.102612816, 126.41199, -90.84394, -0.8110232
1469406560154, 0.29328972, 18.212692, -0.6368576, 1.0256428, -0.60994893, 3.522249, -0.44506258, 8.460588, 0.085443676, 117.483665, -96.04592, 4.3297234
1469406560257, 9.161413, 8.661025, -0.005985504, 0.034513887, -0.45723262, 1.2986995, 5.419259, -0.3269348, 1.170124, 91.49451, -113.57793, 22.604496
1469406560359, 6.211158, 1.5113398, -1.2785037, -1.3573426, 0.5314528, -4.2433753, -0.6581726, -5.388244, -0.10443175, 74.9007, -135.28653, 80.30101
1469406560471, 7.2604165, 12.107478, -4.2538977, -1.1160508, -0.40866885, -6.824892, 1.0129237, 4.8555346, -2.121168, 111.64535, -132.3118, 71.15145
1469406560577, 11.377845, 0.93732995, 0.374094, -1.8081611, -2.663678, -1.7171422, 6.0696173, -7.0758414, 2.3188825, 194.95145, -125.20287, 33.521996
1469406560685, -0.28191724, 8.363545, -15.098434, 1.0085385, 3.983147, 1.8102992, -0.73836803, -0.2926302, -10.512297, 31.893843, -118.032135, 3.0184815
1469406560787, 5.2810106, 12.489353, 0.7679402, 0.07086037, 1.1410962, 1.779145, 0.021613598, 4.3640404, 2.34542, 169.7493, -124.049805, 32.9144
1469406560896, 1.9327193, 9.417592, -0.4213795, 0.111177474, 0.04734206, 0.66920286, -1.9599346, 0.4346094, 0.14753157, 108.29852, -113.65054, 23.428843
1469406560998, 1.1168951, 8.722076, 0.19692309, 0.0021380284, -0.73945236, 0.9419542, -0.77010906, -0.9006214, 0.312206, 108.95633, -101.11504, 11.094873
1469406561101, -1.3706805, 12.677298, -0.17178397, 0.5580254, -0.8775079, 2.1138992, -1.362318, 2.880558, -0.6125123, 125.96243, -87.4239, -0.048907463
1469406561214, -7.768586, 19.608511, -3.50152, 1.0812315, -0.7180721, 3.5775323, -5.100596, 9.504912, -1.872253, 124.41213, -93.73964, 0.30692652
1469406561316, 10.81461, 5.9047, -5.1277814, -0.023518313, 0.7086037, 1.2739595, 7.8769755, -3.404489, -4.1898694, 97.865486, -108.32778, 17.51376
1469406561417, 7.4764934, 1.5574282, -1.8938135, -1.2061534, 0.008246681, -4.1267004, 1.0098844, -5.7553124, -0.9572399, 75.68575, -131.78143, 81.759026
1469406561522, 6.165668, 9.371504, -3.4398694, -1.3228287, -0.6423248, -6.8933086, -0.20184469, 2.2184906, -1.3280895, 98.20497, -133.16351, 71.65195
1469406561632, 8.975264, 3.5272577, -1.5861586, -2.1398609, -0.7058548, -3.2210925, 4.262518, -4.803091, 0.55059326, 200.83522, -121.84709, 29.498236
1469406561737, -19.60911, 19.608511, 2.983774, 0.73792523, 3.443142, 3.8515053, -27.94267, 14.631019, 4.3790274, 179.12523, -149.49837, 80.49536
1469406561839, 8.052299, 11.792641, -1.7046716, -0.17379116, -0.6423248, 1.8322903, 1.5923204, 4.6886597, 0.28845572, 191.0495, -133.58067, 72.85319
1469406561946, 1.9596541, 8.656835, 0.4441244, -0.14752395, -0.61300325, 0.58551437, -2.688235, 0.07942772, 1.4419225, 113.37556, -118.99617, 28.452192
1469406562048, -1.0259154, 8.148665, 0.4141969, -0.09865474, -0.8347474, 0.70432764, -3.1739051, -1.4198532, 0.41327104, 107.43244, -77.34773, 12.652299
1469406562158, -1.7525556, 11.572374, 0.6314707, 0.41996986, -0.89736104, 2.060143, -1.8689657, 1.7836542, 0.05027646, 125.15241, -86.534744, 0.68134516
1469406562259, -7.441777, 17.368137, -2.4049757, 0.89827734, -0.21380283, 3.356399, -6.395114, 7.624834, -2.0269296, 134.07053, -96.51587, -6.1314197
1469406562362, 11.853094, 11.494562, -1.407192, 1.0076222, -0.57910025, 2.3515258, 10.840415, 1.7418375, -1.236217, 117.06655, -96.01139, 5.928093
1469406562465, 6.563704, 0.97384155, -0.57520694, -1.097114, 0.12370021, -3.4956763, 1.0112257, -7.0935774, -0.06815231, 80.44859, -124.64928, 34.538067
1469406562578, 5.868787, 7.6440873, -3.0969, -1.0629056, -0.116675265, -6.637051, -1.0216427, 0.83302164, -1.5797529, 98.79113, -136.0098, 77.58265
1469406562680, 3.9995139, 10.415376, -3.572149, -2.2586741, -0.6035349, -4.8295007, -0.22370315, 1.7968884, -1.5580726, 174.46263, -118.4971, 26.105703
1469406562782, -19.60133, 19.608511, 0.57161564, 0.8970556, 3.5057557, 3.8692205, -27.651035, 14.217854, 2.09261, 179.5571, -146.65398, 79.300095
1469406562899, 5.6377463, 10.0269165, -3.0969, -0.15149458, -1.0604621, 2.1789563, -0.45604277, 2.6289053, -1.0219228, 191.32082, -131.02815, 71.19594
1469406563003, 0.931943, 9.44333, 0.66618663, -0.057421334, -0.24678956, 0.7153232, -3.2086072, 0.60197735, 1.5917711, 123.95791, -115.63517, 25.094461
1469406563105, -1.0366893, 9.329605, 1.283292, -0.008552114, -0.42180246, 0.88270026, -2.783687, -0.32017612, 1.2935405, 113.124985, -100.26187, 10.26169
1469406563206, -1.6412252, 11.254543, 1.1115081, 0.30940324, -0.45875978, 1.609019, -2.6320472, 1.4999514, 0.9201082, 118.438034, -84.0937, 5.7999225
1469406563308, -5.107431, 14.191032, -0.7398083, 0.98563105, -0.20066923, 3.148094, -4.135278, 4.4326897, -0.7327555, 134.75316, -95.68933, -5.6891894
1469406563409, 5.345654, 14.624383, 1.4628572, 1.2363913, -0.86193085, 3.4746015, 5.5594316, 4.8292913, 1.8881185, 129.77945, -92.782074, -1.2502795
1469406563512, 5.6898203, 1.8028339, -0.18914193, -0.83108217, 0.19456059, -1.9636264, 1.5974984, -7.0638585, 0.70810974, 90.62134, -115.290825, 24.775154
1469406563626, 3.8684313, 4.9775453, -2.3953989, -1.1074986, -0.14080444, -6.2708373, -2.6582139, -2.1875253, -0.90039, 93.52448, -133.06044, 77.09827
1469406563728, 2.2038627, 12.939463, -2.0231004, -2.652377, -1.03786, -6.470896, -2.3484964, 4.407304, -0.39562595, 164.45181, -119.536934, 28.082287
1469406563829, 10.236409, 8.878299, -4.919486, 1.2684617, 2.271197, 2.8918362, 3.3413239, 2.2232409, -2.8365943, 192.33829, -137.26355, 73.1913
1469406563936, 18.262371, 11.241376, -7.361572, 0.38240165, -1.352761, 4.604091, 16.331072, 2.3924685, -3.6016078, 75.52221, -115.53297, 12.311895
1469406564038, 5.2846017, 8.107366, -1.0265139, -0.16218472, -0.18845193, 1.2773192, 0.18605518, -0.15076256, 0.38007843, 153.33589, -122.638, 31.691074
1469406564141, 1.4532804, 9.117719, 0.47165772, -0.08246681, -0.39370266, 0.66920286, -2.0369492, -0.01960373, 1.1773609, 108.56209, -111.2911, 20.905611
1469406564245, 1.6340426, 9.116522, -0.0712275, 0.057421334, -0.6444628, 1.1667526, -0.23758686, -0.50680065, 0.17184067, 110.527405, -101.09611, 11.005996
1469406564370, -1.8088194, 12.506711, 0.3333926, 0.6792821, -0.16982053, 2.4071145, -2.2164571, 2.7085571, 0.35423955, 121.71918, -92.38524, 2.3823323
1469406564471, 0.39085343, 16.398485, -0.14784196, 0.41172317, -1.5042557, 3.6001344, 1.5702918, 6.705139, 0.75679517, 138.15918, -98.71803, -6.937365
1469406564573, 7.668628, 7.079056, -2.078167, -0.09712757, -0.17562376, 0.838718, 3.010572, -1.4685287, -0.89002395, 90.54748, -119.35361, 28.588434
1469406564677, 8.168418, 3.1549592, -2.5246856, -1.2125676, 0.28527406, -3.938859, 0.9709554, -3.21663, -0.58309555, 83.86938, -139.4794, 74.90322
1469406564800, 6.3177, 17.745823, -3.3530796, -1.1502593, -0.5653558, -7.4513345, 1.6976223, 9.443683, -0.92413497, 125.57268, -122.15809, 29.095606
1469406564903, 5.7083755, 3.192668, 2.421735, -1.3814718, -3.0601294, -2.1197023, 1.8853085, -5.755821, 3.6379046, 191.42392, -114.14797, 23.13365
1469406565005, 1.6514006, 13.533824, -5.221754, 0.8793405, 2.2525656, 2.6734517, -3.3697162, 5.6889625, -2.1530442, 217.80247, -126.87436, 32.62134
1469406565108, -5.6185927, 6.3589997, 10.436325, -0.52748215, 1.9382755, 3.080288, -8.23193, -3.0391746, 11.443884, 176.86897, -106.59509, 15.539577
1469406565213, 0.7990648, 11.581951, -0.58418524, 0.064446285, -0.799928, 0.63804877, -2.0331788, 2.2851267, 0.7264812, 162.17203, -108.55615, 16.943165
1469406565319, 0.16699557, 9.614515, 0.20171149, 0.050396383, -0.5555819, 0.28588495, -0.8735035, -0.13554192, 0.35712534, 142.33371, -96.15843, 6.091393
1469406565420, 0.4890157, 9.478644, -0.08020575, 0.12156218, -0.1695151, 0.32406402, -0.08940464, -0.310874, -0.114260584, 142.69502, -86.61279, 3.3814287
1469406565522, 0.21308395, 10.441712, 0.7757214, 0.1282817, -0.074830994, 0.2510656, -0.52810323, 0.6639986, 0.90746796, 142.71306, -94.40255, 4.3349433
1469406565624, 2.3780408, 9.454104, -0.99658644, 0.122783914, -0.03604105, 0.084910266, 0.97795415, -0.24019146, -0.5161691, 140.57634, -98.681335, 8.218048
1469406565731, 0.44651863, 9.84795, -0.4854244, -0.024740042, -0.2938262, -0.22418754, -0.6639594, 0.12697601, 0.17782968, 139.1534, -97.579216, 6.5169487
1469406565835, 0.9624691, 9.3583355, -0.16699557, -0.0729984, -0.29077184, -0.064751714, 0.37129986, -0.41379833, 0.40422845, 140.32977, -94.80856, 3.4619124
1469406565938, 0.17717093, 9.614515, 0.25617957, -0.09621128, -0.07727446, -0.02076942, -0.17026743, -0.1801691, 0.59359485, 142.61113, -92.83068, 2.0315516
1469406566043, 0.7260417, 9.8677025, -0.29867667, -0.06841691, 0.080634214, 0.02565634, 0.11905837, 0.08335686, -0.036805004, 143.35269, -93.865074, 3.5498617
1469406566152, -0.15322891, 9.771336, -0.5518635, -0.055283304, -0.12308934, 0.183565, -0.27326486, -0.026198387, -0.14648646, 145.01753, -92.4707, 0.7019327
1469406566254, 0.3573346, 9.681553, 0.16340427, -0.002443461, 0.26450464, 0.19914207, -0.12770751, -0.11308384, 0.1775836, 145.95912, -92.83628, 2.8350394
1469406566364, 1.3545196, 9.651626, -0.6955156, -0.017715093, 0.22510384, 0.1826487, 0.32308495, -0.09022713, -0.24511924, 142.6328, -96.59018, 6.0437684
1469406566468, 0.78529817, 9.5492735, -0.093373865, -0.014049901, 0.07452556, 0.04062254, -0.34262735, -0.1903801, 0.09979075, 142.68538, -96.70119, 6.605858
1469406566571, 1.4030021, 9.482236, -0.2220622, 0.03176499, 0.096516706, 0.09682214, 0.14535129, -0.24110508, -0.009092227, 141.06462, -97.47365, 7.3699193
1469406566679, 1.4377182, 9.51755, -0.25617957, -9.162979E-4, -0.011911872, 0.040011674, 0.03166914, -0.18155289, 0.09138942, 138.21619, -98.49323, 8.24853
1469406566781, 1.4951789, 9.638457, -0.50397944, 0.01038471, -0.08582657, 0.02443461, 0.19358444, -0.07254028, -0.08829084, 136.7774, -98.009026, 7.63403
1469406566884, 1.7914615, 9.539697, -0.41838676, -0.010079277, -0.099265605, 0.055283304, 0.5084512, -0.17327404, 0.008804053, 135.93588, -97.925835, 7.524778
1469406566986, 1.1007342, 9.5732155, -0.7787141, 0.004581489, -0.069027774, -0.056199603, -0.20031726, -0.13426685, -0.28630584, 135.36528, -98.15511, 7.633614
1469406567088, 1.8058267, 9.652225, 0.093972415, -0.058948494, -0.17256944, -0.056505036, 0.63474584, -0.07211685, 0.57990766, 135.04108, -97.42857, 6.8669343