time(ms),time(ds),locationTimestamp_since1970,locationLatitude,locationLongitude,locationAltitude,locationSpeed,locationCourse,locationVerticalAccuracy,locationHorizontalAccuracy,locationHeadingTimestamp_since1970,locationHeadingX,locationHeadingY,locationHeadingZ,locationTrueHeading,locationMagneticHeading,locationHeadingAccuracy,accelerometerTimestamp_sinceReboot,accelerometerAccelerationX,accelerometerAccelerationY,accelerometerAccelerationZ,gyroTimestamp_sinceReboot,gyroRotationX,gyroRotationY,gyroRotationZ,motionTimestamp_sinceReboot,motionYaw,motionRoll,motionPitch,motionRotationRateX,motionRotationRateY,motionRotationRateZ,motionUserAccelerationX,motionUserAccelerationY,motionUserAccelerationZ,motionQuaternionX,motionQuaternionY,motionQuaternionZ,motionQuaternionW,motionGravityX,motionGravityY,motionGravityZ,motionMagneticFieldX,motionMagneticFieldY,motionMagneticFieldZ,motionMagneticFieldCalibrationAccuracy,activityTimestamp_sinceReboot
0,0,1478282194,37.35307327,-122.0347955,55.16296,0.21,359.6484375,6,10,1478282195,39.10451508,27.60754395,-1.291320801,284.4981689,271.0394897,15,20238.68118,0.467376709,0.817565918,-0.305557251,20238.6809,-0.069594791,0.054818242,-0.028255607,20238.6809,1.503854193,0.997487926,-0.977322099,0.006392213,-0.025767691,-0.025975117,0.016637938,-0.016212827,-0.007921728,-0.589581704,0.026874873,0.3656349,0.719709855,0.469827503,0.829002738,-0.303342313,37.63080215,27.41880798,-0.76278019,1,20228.82009
9.651,0.9651,1478282194,37.35307327,-122.0347955,55.16296,0.21,359.6484375,6,10,1478282195,39.10451508,27.60754395,-1.291320801,284.4981689,271.0394897,15,20238.69083,0.467956543,0.829574585,-0.293289185,20238.6809,-0.069594791,0.054818242,-0.028255607,20238.6809,1.503854193,0.997487926,-0.977322099,0.006392213,-0.025767691,-0.025975117,0.016637938,-0.016212827,-0.007921728,-0.589581704,0.026874873,0.3656349,0.719709855,0.469827503,0.829002738,-0.303342313,37.63080215,27.41880798,-0.76278019,1,20228.82009
19.337,1.9337,1478282194,37.35307327,-122.0347955,55.16296,0.21,359.6484375,6,10,1478282195,39.10451508,27.60754395,-1.291320801,284.4981689,271.0394897,15,20238.70052,0.474807739,0.828384399,-0.284851074,20238.69092,-0.068588116,0.067463463,-0.036669331,20238.69092,1.503303664,0.996814058,-0.977390228,0.007398882,-0.013122216,-0.034388579,-0.001619024,0.000533743,0.010338991,-0.589465203,0.026771008,0.365615306,0.719819099,0.469575554,0.829040825,-0.303628176,37.63080215,27.41880798,-0.76278019,1,20228.82009
28.996,2.8996,1478282194,37.35307327,-122.0347955,55.16296,0.21,359.6484375,6,10,1478282195,39.10451508,27.60754395,-1.291320801,284.4981689,271.0394897,15,20238.71018,0.476806641,0.821929932,-0.291213989,20238.70091,-0.063426111,0.095870337,-0.062006912,20238.70091,1.503380273,0.997244109,-0.977887841,0.012559522,0.015285688,-0.059725873,0.005448224,-0.000934599,0.01835124,-0.589647619,0.026730646,0.365369308,0.7197961,0.469359517,0.829319,-0.303202301,37.61296844,27.44234848,-0.795339584,1,20228.82009
38.71,3.871,1478282194,37.35307327,-122.0347955,55.16296,0.21,359.6484375,6,10,1478282195,39.10451508,27.60754395,-1.291320801,284.4981689,271.0394897,15,20238.71989,0.479217529,0.823455811,-0.292404175,20238.7109,-0.062447399,0.111661285,-0.074659324,20238.7109,1.50304345,0.997460195,-0.978299353,0.013537555,0.031077275,-0.072377607,0.007668362,-0.00761894,0.011701752,-0.58976755,0.026765036,0.365062938,0.719852014,0.469138265,0.829548895,-0.302915752,37.61296844,27.44234848,-0.795339584,1,20228.82009
48.386,4.8386,1478282194,37.35307327,-122.0347955,55.16296,0.21,359.6484375,6,10,1478282195,39.10451508,27.60754395,-1.291320801,284.4981689,271.0394897,15,20238.72957,0.476196289,0.833099365,-0.291259766,20238.7109,-0.062447399,0.111661285,-0.074659324,20238.7109,1.50304345,0.997460195,-0.978299353,0.013537555,0.031077275,-0.072377607,0.007668362,-0.00761894,0.011701752,-0.58976755,0.026765036,0.365062938,0.719852014,0.469138265,0.829548895,-0.302915752,37.61296844,27.44234848,-0.795339584,1,20228.82009
58.06,5.806,1478282194,37.35307327,-122.0347955,55.16296,0.21,359.6484375,6,10,1478282195,39.10451508,27.60754395,-1.291320801,284.4981689,271.0394897,15,20238.73924,0.471099854,0.838378906,-0.288085938,20238.73089,-0.044387971,0.115805429,-0.088500838,20238.73089,1.501846931,0.997588155,-0.979330235,0.031595476,0.035222758,-0.086218081,0.007737984,0.002975255,0.011131997,-0.589987732,0.026806608,0.364290196,0.72006148,0.468458295,0.83012408,-0.302391768,37.59470749,27.46904945,-0.734516144,1,20228.82009
67.753,6.7753,1478282194,37.35307327,-122.0347955,55.16296,0.21,359.6484375,6,10,1478282195,39.10451508,27.60754395,-1.291320801,284.4981689,271.0394897,15,20238.74894,0.466812134,0.847686768,-0.290542603,20238.74088,-0.030510239,0.096737196,-0.09083137,20238.74088,1.500852719,0.99715746,-0.980076328,0.045472007,0.01615534,-0.088548802,0.003292172,0.007839022,0.014171359,-0.590050164,0.026686249,0.363838997,0.720242899,0.46780768,0.830539882,-0.302257299,37.59470749,27.46904945,-0.734516144,1,20238.74399
77.457,7.7457,1478282194,37.35307327,-122.0347955,55.16296,0.21,359.6484375,6,10,1478282195,38.82511902,27.3281517,-1.425384521,284.4729309,271.0142517,15,20238.75864,0.466949463,0.847900391,-0.292327881,20238.74088,-0.030510239,0.096737196,-0.09083137,20238.74088,1.500852719,0.99715746,-0.980076328,0.045472007,0.01615534,-0.088548802,0.003292172,0.007839022,0.014171359,-0.590050164,0.026686249,0.363838997,0.720242899,0.46780768,0.830539882,-0.302257299,37.59470749,27.46904945,-0.734516144,1,20238.74399
87.146,8.7146,1478282194,37.35307327,-122.0347955,55.16296,0.21,359.6484375,6,10,1478282195,38.44094849,27.36307526,-1.391860962,284.4657593,271.0070801,15,20238.76833,0.466766357,0.850799561,-0.29776001,20238.76084,-0.028249215,0.090531764,-0.070610254,20238.76084,1.498431914,0.995506183,-0.9816481,0.047731016,0.009950956,-0.068329006,0.000737398,0.016486119,0.00999086,-0.590043204,0.026261128,0.362990091,0.72069242,0.466212064,0.831414282,-0.302318752,37.5200882,27.57211685,-0.686594009,1,20238.74399
96.806,9.6806,1478282194,37.35307327,-122.0347955,55.16296,0.21,359.6484375,6,10,1478282195,38.44094849,27.36307526,-1.391860962,284.4657593,271.0070801,15,20238.77799,0.468338013,0.845947266,-0.299865723,20238.77083,-0.03242372,0.10018306,-0.053430735,20238.77083,1.497368509,0.994846733,-0.982162187,0.043555696,0.019602712,-0.051150132,0.001112286,0.019099746,0.004633282,-0.590016144,0.026159195,0.36264964,0.720889648,0.465654075,0.831699789,-0.302393287,37.5200882,27.57211685,-0.686594009,1,20238.74399
106.51,10.651,1478282194,37.35307327,-122.0347955,55.16296,0.21,359.6484375,6,10,1478282195,38.23140717,27.6424675,-1.056678772,284.4977112,271.039032,15,20238.78769,0.462265015,0.843948364,-0.296432495,20238.77083,-0.03242372,0.10018306,-0.053430735,20238.77083,1.497368509,0.994846733,-0.982162187,0.043555696,0.019602712,-0.051150132,0.001112286,0.019099746,0.004633282,-0.590016144,0.026159195,0.36264964,0.720889648,0.465654075,0.831699789,-0.302393287,37.5200882,27.57211685,-0.686594009,1,20238.74399
116.199,11.6199,1478282194,37.35307327,-122.0347955,55.16296,0.21,359.6484375,6,10,1478282195,38.23140717,27.6424675,-1.056678772,284.4977112,271.039032,15,20238.79738,0.457946777,0.84072876,-0.306259155,20238.78085,-0.035562788,0.118274979,-0.040436905,20238.78085,1.496585606,0.994614569,-0.9827289,0.040415481,0.037695218,-0.038157236,-0.002923527,0.011934029,0.005812053,-0.590081331,0.026110323,0.362268629,0.721029621,0.465188533,0.832014322,-0.302244544,37.45274353,27.66363144,-0.682291985,1,20238.74399
125.885,12.5885,1478282194,37.35307327,-122.0347955,55.16296,0.21,359.6484375,6,10,1478282195,38.23140717,27.6424675,-1.056678772,284.4977112,271.039032,15,20238.80707,0.451705933,0.847671509,-0.310394287,20238.78085,-0.035562788,0.118274979,-0.040436905,20238.78085,1.496585606,0.994614569,-0.9827289,0.040415481,0.037695218,-0.038157236,-0.002923527,0.011934029,0.005812053,-0.590081331,0.026110323,0.362268629,0.721029621,0.465188533,0.832014322,-0.302244544,37.45274353,27.66363144,-0.682291985,1,20238.74399
135.554,13.5554,1478282194,37.35307327,-122.0347955,55.16296,0.21,359.6484375,6,10,1478282195,38.23140717,27.6424675,-1.056678772,284.4977112,271.039032,15,20238.81674,0.455947876,0.847763062,-0.312652588,20238.80083,-0.05152977,0.119379924,-0.032948629,20238.80083,1.494786391,0.994036308,-0.983115201,0.024448454,0.038800109,-0.030669654,-0.013038306,0.015442934,-0.008056079,-0.590033271,0.026298964,0.361676412,0.721359326,0.46474424,0.832228601,-0.302338213,37.45274353,27.66363144,-0.682291985,1,20238.74399
145.245,14.5245,1478282194,37.35307327,-122.0347955,55.16296,0.21,359.6484375,6,10,1478282195,38.23140717,27.6424675,-1.056678772,284.4977112,271.039032,15,20238.82643,0.461669922,0.839920044,-0.315841675,20238.81083,-0.062198127,0.08652637,-0.036479182,20238.81083,1.493743469,0.993125589,-0.983544616,0.013780138,0.005946458,-0.034201209,-0.008221398,0.015296482,-0.010086433,-0.589944207,0.026129583,0.361442123,0.721555729,0.464169264,0.832466602,-0.302566141,37.41438675,27.71614838,-0.655133247,1,20238.74399
154.934,15.4934,1478282194,37.35307327,-122.0347955,55.16296,0.21,359.6484375,6,10,1478282195,38.23140717,27.6424675,-1.056678772,284.4977112,271.039032,15,20238.83612,0.469314575,0.836486816,-0.314834595,20238.8308,-0.091994905,0.06012459,-0.024993767,20238.8308,1.492829234,0.991899088,-0.984110616,-0.016016169,-0.020455597,-0.022716146,-0.001733425,0.007139991,-0.012964273,-0.58982851,0.025760989,0.36130699,0.721731224,0.463403344,0.832780063,-0.302877396,37.41438675,27.71614838,-0.655133247,1,20238.74399
164.616,16.4616,1478282194,37.35307327,-122.0347955,55.16296,0.21,359.6484375,6,10,1478282195,37.74246216,27.85200882,-0.989646912,284.6316528,271.1729736,15,20238.8458,0.470779419,0.833404541,-0.313964844,20238.84081,-0.111132114,0.061266554,-0.012166385,20238.84081,1.492916182,0.991693306,-0.984208737,-0.035153091,-0.019313585,-0.00988852,0.006041957,0.003652447,-0.011906561,-0.589812878,0.025627168,0.361370106,0.721717163,0.463272631,0.832834363,-0.30292803,37.37635803,27.76667595,-0.685340881,1,20238.74399
174.315,17.4315,1478282194,37.35307327,-122.0347955,55.16296,0.21,359.6484375,6,10,1478282195,37.74246216,27.85200882,-0.989646912,284.6316528,271.1729736,15,20238.8555,0.472427368,0.832275391,-0.312744141,20238.84081,-0.111132114,0.061266554,-0.012166385,20238.84081,1.492916182,0.991693306,-0.984208737,-0.035153091,-0.019313585,-0.00988852,0.006041957,0.003652447,-0.011906561,-0.589812878,0.025627168,0.361370106,0.721717163,0.463272631,0.832834363,-0.30292803,37.37635803,27.76667595,-0.685340881,1,20238.74399
184.013,18.4013,1478282194,37.35307327,-122.0347955,55.16296,0.21,359.6484375,6,10,1478282195,37.74246216,27.85200882,-0.989646912,284.6316528,271.1729736,15,20238.8652,0.479644775,0.826782227,-0.314651489,20238.85078,-0.126016522,0.059210859,-0.00257501,20238.85078,1.493489672,0.991924341,-0.984217809,-0.05003712,-0.021369278,-0.000296576,0.0090911,-0.000564001,-0.00992728,-0.589863855,0.025538263,0.361506226,0.721610476,0.463336259,0.83283937,-0.302816868,37.37635803,27.76667595,-0.685340881,1,20238.74399
193.674,19.3674,1478282194,37.35307327,-122.0347955,55.16296,0.21,359.6484375,6,10,1478282195,37.74246216,27.85200882,-0.989646912,284.6316528,271.1729736,15,20238.87486,0.478637695,0.825073242,-0.315597534,20238.86077,-0.132428082,0.051780107,-0.004783304,20238.86077,1.49427714,0.99230072,-0.984060994,-0.056448042,-0.028800054,-0.002503719,0.016085221,-0.005970355,-0.011937635,-0.589909337,0.025496019,0.361725578,0.721464852,0.463559568,0.832752585,-0.302713841,37.37635803,27.76667595,-0.685340881,1,20238.74399
203.389,20.3389,1478282194,37.35307327,-122.0347955,55.16296,0.21,359.6484375,6,10,1478282195,37.74246216,27.85200882,-0.989646912,284.6316528,271.1729736,15,20238.88457,0.475341797,0.830474854,-0.312911987,20238.87078,-0.133502668,0.035873313,-0.008145811,20238.87078,1.494997769,0.992462195,-0.983922721,-0.057522036,-0.044706777,-0.005865082,0.014932849,-0.007602777,-0.012895597,-0.58991898,0.025389535,0.361978681,0.721333766,0.463704854,0.832675993,-0.30270195,37.39098358,27.74669647,-0.696748734,1,20238.74399
213.077,21.3077,1478282194,37.35307327,-122.0347955,55.16296,0.21,359.6484375,6,10,1478282195,37.74246216,27.85200882,-0.989646912,284.6316528,271.1729736,15,20238.89426,0.471405029,0.831970215,-0.30770874,20238.87078,-0.133502668,0.035873313,-0.008145811,20238.87078,1.494997769,0.992462195,-0.983922721,-0.057522036,-0.044706777,-0.005865082,0.014932849,-0.007602777,-0.012895597,-0.58991898,0.025389535,0.361978681,0.721333766,0.463704854,0.832675993,-0.30270195,37.39098358,27.74669647,-0.696748734,1,20238.74399
222.756,22.2756,1478282194,37.35307327,-122.0347955,55.16296,0.21,359.6484375,6,10,1478282195,37.74246216,27.85200882,-0.989646912,284.6316528,271.1729736,15,20238.90394,0.472427368,0.836639404,-0.30329895,20238.89077,-0.139856704,0.020033363,-0.001898035,20238.89077,1.496720393,0.992737143,-0.984304984,-0.063875653,-0.060546692,0.000383456,0.007883593,-0.000917426,-0.005308252,-0.590069759,0.024848239,0.362405919,0.721014698,0.463521451,0.83288765,-0.3024005,37.39098358,27.74669647,-0.696748734,1,20238.74399
232.451,23.2451,1478282194,37.35307327,-122.0347955,55.16296,0.21,359.6484375,6,10,1478282195,37.63769531,28.0266304,-0.956123352,284.6895752,271.230896,15,20238.91363,0.477752686,0.83782959,-0.299285889,20238.90076,-0.143012549,0.017968082,0.005555088,20238.90076,1.497933991,0.993190913,-0.984510999,-0.067031845,-0.062611513,0.007836968,0.00891252,0.003637764,-0.001202521,-0.590209702,0.024582387,0.362648655,0.720787186,0.463514835,0.833001614,-0.302096426,37.40561676,27.72625923,-0.72429657,1,20238.74399
242.141,24.2141,1478282194,37.35307327,-122.0347955,55.16296,0.21,359.6484375,6,10,1478282195,37.63769531,28.0266304,-0.956123352,284.6895752,271.230896,15,20238.92332,0.476074219,0.833251953,-0.302566528,20238.90076,-0.143012549,0.017968082,0.005555088,20238.90076,1.497933991,0.993190913,-0.984510999,-0.067031845,-0.062611513,0.007836968,0.00891252,0.003637764,-0.001202521,-0.590209702,0.024582387,0.362648655,0.720787186,0.463514835,0.833001614,-0.302096426,37.40561676,27.72625923,-0.72429657,1,20238.74399
251.824,25.1824,1478282194,37.35307327,-122.0347955,55.16296,0.21,359.6484375,6,10,1478282195,38.05678558,27.95678329,-1.023162842,284.754425,271.2957458,15,20238.93301,0.4715271,0.835571289,-0.30682373,20238.92074,-0.134452617,0.015877766,0.008734636,20238.92074,1.500392823,0.994107366,-0.984894545,-0.058472332,-0.064701304,0.011017164,0.012550565,3.82E-05,-0.001069243,-0.590485195,0.024053935,0.36315075,0.720326437,0.463523656,0.833213806,-0.301497281,37.40561676,27.72625923,-0.72429657,1,20238.74399
261.518,26.1518,1478282194,37.35307327,-122.0347955,55.16296,0.21,359.6484375,6,10,1478282195,38.05678558,27.95678329,-1.023162842,284.754425,271.2957458,15,20238.9427,0.470855713,0.841781616,-0.305023193,20238.93073,-0.129095669,0.014844726,0.011925635,20238.93073,1.50136042,0.994255401,-0.984923355,-0.053115394,-0.065734126,0.014208553,0.007978943,0.002341575,-0.005408152,-0.590529609,0.023811575,0.363446983,0.720148651,0.463548154,0.833229721,-0.301415592,37.40561676,27.72625923,-0.72429657,1,20238.74399
271.207,27.1207,1478282194,37.35307327,-122.0347955,55.16296,0.21,359.6484375,6,10,1478282195,38.05678558,27.95678329,-1.023162842,284.754425,271.2957458,15,20238.95239,0.474639893,0.841445923,-0.304336548,20238.94073,-0.131251231,0.016938237,0.008744489,20238.94073,1.502353943,0.994454075,-0.985069082,-0.055271152,-0.063640341,0.011027553,0.007349497,0.008471334,-0.00376589,-0.590607529,0.023539215,0.363702966,0.719964446,0.463506222,0.833310306,-0.301257312,37.42980957,27.69301987,-0.745790482,1,20238.74399
280.895,28.0895,1478282194,37.35307327,-122.0347955,55.16296,0.21,359.6484375,6,10,1478282195,38.05678558,27.95678329,-1.023162842,284.754425,271.2957458,15,20238.96208,0.472229004,0.838775635,-0.301208496,20238.95072,-0.122767199,0.013696371,-0.000898551,20238.95072,1.503257868,0.994593866,-0.985201111,-0.046787206,-0.066882007,0.001384885,0.011183829,0.008062663,-0.003203989,-0.59067073,0.023276804,0.363948037,0.719797268,0.463456064,0.833383262,-0.30113256,37.42980957,27.69301987,-0.745790482,1,20238.74399
290.583,29.0583,1478282194,37.35307327,-122.0347955,55.16296,0.21,359.6484375,6,10,1478282195,38.05678558,27.95678329,-1.023162842,284.754425,271.2957458,15,20238.97177,0.466583252,0.844451904,-0.295425415,20238.96069,-0.107872405,0.001986718,-0.01062841,20238.96069,1.503890124,0.994421387,-0.985371092,-0.031892683,-0.078591332,-0.008344657,0.008943667,0.005298438,-7.32E-05,-0.590681624,0.02296905,0.364176286,0.71968276,0.463285327,0.833477199,-0.301135272,37.43653107,27.68356133,-0.759313583,1,20238.74399
300.266,30.0266,1478282194,37.35307327,-122.0347955,55.16296,0.21,359.6484375,6,10,1478282195,38.05678558,27.95678329,-1.023162842,284.754425,271.2957458,15,20238.98145,0.455535889,0.842163086,-0.289764404,20238.9707,-0.099368399,-0.002290851,-0.017079118,20238.9707,1.504363112,0.994078256,-0.98575707,-0.023389433,-0.082868375,-0.014795547,0.003670975,0.010761497,0.005693379,-0.590703909,0.022571998,0.364333782,0.719597313,0.462912291,0.833690405,-0.301118791,37.43653107,27.68356133,-0.759313583,1,20238.74399
309.96,30.996,1478282194,37.35307327,-122.0347955,55.16296,0.21,359.6484375,6,10,1478282195,38.05678558,27.95678329,-1.023162842,284.754425,271.2957458,15,20238.99114,0.453384399,0.842163086,-0.284378052,20238.98069,-0.094075367,0.005077583,-0.023411849,20238.98069,1.504653763,0.99361402,-0.98635981,-0.018097226,-0.075499602,-0.021129008,-0.006815368,0.008139977,0.011295008,-0.590746512,0.022110018,0.36439739,0.719544473,0.462351263,0.834023118,-0.301059425,37.43653107,27.68356133,-0.759313583,1,20238.74399
319.646,31.9646,1478282194,37.35307327,-122.0347955,55.16296,0.21,359.6484375,6,10,1478282195,38.12663269,27.74723816,-1.224258423,284.7614441,271.3027649,15,20239.00083,0.451004028,0.847915649,-0.283035278,20238.99069,-0.095157143,0.00717935,-0.0255256,20238.99069,1.505009877,0.993279602,-0.98707235,-0.019180181,-0.073397271,-0.023243582,-0.008368138,0.00774706,0.016511444,-0.590835916,0.02163729,0.364413753,0.719477147,0.461752534,0.834416032,-0.300889492,37.40901566,27.7195549,-0.801359177,1,20238.74399
329.319,32.9319,1478282195,37.35307327,-122.0347955,53.55084,0,359.6484375,6,10,1478282195,38.33618164,27.95678329,-1.291297913,284.7651672,271.306488,15,20239.0105,0.444702148,0.846572876,-0.28288269,20238.99069,-0.095157143,0.00717935,-0.0255256,20238.99069,1.505009877,0.993279602,-0.98707235,-0.019180181,-0.073397271,-0.023243582,-0.008368138,0.00774706,0.016511444,-0.590835916,0.02163729,0.364413753,0.719477147,0.461752534,0.834416032,-0.300889492,37.40901566,27.7195549,-0.801359177,1,20238.74399
339.023,33.9023,1478282195,37.35307327,-122.0347955,53.55084,0,359.6484375,6,10,1478282195,38.33618164,27.95678329,-1.291297913,284.7651672,271.306488,15,20239.02021,0.457641602,0.840072632,-0.275421143,20239.01067,-0.091024183,0.03563203,-0.044456947,20239.01067,1.505382799,0.992544975,-0.988261642,-0.015048647,-0.044943921,-0.042176027,-0.015997872,0.011501979,0.017803339,-0.590950299,0.020850163,0.364413499,0.719406573,0.460700035,0.835070908,-0.300686032,37.40901566,27.7195549,-0.801359177,1,20238.74399
348.711,34.8711,1478282195,37.35307327,-122.0347955,53.55084,0,359.6484375,6,10,1478282195,38.33618164,27.95678329,-1.291297913,284.7651672,271.306488,15,20239.02989,0.457092285,0.84677124,-0.271911621,20239.02066,-0.074006584,0.031327829,-0.055180431,20239.02066,1.505565744,0.99245919,-0.989077269,0.001967225,-0.049247097,-0.052899919,-0.00246213,0.004553302,0.024931993,-0.591103977,0.020482193,0.364263589,0.719366809,0.46010372,0.835519314,-0.30035314,37.37001038,27.77176285,-0.813455582,1,20238.74399
358.384,35.8384,1478282195,37.35307327,-122.0347955,53.55084,0,359.6484375,6,10,1478282195,38.33618164,27.95678329,-1.291297913,284.7651672,271.306488,15,20239.03957,0.455169678,0.85874939,-0.274261475,20239.04062,-0.045083056,0.029348035,-0.038126347,20239.04062,1.504806971,0.991090069,-0.990059147,0.03088871,-0.051225733,-0.035846442,-0.001913226,0.01071281,0.02862164,-0.59104858,0.019873222,0.364105063,0.719509648,0.459005505,0.836058438,-0.300533265,37.37001038,27.77176285,-0.813455582,1,20238.74399
368.086,36.8086,1478282195,37.35307327,-122.0347955,53.55084,0,359.6484375,6,10,1478282195,38.33618164,27.95678329,-1.291297913,284.7651672,271.306488,15,20239.04927,0.459976196,0.858688354,-0.282440186,20239.04062,-0.045083056,0.029348035,-0.038126347,20239.04062,1.504806971,0.991090069,-0.990059147,0.03088871,-0.051225733,-0.035846442,-0.001913226,0.01071281,0.02862164,-0.59104858,0.019873222,0.364105063,0.719509648,0.459005505,0.836058438,-0.300533265,37.37001038,27.77176285,-0.813455582,1,20238.74399
377.774,37.7774,1478282195,37.35307327,-122.0347955,53.55084,0,359.6484375,6,10,1478282195,38.51080322,27.78216171,-1.391853333,284.7528992,271.29422,15,20239.05896,0.463119507,0.851089478,-0.297836304,20239.05063,-0.057831076,0.033654367,-0.027403928,20239.05063,1.504715184,0.990716065,-0.990597117,0.018139042,-0.046918504,-0.025124755,0.001459384,0.022334892,0.018018164,-0.59109008,0.019579141,0.364023581,0.719524848,0.458516806,0.836353481,-0.300458342,37.33266449,27.82100487,-0.845122337,1,20238.74399
387.455,38.7455,1478282195,37.35307327,-122.0347955,53.55084,0,359.6484375,6,10,1478282195,38.51080322,27.78216171,-1.391853333,284.7528992,271.29422,15,20239.06864,0.474700928,0.848129272,-0.306427002,20239.06063,-0.077105704,0.038869635,-0.036954822,20239.06063,1.504492678,0.990158748,-0.990973456,-0.001136254,-0.041702788,-0.034675866,0.005033417,0.014529769,0.002704857,-0.591063783,0.019313823,0.363997017,0.719567059,0.458086103,0.836559713,-0.300541162,37.33266449,27.82100487,-0.845122337,1,20238.74399
397.15,39.715,1478282195,37.35307327,-122.0347955,53.55084,0,359.6484375,6,10,1478282195,38.51080322,27.78216171,-1.391853333,284.7528992,271.29422,15,20239.07833,0.475875854,0.84274292,-0.311325073,20239.07062,-0.090014312,0.04404176,-0.052913282,20239.07062,1.504353546,0.989717657,-0.991256611,-0.014044895,-0.036530476,-0.050633729,0.016945465,0.011414465,-0.005813851,-0.591040346,0.019098006,0.363993637,0.71959378,0.457755476,0.836714804,-0.300613165,37.33266449,27.82100487,-0.845122337,1,20238.74399
406.838,40.6838,1478282195,37.35307327,-122.0347955,53.55084,0,359.6484375,6,10,1478282195,38.72034454,28.20124817,-1.391853333,284.7513733,271.2926941,15,20239.08802,0.470031738,0.836425781,-0.309768677,20239.07062,-0.090014312,0.04404176,-0.052913282,20239.07062,1.504353546,0.989717657,-0.991256611,-0.014044895,-0.036530476,-0.050633729,0.016945465,0.011414465,-0.005813851,-0.591040346,0.019098006,0.363993637,0.71959378,0.457755476,0.836714804,-0.300613165,37.33266449,27.82100487,-0.845122337,1,20238.74399
416.526,41.6526,1478282195,37.35307327,-122.0347955,53.55084,0,359.6484375,6,10,1478282195,38.61557007,28.09648132,-1.626472473,284.7371216,271.2784424,15,20239.09771,0.474899292,0.838363647,-0.30708313,20239.08059,-0.08375615,0.034329744,-0.078634625,20239.08059,1.503845142,0.988865917,-0.991292946,-0.007786119,-0.046242386,-0.076353468,0.012557884,-0.000308925,-0.008782458,-0.590887957,0.018929151,0.36405164,0.719694041,0.457473844,0.836734712,-0.30098623,37.30013275,27.86384583,-0.869682312,1,20238.74399
426.217,42.6217,1478282195,37.35307327,-122.0347955,53.55084,0,359.6484375,6,10,1478282195,38.61557007,28.09648132,-1.626472473,284.7371216,271.2784424,15,20239.1074,0.47593689,0.83934021,-0.303878784,20239.10058,-0.052824067,0.021600101,-0.084108486,20239.10058,1.501814591,0.986033271,-0.992278877,0.023146033,-0.058971774,-0.081826337,0.018967971,0.001089444,-0.005257786,-0.590556748,0.01816743,0.363866256,0.720079176,0.455931336,0.837274194,-0.301825345,37.30013275,27.86384583,-0.869682312,1,20238.74399
435.904,43.5904,1478282195,37.35307327,-122.0347955,53.55084,0,359.6484375,6,10,1478282195,38.61557007,28.09648132,-1.626472473,284.7371216,271.2784424,15,20239.11709,0.469024658,0.836303711,-0.303222656,20239.10058,-0.052824067,0.021600101,-0.084108486,20239.10058,1.501814591,0.986033271,-0.992278877,0.023146033,-0.058971774,-0.081826337,0.018967971,0.001089444,-0.005257786,-0.590556748,0.01816743,0.363866256,0.720079176,0.455931336,0.837274194,-0.301825345,37.30013275,27.86384583,-0.869682312,1,20238.74399
445.593,44.5593,1478282195,37.35307327,-122.0347955,53.55084,0,359.6484375,6,10,1478282195,38.61557007,28.09648132,-1.626472473,284.7371216,271.2784424,15,20239.12678,0.459732056,0.836273193,-0.292755127,20239.11059,-0.05808594,0.032286567,-0.070121032,20239.11059,1.501299853,0.985290954,-0.992254922,0.017883867,-0.048284549,-0.067837007,0.013300796,-0.000957394,-0.001047866,-0.590412082,0.018060423,0.363907151,0.720179825,0.455723852,0.837261081,-0.302174777,37.25362396,27.92357445,-0.944469452,1,20238.74399
455.265,45.5265,1478282195,37.35307327,-122.0347955,53.55084,0,359.6484375,6,10,1478282195,38.61557007,28.09648132,-1.626472473,284.7371216,271.2784424,15,20239.13645,0.452178955,0.831497192,-0.290817261,20239.13057,-0.067518324,0.055808671,-0.037854438,20239.13057,1.500399936,0.983955046,-0.99290933,0.008450809,-0.024761893,-0.035570163,0.004868617,-0.001345565,0.009724737,-0.590296254,0.017618179,0.36378429,0.720347779,0.454863429,0.837618768,-0.302479863,37.25362396,27.92357445,-0.944469452,1,20238.74399
464.97,46.497,1478282195,37.35307327,-122.0347955,53.55084,0,359.6484375,6,10,1478282195,38.51080322,27.92185974,-1.659988403,284.7206421,271.2619629,15,20239.14615,0.449676514,0.827590942,-0.287689209,20239.14056,-0.070745276,0.054717308,-0.042134937,20239.14056,1.500188262,0.983632151,-0.993277441,0.005223103,-0.025852682,-0.039850656,-0.002330065,-0.006322592,0.011638622,-0.590311796,0.017436811,0.363694746,0.72038467,0.45450902,0.837819755,-0.302455872,37.22615814,27.95874405,-0.986009598,1,20238.74399
474.657,47.4657,1478282195,37.35307327,-122.0347955,53.55084,0,359.6484375,6,10,1478282195,38.51080322,27.92185974,-1.659988403,284.7206421,271.2619629,15,20239.15584,0.452392578,0.828308105,-0.287261963,20239.14056,-0.070745276,0.054717308,-0.042134937,20239.14056,1.500188262,0.983632151,-0.993277441,0.005223103,-0.025852682,-0.039850656,-0.002330065,-0.006322592,0.011638622,-0.590311796,0.017436811,0.363694746,0.72038467,0.45450902,0.837819755,-0.302455872,37.22615814,27.95874405,-0.986009598,1,20238.74399
484.344,48.4344,1478282195,37.35307327,-122.0347955,53.55084,0,359.6484375,6,10,1478282195,38.51080322,27.92185974,-1.659988403,284.7206421,271.2619629,15,20239.16553,0.456390381,0.830871582,-0.292892456,20239.15055,-0.076165342,0.046135537,-0.057166084,20239.15055,1.500000391,0.983274195,-0.993781766,-0.000197822,-0.034433808,-0.054881781,-0.001656408,-0.009786907,0.015122346,-0.590349386,0.017188602,0.363583935,0.720415766,0.454048991,0.838095009,-0.302384317,37.22615814,27.95874405,-0.986009598,1,20238.74399
494.022,49.4022,1478282195,37.35307327,-122.0347955,53.55084,0,359.6484375,6,10,1478282195,38.51080322,28.48064804,-1.861091614,284.6943054,271.2356262,15,20239.1752,0.470993042,0.833068848,-0.297775269,20239.16054,-0.080540383,0.041766622,-0.075357871,20239.16054,1.499647019,0.982713131,-0.994344695,-0.004573348,-0.038802307,-0.073073216,0.002903726,-0.007530389,0.009484774,-0.590360837,0.016895787,0.363456169,0.720477778,0.453486651,0.838401973,-0.302377224,37.20211029,27.99057388,-0.990442276,1,20238.74399
503.719,50.3719,1478282195,37.35307327,-122.0347955,53.55084,0,359.6484375,6,10,1478282195,38.51080322,28.48064804,-1.861091614,284.6943054,271.2356262,15,20239.1849,0.480758667,0.833755493,-0.30267334,20239.17052,-0.079503348,0.048089499,-0.079564867,20239.17052,1.49937843,0.982291301,-0.994720664,-0.003536789,-0.032478761,-0.077279009,0.017896196,-0.005537986,0.004618227,-0.590359721,0.016692871,0.363373004,0.720525369,0.453096837,0.838606834,-0.302393496,37.20211029,27.99057388,-0.990442276,1,20238.74399
513.406,51.3406,1478282195,37.35307327,-122.0347955,53.55084,0,359.6484375,6,10,1478282195,38.51080322,28.48064804,-1.861091614,284.6943054,271.2356262,15,20239.19459,0.476196289,0.835494995,-0.302536011,20239.19051,-0.06447513,0.088473141,-0.059945892,20239.19051,1.498304094,0.981414373,-0.995337169,0.011491254,0.00790547,-0.057658248,0.028357038,-0.005187015,-0.00017006,-0.590319196,0.016480506,0.363062881,0.720719768,0.452401638,0.838942528,-0.302503288,37.20211029,27.99057388,-0.990442276,1,20238.74399
523.087,52.3087,1478282195,37.35307327,-122.0347955,53.55084,0,359.6484375,6,10,1478282195,38.51080322,28.48064804,-1.861091614,284.6943054,271.2356262,15,20239.20427,0.471984863,0.840591431,-0.306594849,20239.19051,-0.06447513,0.088473141,-0.059945892,20239.19051,1.498304094,0.981414373,-0.995337169,0.011491254,0.00790547,-0.057658248,0.028357038,-0.005187015,-0.00017006,-0.590319196,0.016480506,0.363062881,0.720719768,0.452401638,0.838942528,-0.302503288,37.20211029,27.99057388,-0.990442276,1,20238.74399
532.78,53.278,1478282195,37.35307327,-122.0347955,53.55084,0,359.6484375,6,10,1478282195,38.51080322,28.48064804,-1.861091614,284.6943054,271.2356262,15,20239.21396,0.466567993,0.831085205,-0.308731079,20239.20052,-0.056905095,0.10237351,-0.04165903,20239.20052,1.498260425,0.981807253,-0.994912707,0.019099379,0.02181129,-0.039347179,0.019168364,0.001879999,-0.004071539,-0.59030222,0.01678195,0.363056393,0.720729985,0.452816486,0.838711441,-0.302523315,37.15107727,28.05778885,-1.004076004,1,20238.74399
542.466,54.2466,1478282195,37.35307327,-122.0347955,53.55084,0,359.6484375,6,10,1478282195,38.51080322,28.48064804,-1.861091614,284.6943054,271.2356262,15,20239.22365,0.460708618,0.825164795,-0.314437866,20239.21052,-0.056818009,0.105658253,-0.026679814,20239.21052,1.497759299,0.98166059,-0.994684168,0.019186696,0.025096174,-0.024366947,0.013636515,-0.007501747,-0.006034865,-0.590224011,0.016956121,0.362986488,0.720825164,0.452931494,0.838586926,-0.302696228,37.15107727,28.05778885,-1.004076004,1,20238.74399
552.145,55.2145,1478282195,37.35307327,-122.0347955,53.55084,0,359.6484375,6,10,1478282195,38.2663269,28.30602646,-1.894607544,284.6852722,271.226593,15,20239.23333,0.454940796,0.827468872,-0.318466187,20239.22051,-0.061053234,0.110996826,-0.020219518,20239.22051,1.497138491,0.981377693,-0.99436737,0.014952172,0.030434495,-0.017905779,0.007641977,-0.013249534,-0.01146587,-0.590101671,0.017147009,0.362939628,0.720944398,0.453066647,0.838414311,-0.302971989,37.15107727,28.05778885,-1.004076004,1,20238.74399
561.837,56.1837,1478282195,37.35307327,-122.0347955,53.55084,0,359.6484375,6,10,1478282195,38.2663269,28.30602646,-1.894607544,284.6852722,271.226593,15,20239.24302,0.448822021,0.827163696,-0.317947388,20239.2305,-0.064257816,0.097214435,-0.022492526,20239.2305,1.496377853,0.980820474,-0.994166907,0.011748323,0.016651789,-0.020178303,0.001903396,-0.010836181,-0.015148281,-0.589952399,0.017239905,0.362888903,0.721089867,0.453037411,0.838305056,-0.303317904,37.16479492,28.03979111,-0.999106407,1,20238.74399
571.506,57.1506,1478282195,37.35307327,-122.0347955,53.55084,0,359.6484375,6,10,1478282195,38.05678558,28.37587357,-1.961647034,284.6816101,271.2229309,15,20239.25269,0.448989868,0.829666138,-0.314834595,20239.2305,-0.064257816,0.097214435,-0.022492526,20239.2305,1.496377853,0.980820474,-0.994166907,0.011748323,0.016651789,-0.020178303,0.001903396,-0.010836181,-0.015148281,-0.589952399,0.017239905,0.362888903,0.721089867,0.453037411,0.838305056,-0.303317904,37.16479492,28.03979111,-0.999106407,1,20238.74399
581.204,58.1204,1478282195,37.35307327,-122.0347955,53.55084,0,359.6484375,6,10,1478282195,38.1964798,28.51557159,-1.894615173,284.6806641,271.2219849,15,20239.26239,0.447402954,0.829345703,-0.312362671,20239.25048,-0.068449898,0.070809991,-0.013148825,20239.25048,1.49519223,0.979553031,-0.994158007,0.007557027,-0.009753114,-0.010834445,-0.003668924,-0.008634063,-0.010938575,-0.589710405,0.017135601,0.362837778,0.721315989,0.452658802,0.838300228,-0.30389601,37.16479492,28.03979111,-0.999106407,1,20238.74399
590.896,59.0896,1478282195,37.35307327,-122.0347955,53.55084,0,359.6484375,6,10,1478282195,38.1964798,28.51557159,-1.894615173,284.6806641,271.2219849,15,20239.27208,0.454788208,0.836853027,-0.304428101,20239.25048,-0.068449898,0.070809991,-0.013148825,20239.25048,1.49519223,0.979553031,-0.994158007,0.007557027,-0.009753114,-0.010834445,-0.003668924,-0.008634063,-0.010938575,-0.589710405,0.017135601,0.362837778,0.721315989,0.452658802,0.838300228,-0.30389601,37.16479492,28.03979111,-0.999106407,1,20238.74399
600.559,60.0559,1478282195,37.35307327,-122.0347955,53.55084,0,359.6484375,6,10,1478282195,38.1964798,28.51557159,-1.894615173,284.6806641,271.2219849,15,20239.28174,0.466217041,0.843643188,-0.305984497,20239.27047,-0.113279687,0.095164866,-0.009689645,20239.27047,1.49535422,0.979703713,-0.994357493,-0.037272424,0.014601686,-0.0073751,0.002222494,-0.001555918,-0.00069349,-0.589780638,0.01707317,0.362792983,0.721282577,0.4525657,0.838408947,-0.303734601,37.15293884,28.05422592,-1.034306526,1,20238.74399
610.27,61.027,1478282195,37.35307327,-122.0347955,53.55084,0,359.6484375,6,10,1478282195,38.1964798,28.51557159,-1.894615173,284.6806641,271.2219849,15,20239.29145,0.464553833,0.848007202,-0.313369751,20239.28046,-0.127082319,0.099486111,0.003168363,20239.28046,1.496298219,0.980736594,-0.99444688,-0.051075291,0.018923357,0.005483494,0.013400119,0.005185526,-0.002759195,-0.589994659,0.017136268,0.362802396,0.721101291,0.452816933,0.838457644,-0.303225309,37.15293884,28.05422592,-1.034306526,1,20238.74399
619.957,61.9957,1478282195,37.35307327,-122.0347955,53.55084,0,359.6484375,6,10,1478282195,38.1964798,28.51557159,-1.894615173,284.6806641,271.2219849,15,20239.30114,0.457901001,0.84375,-0.311920166,20239.28046,-0.127082319,0.099486111,0.003168363,20239.28046,1.496298219,0.980736594,-0.99444688,-0.051075291,0.018923357,0.005483494,0.013400119,0.005185526,-0.002759195,-0.589994659,0.017136268,0.362802396,0.721101291,0.452816933,0.838457644,-0.303225309,37.15293884,28.05422592,-1.034306526,1,20238.74399
629.645,62.9645,1478282195,37.35307327,-122.0347955,53.55084,0,359.6484375,6,10,1478282195,38.1964798,28.51557159,-1.894615173,284.6806641,271.2219849,15,20239.31083,0.461700439,0.839706421,-0.307678223,20239.31044,-0.1131183,0.059325375,0.012369052,20239.31044,1.498681532,0.98240294,-0.99459356,-0.037110835,-0.021237455,0.014684682,0.004681738,0.005212411,-0.009518098,-0.590347821,0.016982824,0.363126461,0.720652626,0.453219265,0.838537574,-0.302402079,37.15588379,28.05134392,-1.006230354,1,20238.74399
639.317,63.9317,1478282195,37.35307327,-122.0347955,53.55084,0,359.6484375,6,10,1478282195,38.37110138,28.82988739,-1.861099243,284.6821899,271.2235107,15,20239.3205,0.461730957,0.840866089,-0.302764893,20239.31044,-0.1131183,0.059325375,0.012369052,20239.31044,1.498681532,0.98240294,-0.99459356,-0.037110835,-0.021237455,0.014684682,0.004681738,0.005212411,-0.009518098,-0.590347821,0.016982824,0.363126461,0.720652626,0.453219265,0.838537574,-0.302402079,37.15588379,28.05134392,-1.006230354,1,20238.74399
649.017,64.9017,1478282195,37.35307327,-122.0347955,53.55084,0,359.6484375,6,10,1478282195,38.37110138,28.82988739,-1.861099243,284.6821899,271.2235107,15,20239.3302,0.456008911,0.841262817,-0.298233032,20239.31044,-0.1131183,0.059325375,0.012369052,20239.31044,1.498681532,0.98240294,-0.99459356,-0.037110835,-0.021237455,0.014684682,0.004681738,0.005212411,-0.009518098,-0.590347821,0.016982824,0.363126461,0.720652626,0.453219265,0.838537574,-0.302402079,37.15588379,28.05134392,-1.006230354,1,20238.74399
658.694,65.8694,1478282195,37.35307327,-122.0347955,53.55084,0,359.6484375,6,10,1478282195,38.40602875,28.86481094,-1.693511963,284.6873474,271.2286682,15,20239.33988,0.451049805,0.844818115,-0.302276611,20239.34041,-0.123976807,0.091952028,-0.013989585,20239.34041,1.500842132,0.983957164,-0.995191076,-0.047969826,0.01138986,-0.011673466,0.002737489,0.002399825,0.003186772,-0.59077177,0.016697715,0.363269481,0.720239673,0.453271419,0.838863015,-0.301419795,37.17237473,28.03020477,-0.986022949,1,20238.74399
668.331,66.8331,1478282195,37.35307327,-122.0347955,53.55084,0,359.6484375,6,10,1478282195,38.40602875,28.86481094,-1.693511963,284.6873474,271.2286682,15,20239.34951,0.457504272,0.848587036,-0.300994873,20239.34041,-0.123976807,0.091952028,-0.013989585,20239.34041,1.500842132,0.983957164,-0.995191076,-0.047969826,0.01138986,-0.011673466,0.002737489,0.002399825,0.003186772,-0.59077177,0.016697715,0.363269481,0.720239673,0.453271419,0.838863015,-0.301419795,37.17237473,28.03020477,-0.986022949,1,20238.74399
678.018,67.8018,1478282195,37.35307327,-122.0347955,53.55084,0,359.6484375,6,10,1478282195,38.47587585,28.72511673,-1.894622803,284.6828308,271.2241516,15,20239.3592,0.461502075,0.845077515,-0.301544189,20239.34041,-0.123976807,0.091952028,-0.013989585,20239.34041,1.500842132,0.983957164,-0.995191076,-0.047969826,0.01138986,-0.011673466,0.002737489,0.002399825,0.003186772,-0.59077177,0.016697715,0.363269481,0.720239673,0.453271419,0.838863015,-0.301419795,37.17237473,28.03020477,-0.986022949,1,20238.74399
687.688,68.7688,1478282195,37.35307327,-122.0347955,53.55084,0,359.6484375,6,10,1478282195,38.47587585,28.72511673,-1.894622803,284.6828308,271.2241516,15,20239.36887,0.459197998,0.845535278,-0.30859375,20239.3604,-0.098421645,0.09824854,-0.023541012,20239.3604,1.501809029,0.985193244,-0.995886932,-0.022415431,0.017687136,-0.0212247,0.008344997,0.005835942,-0.001007596,-0.59114771,0.01661591,0.363046878,0.720045319,0.453157067,0.839241564,-0.300536603,37.17646408,28.0257225,-0.95886898,1,20238.74399
697.395,69.7395,1478282195,37.35307327,-122.0347955,53.55084,0,359.6484375,6,10,1478282195,38.47587585,28.72511673,-1.894622803,284.6828308,271.2241516,15,20239.37858,0.463241577,0.847885132,-0.306091309,20239.37039,-0.085676822,0.089698994,-0.035373703,20239.37039,1.501581536,0.985085645,-0.996104516,-0.00967053,0.009137673,-0.033057231,0.006225439,0.006175412,-0.008109349,-0.591171099,0.01656899,0.362932493,0.72008486,0.452972561,0.839359879,-0.300484389,37.17646408,28.0257225,-0.95886898,1,20238.74399
707.08,70.708,1478282195,37.35307327,-122.0347955,53.55084,0,359.6484375,6,10,1478282195,38.47587585,28.72511673,-1.894622803,284.6828308,271.2241516,15,20239.38826,0.459106445,0.849334717,-0.306945801,20239.38037,-0.08140085,0.089708848,-0.034307107,20239.38037,1.501369142,0.984994342,-0.996301998,-0.005394586,0.009147709,-0.031990316,0.010434586,0.008417935,-0.0056572,-0.591193445,0.016530447,0.362824661,0.720121739,0.452806979,0.839467168,-0.300434113,37.16184235,28.04653168,-0.916413307,1,20238.74399
716.754,71.6754,1478282195,37.35307327,-122.0347955,53.55084,0,359.6484375,6,10,1478282195,38.47587585,28.72511673,-1.894622803,284.6828308,271.2241516,15,20239.39794,0.448074341,0.845794678,-0.304168701,20239.38037,-0.08140085,0.089708848,-0.034307107,20239.38037,1.501369142,0.984994342,-0.996301998,-0.005394586,0.009147709,-0.031990316,0.010434586,0.008417935,-0.0056572,-0.591193445,0.016530447,0.362824661,0.720121739,0.452806979,0.839467168,-0.300434113,37.16184235,28.04653168,-0.916413307,1,20238.74399
726.459,72.6459,1478282195,37.35307327,-122.0347955,53.55084,0,359.6484375,6,10,1478282195,38.40602875,29.07435608,-1.760543823,284.6874695,271.2287903,15,20239.40764,0.450027466,0.846893311,-0.299819946,20239.40035,-0.078311317,0.08639481,-0.053557767,20239.40035,1.500593081,0.984517787,-0.996956369,-0.002305122,0.005833823,-0.05124091,-0.00413174,0.005972069,-0.003822824,-0.591235455,0.016361466,0.362492738,0.720258255,0.452206075,0.83982259,-0.300345868,37.16184235,28.04653168,-0.916413307,1,20238.74399
736.148,73.6148,1478282195,37.35307327,-122.0347955,53.55084,0,359.6484375,6,10,1478282195,38.37110138,29.03943253,-1.995170593,284.6844788,271.2257996,15,20239.41733,0.451889038,0.844268799,-0.296661377,20239.40035,-0.078311317,0.08639481,-0.053557767,20239.40035,1.500593081,0.984517787,-0.996956369,-0.002305122,0.005833823,-0.05124091,-0.00413174,0.005972069,-0.003822824,-0.591235455,0.016361466,0.362492738,0.720258255,0.452206075,0.83982259,-0.300345868,37.16184235,28.04653168,-0.916413307,1,20238.74399
745.835,74.5835,1478282195,37.35307327,-122.0347955,53.55084,0,359.6484375,6,10,1478282195,38.37110138,29.03943253,-1.995170593,284.6844788,271.2257996,15,20239.42702,0.450759888,0.843887329,-0.299285889,20239.42035,-0.093437806,0.108422881,-0.081089527,20239.42035,1.499566568,0.983933173,-0.998430931,-0.017432343,0.02786235,-0.078773171,0.00089028,0.003646621,0.003262738,-0.591425183,0.015943508,0.361860138,0.72042994,0.450998753,0.840622187,-0.299924105,37.13382721,28.08395004,-0.906012535,1,20238.74399
755.508,75.5508,1478282195,37.35307327,-122.0347955,53.55084,0,359.6484375,6,10,1478282195,38.37110138,29.03943253,-1.995170593,284.6844788,271.2257996,15,20239.43669,0.450836182,0.844039917,-0.305236816,20239.43034,-0.097742539,0.121096332,-0.085231275,20239.43034,1.499063784,0.983904268,-0.999282158,-0.021737395,0.040536061,-0.082915045,0.000365785,0.002804413,0.000254894,-0.591591397,0.01578693,0.361435974,0.720509839,0.450394094,0.841082931,-0.299540788,37.13382721,28.08395004,-0.906012535,1,20238.74399
765.211,76.5211,1478282195,37.35307327,-122.0347955,53.55084,0,359.6484375,6,10,1478282195,38.37110138,29.03943253,-1.995170593,284.6844788,271.2257996,15,20239.44639,0.453430176,0.845474243,-0.305206299,20239.43034,-0.097742539,0.121096332,-0.085231275,20239.43034,1.499063784,0.983904268,-0.999282158,-0.021737395,0.040536061,-0.082915045,0.000365785,0.002804413,0.000254894,-0.591591397,0.01578693,0.361435974,0.720509839,0.450394094,0.841082931,-0.299540788,37.13382721,28.08395004,-0.906012535,1,20238.74399
774.881,77.4881,1478282195,37.35307327,-122.0347955,53.55084,0,359.6484375,6,10,1478282195,38.37110138,29.03943253,-1.995170593,284.6844788,271.2257996,15,20239.45606,0.457275391,0.849060059,-0.309555054,20239.45032,-0.078551801,0.116839535,-0.089549324,20239.45032,1.497364453,0.983177061,-1.000783731,-0.002546408,0.036279194,-0.087233089,0.004305632,0.003580065,-0.006038558,-0.591756405,0.015507643,0.360594889,0.720801774,0.449124545,0.84189415,-0.299167752,37.06702423,28.17337608,-0.86427021,1,20238.74399
784.583,78.4583,1478282195,37.35307327,-122.0347955,53.55084,0,359.6484375,6,10,1478282196,38.33618164,28.86481094,-2.028694153,284.6780396,271.2193604,15,20239.46577,0.459899902,0.850067139,-0.307128906,20239.46031,-0.072104288,0.102057127,-0.084361753,20239.46031,1.496340049,0.982519255,-1.001320505,0.003901289,0.02149684,-0.082045257,0.008723744,0.006876335,-0.01034276,-0.59174071,0.015387831,0.360261584,0.720983868,0.448551655,0.842183709,-0.299212307,37.06702423,28.17337608,-0.86427021,1,20238.74399
794.268,79.4268,1478282195,37.35307327,-122.0347955,53.55084,0,359.6484375,6,10,1478282196,38.33618164,28.86481094,-2.028694153,284.6780396,271.2193604,15,20239.47545,0.457427979,0.844802856,-0.306808472,20239.46031,-0.072104288,0.102057127,-0.084361753,20239.46031,1.496340049,0.982519255,-1.001320505,0.003901289,0.02149684,-0.082045257,0.008723744,0.006876335,-0.01034276,-0.59174071,0.015387831,0.360261584,0.720983868,0.448551655,0.842183709,-0.299212307,37.06702423,28.17337608,-0.86427021,1,20238.74399
803.944,80.3944,1478282195,37.35307327,-122.0347955,53.55084,0,359.6484375,6,10,1478282196,38.33618164,28.86481094,-2.028694153,284.6780396,271.2193604,15,20239.48513,0.453201294,0.84954834,-0.302764893,20239.47031,-0.074211913,0.099969208,-0.08011188,20239.47031,1.49542112,0.981927126,-1.001630914,0.001794055,0.019409044,-0.077794522,0.009270994,0.002451804,-0.007475843,-0.591691141,0.015338806,0.360013708,0.721149391,0.448156983,0.842351079,-0.299332619,36.99690628,28.26631737,-0.833329201,1,20238.74399
813.633,81.3633,1478282195,37.35307327,-122.0347955,53.55084,0,359.6484375,6,10,1478282196,38.30125427,29.03942871,-1.995178223,284.6640625,271.2053833,15,20239.49482,0.44770813,0.851150513,-0.29838562,20239.49029,-0.098637362,0.078910795,-0.062168566,20239.49029,1.494417554,0.98118108,-1.002782814,-0.022631494,-0.001649215,-0.059851121,0.00607452,0.006577055,-0.003637729,-0.591787438,0.014968202,0.359532044,0.72131844,0.447126776,0.842971265,-0.299127162,36.99690628,28.26631737,-0.833329201,1,20238.74399
823.313,82.3313,1478282195,37.35307327,-122.0347955,53.55084,0,359.6484375,6,10,1478282196,38.30125427,29.03942871,-1.995178223,284.6640625,271.2053833,15,20239.5045,0.440719604,0.850738525,-0.296722412,20239.50029,-0.117840085,0.082093272,-0.059996492,20239.50029,1.494413179,0.981192618,-1.003566303,-0.041834641,0.001533558,-0.057679281,0.001126989,0.007758001,0.000369056,-0.591951428,0.014702656,0.359295422,0.721307242,0.446581155,0.843392491,-0.298754662,36.94644928,28.33250237,-0.824295998,1,20238.74399
833.015,83.3015,1478282195,37.35307327,-122.0347955,53.55084,0,359.6484375,6,10,1478282196,38.30125427,29.03942871,-1.995178223,284.6640625,271.2053833,15,20239.5142,0.444061279,0.862976074,-0.299606323,20239.50029,-0.117840085,0.082093272,-0.059996492,20239.50029,1.494413179,0.981192618,-1.003566303,-0.041834641,0.001533558,-0.057679281,0.001126989,0.007758001,0.000369056,-0.591951428,0.014702656,0.359295422,0.721307242,0.446581155,0.843392491,-0.298754662,36.94644928,28.33250237,-0.824295998,1,20238.74399
842.697,84.2697,1478282195,37.35307327,-122.0347955,53.55084,0,359.6484375,6,10,1478282196,38.30125427,29.03942871,-1.995178223,284.6640625,271.2053833,15,20239.52388,0.435699463,0.869155884,-0.299926758,20239.51026,-0.123163477,0.072568477,-0.059023373,20239.51026,1.494500916,0.98122133,-1.004535585,-0.047158569,-0.007991042,-0.056706898,-0.001848754,0.019063165,-0.001319138,-0.59215744,0.014351763,0.35903193,0.721276415,0.445910037,0.843912899,-0.298287183,36.94644928,28.33250237,-0.824295998,1,20238.74399
852.38,85.238,1478282195,37.35307327,-122.0347955,53.55084,0,359.6484375,6,10,1478282196,38.30125427,29.03942871,-1.995178223,284.6640625,271.2053833,15,20239.53356,0.431137085,0.854827881,-0.29069519,20239.52025,-0.017315607,-0.11793729,-0.055628908,20239.52025,1.493309816,0.978716908,-1.005265224,0.058688853,-0.198496938,-0.053313784,-0.008951078,0.024851764,-0.000867485,-0.591850317,0.013548668,0.359127894,0.721496218,0.444650531,0.844304144,-0.299059272,36.90581131,28.38620567,-0.796696663,1,20238.74399
862.091,86.2091,1478282195,37.35307327,-122.0347955,53.55084,0,359.6484375,6,10,1478282196,38.30125427,29.03942871,-1.995178223,284.6640625,271.2053833,15,20239.54327,0.432601929,0.846328735,-0.271026611,20239.53026,0.115130851,-0.278858532,-0.062619439,20239.53026,1.490263002,0.972885031,-1.005223312,0.191134363,-0.359417856,-0.060305424,-0.011791075,0.01054622,0.010972048,-0.590773755,0.012359267,0.359764919,0.722082282,0.442928165,0.844281673,-0.301667243,36.90581131,28.38620567,-0.796696663,1,20238.74399
871.777,87.1777,1478282195,37.35307327,-122.0347955,53.55084,0,359.6484375,6,10,1478282196,38.30125427,29.03942871,-1.995178223,284.6640625,271.2053833,15,20239.55296,0.443099976,0.852310181,-0.258148193,20239.54025,0.139533928,-0.236630385,-0.081417362,20239.54025,1.486778257,0.966743564,-1.005069374,0.215535507,-0.31718865,-0.079104006,-0.008572172,0.00212958,0.033428967,-0.589615357,0.011222397,0.36036388,0.722748686,0.44117409,0.844199181,-0.304455578,36.90581131,28.38620567,-0.796696663,1,20238.74399
881.458,88.1458,1478282195,37.35307327,-122.0347955,53.55084,0,359.6484375,6,10,1478282196,38.33618164,29.00450516,-2.162765503,284.5678101,271.1091309,15,20239.56264,0.434188843,0.85295105,-0.277557373,20239.55024,0.046518766,-0.010054765,-0.075911543,20239.55024,1.484890303,0.964037725,-1.005344599,0.122517556,-0.090611391,-0.073598415,0.002942184,0.007963529,0.047367517,-0.589175297,0.0107058,0.360397917,0.723098331,0.440157801,0.844346642,-0.305515707,36.81919479,28.48521042,-1.17894268,1,20238.74399
891.153,89.1153,1478282195,37.35307327,-122.0347955,53.55084,0,359.6484375,6,10,1478282196,38.1964798,29.35374451,-2.430908203,284.5026855,271.0440063,15,20239.57234,0.425491333,0.851669312,-0.305343628,20239.56024,-0.052793707,0.193330581,-0.055691226,20239.56024,1.484235017,0.9644015,-1.006024338,0.02320312,0.112775065,-0.053378761,-0.00560835,0.008240391,0.027471038,-0.589380386,0.010796082,0.359853952,0.72320076,0.439797193,0.844710648,-0.305028409,36.81919479,28.48521042,-1.17894268,1,20238.74399
