timestamp(unix),attitude_roll(radians),attitude_pitch(radians),attitude_yaw(radians),rotation_rate_x(radians/s),rotation_rate_y(radians/s),rotation_rate_z(radians/s),gravity_x(G),gravity_y(G),gravity_z(G),user_acc_x(G),user_acc_y(G),user_acc_z(G),magnetic_field_x(microteslas),magnetic_field_y(microteslas),magnetic_field_z(microteslas)
0,-0.691797,-1.534091,1.151038,-0.011728,0.001518,0.00384,-0.02341,0.999326,-0.02826,0.008121,0.004473,-0.005126,28.241926,37.194016,-0.207703
20,-0.694311,-1.534411,1.148758,-0.015023,-0.021837,0.009156,-0.023276,0.999338,-0.027955,0.007987,0.004461,-0.005431,28.241926,37.194016,-0.207703
40,-0.684277,-1.534443,1.159342,-0.011823,-0.026137,0.000637,-0.022974,0.999339,-0.028163,-0.001013,0.001042,-0.009343,28.264933,37.176552,-0.204677
60,-0.685734,-1.534423,1.158347,-0.016242,-0.019636,0.015376,-0.023028,0.999339,-0.028145,0.005236,-0.002039,-0.00518,28.269051,37.17326,-0.232762
80,-0.673076,-1.534807,1.171408,-0.017315,-0.030322,0.001521,-0.022431,0.999352,-0.028134,0.017807,0.000571,-0.012851,28.269051,37.17326,-0.232762
100,-0.659604,-1.535073,1.185874,-0.021682,-0.05794,0.003639,-0.021886,0.999362,-0.028223,0.004263,-0.008365,-0.004674,28.297512,37.15147,-0.252127
120,-0.649107,-1.535899,1.197726,-0.030278,-0.077037,0.005753,-0.02109,0.999391,-0.027794,0.020663,-0.01378,-0.004982,28.319475,37.134438,-0.292186
140,-0.652591,-1.536699,1.195779,-0.036633,-0.07815,-0.011305,-0.020702,0.999419,-0.027086,0.02296,-0.002135,-0.000884,28.319475,37.134438,-0.292186
160,-0.623145,-1.537522,1.227,-0.034538,-0.098429,-0.028348,-0.019415,0.999446,-0.027016,0.027441,-0.002758,-0.017677,28.364595,37.099701,-0.325906
180,-0.601254,-1.537519,1.251217,-0.026086,-0.131516,-0.051777,-0.018821,0.999446,-0.027437,0.036506,-0.016063,-0.023818,28.398581,37.073036,-0.394105
200,-0.605561,-1.537289,1.250072,-0.012352,-0.173108,-0.070939,-0.01907,0.999439,-0.027544,0.049862,-0.03104,-0.010877,28.42635,37.050808,-0.47398
220,-0.624566,-1.536447,1.234864,-0.006057,-0.207285,-0.1136,-0.020082,0.99941,-0.027859,-0.028701,0.017298,-0.015674,28.411371,37.059841,-0.637661
240,-0.692212,-1.534952,1.171673,-0.014604,-0.228618,-0.137062,-0.022872,0.999358,-0.027588,-0.044816,0.045015,-0.003586,28.411371,37.059841,-0.637661
260,-0.759636,-1.533654,1.107795,-0.04412,-0.139151,-0.12324,-0.025573,0.99931,-0.026925,-0.043183,0.039508,0.034662,28.265062,37.167885,-0.824174
280,-0.875931,-1.534048,0.993076,-0.096049,-0.062373,-0.111592,-0.028222,0.999325,-0.023524,-0.002647,0.025761,0.049922,28.265062,37.167885,-0.824174
300,-0.96381,-1.533942,0.907389,-0.141187,-0.157808,-0.090384,-0.030264,0.999321,-0.021017,0.012122,0.007118,0.002325,28.052401,37.329559,-0.781667
320,-1.065056,-1.534449,0.81077,-0.176798,-0.263871,-0.060637,-0.03179,0.99934,-0.017605,0.013648,0.0071,-0.001087,28.052401,37.329559,-0.781667
340,-1.159453,-1.535625,0.721581,-0.210939,-0.266846,-0.038319,-0.03223,0.999382,-0.01406,0.026478,-0.052024,-0.023507,27.959045,37.399582,-0.779443
360,-1.304296,-1.536958,0.582324,-0.267642,-0.302599,-0.007637,-0.032638,0.999428,-0.00891,0.055465,-0.058052,-0.047197,27.930378,37.420792,-0.789288
380,-1.48857,-1.538115,0.405908,-0.314015,-0.449102,0.003967,-0.032566,0.999466,-0.002684,-0.006802,-0.022247,-0.103777,27.930378,37.420792,-0.789288
400,-1.69925,-1.537696,0.203946,-0.342572,-0.406548,-0.013121,-0.032822,0.999452,0.004239,-0.156906,0.056197,-0.133588,27.922552,37.427006,-0.771334
420,-1.910384,-1.536562,-0.001923,-0.359951,-0.169094,0.060428,-0.032273,0.999414,0.011401,-0.139328,0.031195,-0.04021,27.905891,37.439472,-0.769226
440,-2.139411,-1.535276,-0.229983,-0.392632,-0.02935,0.144582,-0.029925,0.999369,0.019123,-0.141675,0.03124,-0.047931,27.905891,37.439472,-0.769226
460,-2.354211,-1.532577,-0.442939,-0.38669,-0.161291,0.12325,-0.027072,0.99927,0.026965,0.071506,-0.010271,0.017332,28.089157,37.309483,-0.215343
480,-2.521514,-1.528109,-0.605353,-0.373247,-0.280497,0.102999,-0.024798,0.999089,0.03473,0.014727,-0.030919,0.000121,28.089157,37.309483,-0.215343
500,-2.664067,-1.522928,-0.743097,-0.381526,-0.188843,0.148825,-0.021991,0.998855,0.042497,0.011264,-0.033461,0.009535,28.211103,37.217979,0.006909
520,-2.777347,-1.517505,-0.853893,-0.351474,-0.11873,0.142393,-0.018976,0.99858,0.049772,-0.057822,0.033784,0.019381,28.369747,37.096226,0.268255
540,-2.872347,-1.511645,-0.947006,-0.36739,-0.088806,0.165815,-0.015725,0.998251,0.056987,0.057031,0.015085,0.068943,28.369747,37.096226,0.268255
560,-2.962352,-1.505267,-1.034215,-0.363687,-0.211968,0.207347,-0.011674,0.997854,0.064433,0.117921,-0.007192,0.067372,28.581955,36.928543,0.631676
580,-3.039104,-1.499368,-1.103576,-0.299704,-0.490859,0.178621,-0.007302,0.99745,0.070993,0.107414,-0.016875,0.00463,28.772043,36.778366,0.752208
600,-3.105299,-1.494074,-1.155778,-0.262638,-0.833345,0.173275,-0.002781,0.997058,0.076596,0.102436,0.003781,0.001269,28.772043,36.778366,0.752208
620,3.11358,-1.488829,-1.199538,-0.272402,-1.158594,0.182768,0.002293,0.996643,0.081843,0.110073,0.041626,0.016546,28.97666,36.622375,0.446732
640,3.035308,-1.482657,-1.24946,-0.292444,-1.62597,0.262534,0.009338,0.996118,0.087528,0.260514,0.004172,0.06242,29.196194,36.449024,-0.308963
660,2.941964,-1.476728,-1.302446,-0.224575,-2.270475,0.262496,0.018627,0.995579,0.092064,0.289616,0.029476,0.059853,29.196194,36.449024,-0.308963
680,2.858888,-1.472555,-1.332987,-0.139173,-2.841023,0.167674,0.027361,0.995178,0.09419,0.096388,0.017776,0.094409,29.426888,36.218807,-1.816772
700,2.779316,-1.469814,-1.35296,-0.065226,-3.017859,0.123965,0.035728,0.994906,0.094267,-0.059638,0.052168,0.116731,29.410208,36.124207,-3.33552
720,2.699239,-1.46847,-1.374419,0.006804,-2.841652,0.118807,0.043726,0.994769,0.092315,-0.183146,0.007748,0.082764,29.410208,36.124207,-3.33552
740,2.629203,-1.468829,-1.394231,0.084688,-2.274461,0.058346,0.049904,0.994806,0.088718,-0.281761,-0.01069,0.05389,29.003193,35.983372,-6.712389
760,2.57468,-1.469895,-1.415538,0.112947,-1.258087,0.083151,0.054095,0.994914,0.084973,-0.463473,-0.010203,0.049106,28.586695,35.905876,-8.637903
780,2.529783,-1.471258,-1.448676,0.156973,-0.277779,0.13994,0.057075,0.99505,0.081348,-0.183403,0.006628,-0.022709,28.586695,35.905876,-8.637903
800,2.44666,-1.471277,-1.526239,0.295508,-0.408109,0.35752,0.06362,0.995052,0.076314,-0.189948,0.006626,-0.017675,28.538879,35.766254,-9.346227
820,2.354562,-1.472012,-1.606784,0.283034,-0.681801,0.238091,0.069851,0.995125,0.069623,0.028293,-0.022057,0.195727,28.70533,35.52483,-9.748589
840,2.258173,-1.471394,-1.688352,0.291034,-0.754647,0.337094,0.076703,0.995064,0.062968,-0.092923,0.046044,0.114903,28.773304,35.209652,-10.649986
860,2.148738,-1.468759,-1.786403,0.323897,-0.466329,0.412875,0.085317,0.994799,0.055646,-0.110387,0.053297,0.068133,28.773304,35.209652,-10.649986
880,2.045074,-1.464319,-1.885072,0.342976,-0.180219,0.457731,0.094546,0.994337,0.048536,0.026532,0.022631,0.048556,28.991083,34.764763,-11.487951
900,1.948867,-1.459665,-1.979058,0.383639,-0.150747,0.421581,0.103071,0.993831,0.040937,0.024142,0.045948,0.027819,29.38027,34.256409,-12.014263
920,1.85562,-1.454613,-2.068641,0.403584,-0.253055,0.380035,0.111252,0.993258,0.032573,0.027802,0.040723,0.005696,29.38027,34.256409,-12.014263
940,1.769967,-1.449861,-2.149455,0.4143,-0.274631,0.315051,0.118256,0.992696,0.02387,0.023681,0.01153,-0.011876,29.711439,33.754578,-12.605693
960,1.691511,-1.44579,-2.223209,0.404964,-0.239736,0.262832,0.123774,0.992197,0.015014,-0.018106,0.016729,0.012802,29.914719,33.320179,-13.263477
980,1.622898,-1.441528,-2.28875,0.39365,-0.153726,0.228736,0.128734,0.991656,0.006713,-0.001979,0.029248,0.022294,29.914719,33.320179,-13.263477
1000,1.562406,-1.437659,-2.34691,0.36186,-0.137858,0.183932,0.132739,0.99115,-0.001114,-0.075794,0.008911,-0.014084,30.058067,32.997826,-13.736837
1020,1.513053,-1.433907,-2.394722,0.296151,-0.051508,0.184903,0.136234,0.990645,-0.007875,0.058849,0.035539,0.000887,30.058067,32.997826,-13.736837
1040,1.479941,-1.430456,-2.429794,0.254441,0.152532,0.130538,0.139304,0.990168,-0.012691,-0.083121,0.026571,0.021389,30.268871,32.524994,-14.386261
1060,1.452032,-1.426381,-2.462805,0.265378,0.268657,0.196648,0.1429,0.98959,-0.017052,-0.11722,0.017841,0.032417,30.362282,32.405285,-14.459382
1080,1.422046,-1.421271,-2.497982,0.297112,0.227196,0.223332,0.147324,0.988842,-0.022078,0.104095,0.073536,0.048292,30.704411,32.061089,-14.504144
1100,1.391357,-1.416119,-2.533518,0.309793,0.204852,0.229742,0.151587,0.988061,-0.027496,-0.114066,0.01908,0.028259,30.704411,32.061089,-14.504144
1120,1.366745,-1.408991,-2.563039,0.283081,0.254361,0.350112,0.157758,0.986938,-0.032645,-0.080457,0.068696,0.009696,30.955252,31.786036,-14.576165
1140,1.35171,-1.399887,-2.583375,0.2498,0.235707,0.436358,0.166013,0.985431,-0.036964,-0.133939,0.035047,-0.069694,31.459764,31.263412,-14.626225
1160,1.344572,-1.388873,-2.594727,0.203578,0.205625,0.574789,0.176311,0.983498,-0.040581,-0.198391,0.078468,-0.038918,31.459764,31.263412,-14.626225
1180,1.345163,-1.374723,-2.598897,0.197903,0.2182,0.736615,0.189881,0.980839,-0.043586,-0.117616,0.092281,0.006965,32.035877,30.671642,-14.628657
1200,1.346238,-1.357685,-2.601363,0.227115,0.131448,0.861313,0.206192,0.977378,-0.047096,-0.012298,0.019998,0.058891,32.815575,29.846416,-14.607331
1220,1.342425,-1.338738,-2.605034,0.269756,-0.10125,0.927394,0.22401,0.973195,-0.052066,-0.007977,0.002574,0.052783,32.815575,29.846416,-14.607331
1240,1.330893,-1.319313,-2.611833,0.322202,-0.316194,0.926368,0.241715,0.968544,-0.059127,0.048981,0.050148,-0.13057,33.607449,28.830879,-14.844675
1260,1.312805,-1.300563,-2.621254,0.36094,-0.549552,0.833677,0.258122,0.963709,-0.068111,0.044857,0.008017,-0.200764,33.800922,31.721966,-11.617798
1280,1.290277,-1.28399,-2.631042,0.337274,-0.675364,0.729182,0.271833,0.959152,-0.07832,-0.018049,-0.029175,-0.219608,33.800922,31.721966,-11.617798
1300,1.272815,-1.268219,-2.637565,0.309309,-0.463691,0.731316,0.28485,0.954572,-0.087485,-0.053725,-0.03735,-0.101099,34.2906,30.81041,-12.594929
1320,1.262146,-1.252282,-2.641825,0.295069,-0.276463,0.746254,0.298358,0.949702,-0.095128,0.020932,0.007131,0.010091,34.788616,29.929972,-13.3307
1340,1.256511,-1.236237,-2.643665,0.255186,-0.107193,0.767536,0.312269,0.944555,-0.101506,-0.053679,0.083903,0.132436,34.788616,29.929972,-13.3307
1360,1.260356,-1.218463,-2.641242,0.225833,0.116871,0.932697,0.328594,0.93857,-0.105417,-0.13058,0.103834,0.202768,35.273624,29.176437,-13.720991
1380,1.266023,-1.197489,-2.635955,0.236663,-0.041029,1.061607,0.34789,0.931126,-0.109437,-0.020009,0.214244,0.262254,36.085258,28.111073,-13.834028
1400,1.267789,-1.174374,-2.630599,0.256042,-0.193661,1.186272,0.36853,0.922448,-0.115215,-0.091766,0.243796,0.24934,36.085258,28.111073,-13.834028
1420,1.271293,-1.148532,-2.623241,0.228342,-0.115385,1.320499,0.391583,0.912163,-0.120918,-0.188565,0.269493,0.147407,36.950375,26.796148,-14.156092
1440,1.280295,-1.120815,-2.613017,0.177662,0.064907,1.424877,0.416724,0.900455,-0.124584,-0.325294,0.350598,0.086971,37.914661,25.229328,-14.481646
1460,1.296297,-1.090662,-2.601324,0.170094,0.416464,1.587976,0.444606,0.886933,-0.125205,-0.426494,0.453186,0.0866,37.914661,25.229328,-14.481646
1480,1.319187,-1.056359,-2.589757,0.191129,0.764993,1.812925,0.476552,0.87057,-0.122501,-0.65006,0.587331,0.313938,39.084114,23.439035,-14.380609
1500,1.346189,-1.017644,-2.57967,0.209586,0.977331,2.010133,0.512176,0.850873,-0.117013,-0.828826,0.589374,0.561059,40.579632,21.229031,-13.652119
1520,1.374629,-0.975725,-2.57109,0.216161,1.114005,2.155091,0.549816,0.828109,-0.109261,-1.015713,0.598542,0.552865,41.669373,19.507347,-12.918421
1540,1.405683,-0.93001,-2.564401,0.226271,1.386003,2.374675,0.589695,0.801626,-0.098261,-1.489064,0.639185,0.515009,41.669373,19.507347,-12.918421
1560,1.434291,-0.876181,-2.561281,0.392251,1.111362,2.931107,0.634135,0.7683,-0.087104,-1.28065,0.741801,0.209205,43.886848,15.450748,-10.907694
1580,1.440576,-0.805398,-2.562564,0.529584,-0.063286,3.827175,0.686958,0.721106,-0.089965,-1.333473,0.788995,0.212066,43.886848,15.450748,-10.907694
1600,1.4309,-0.723716,-2.564581,0.73359,-0.623339,4.049026,0.742029,0.662174,-0.10449,-0.523584,1.742901,0.036512,45.907612,8.055689,-10.552515
1620,1.408716,-0.641843,-2.566095,0.686937,-1.358454,4.147861,0.790496,0.598673,-0.129257,-0.271865,2.011954,-0.109482,45.907612,8.055689,-10.552515
1640,1.379032,-0.555483,-2.572329,1.21213,-1.087416,4.065734,0.834071,0.527354,-0.161935,-0.014964,2.309911,-0.192191,46.174629,2.178904,-12.120836
1660,1.350496,-0.490707,-2.587204,1.237852,-1.050875,2.174466,0.860684,0.471249,-0.192737,-1.179562,1.290591,0.34174,46.174629,2.178904,-12.120836
1680,1.328789,-0.456919,-2.600955,0.898762,-0.529081,1.342883,0.871264,0.441185,-0.215067,-1.425708,1.093482,0.246775,45.54171,-4.053398,-13.902561
1700,1.331123,-0.43819,-2.61463,0.766213,1.024787,0.374459,0.879637,0.424302,-0.214957,-2.147673,1.096389,0.54122,45.113617,-6.287251,-14.456518
1720,1.365288,-0.431229,-2.622673,0.176137,2.334946,0.22244,0.889336,0.417988,-0.185384,-1.720513,0.398937,0.302937,45.113617,-6.287251,-14.456518
1740,1.421555,-0.437587,-2.618517,-0.446015,2.860514,-0.705536,0.895708,0.423755,-0.134678,-0.899569,0.325878,0.293324,45.658325,-6.970114,-12.267582
1760,1.477457,-0.4717,-2.610021,-0.599046,2.300597,-2.250965,0.886919,0.454402,-0.083026,-0.478823,0.370153,0.213488,46.63279,-6.029682,-8.531396
1780,1.513014,-0.535579,-2.601052,-0.656542,1.166788,-3.668502,0.858538,0.510339,-0.049663,-0.576052,0.206702,0.050335,47.289978,-2.849108,-6.268909
1800,1.535261,-0.625647,-2.58926,-0.691922,0.625726,-4.932419,0.810072,0.585622,-0.028799,-0.497603,0.24235,0.024068,47.289978,-2.849108,-6.268909
1820,1.551506,-0.738085,-2.577555,-0.544899,0.306181,-5.955153,0.739621,0.672872,-0.014269,-0.235181,0.205027,-0.162,47.376606,3.620275,-5.109726
1840,1.554757,-0.864857,-2.566944,-0.442375,-0.522616,-6.51458,0.648666,0.761002,-0.010405,-0.074706,0.101485,-0.248445,45.976158,12.128773,-4.779552
1860,1.541888,-0.999223,-2.557898,-0.398148,-1.389339,-6.789622,0.54073,0.841051,-0.015636,0.120509,-0.097475,-0.153691,45.976158,12.128773,-4.779552
1880,1.5096,-1.139401,-2.550006,-0.602435,-2.122669,-7.15244,0.417356,0.908383,-0.025573,0.272005,-0.199856,-0.020326,42.455029,21.118338,-5.945172
1900,1.485278,-1.287196,-2.533966,-0.965795,-1.75566,-7.40019,0.278791,0.960054,-0.0239,0.262667,-0.117098,-0.071406,36.517395,29.804829,-7.868328
1920,1.525452,-1.432801,-2.470556,-1.236449,-0.700492,-6.998701,0.137417,0.990494,-0.006235,0.581654,0.242844,-0.303869,36.517395,29.804829,-7.868328
1940,2.666654,-1.549051,-1.330644,-1.271802,0.71051,-5.976572,0.009943,0.999764,0.019337,1.332937,0.97242,-0.339497,29.019632,37.154995,-7.818306
1960,-1.964643,-1.471454,0.288443,-0.780828,2.230474,-4.39622,-0.091586,0.99507,0.038059,2.693255,0.820146,-0.559788,22.361908,41.842876,-5.733887
1980,-1.816475,-1.407056,0.386157,-0.262024,2.522412,-2.563588,-0.158115,0.986625,0.039646,3.42052,0.574823,-0.709828,22.361908,41.842876,-5.733887
2000,-1.76313,-1.379496,0.40093,-0.138661,1.636998,-0.662675,-0.186629,0.981758,0.036344,3.235122,0.175987,-0.520613,18.5196,43.900322,-3.68033
2020,-1.749481,-1.388937,0.390475,0.089701,0.842109,1.111644,-0.177979,0.983509,0.032145,3.068101,-0.103016,-0.318018,18.098709,44.146832,-2.693031
2040,-1.741021,-1.430823,0.395236,0.570709,-0.185521,2.865039,-0.1375,0.99022,0.023635,3.537296,-0.593003,-0.429427,18.098709,44.146832,-2.693031
2060,-1.63875,-1.506185,0.514017,1.643803,-1.053183,3.971665,-0.064418,0.997913,0.004384,3.470851,-0.09856,-0.435979,20.847866,42.889057,-3.10708
2080,0.913506,-1.535646,3.137108,0.841468,-4.477679,5.039221,0.027821,0.999382,-0.021472,-0.837788,0.380775,1.320529,25.723007,39.788116,-6.244308
2100,1.058736,-1.442135,-2.954609,2.3722,-2.242464,3.911916,0.11185,0.991735,-0.062867,-0.573428,-2.265477,-2.231383,28.196131,37.682056,-8.294547
2120,1.128979,-1.340759,-2.861165,1.624528,-0.321378,4.291471,0.206119,0.973658,-0.097495,2.107891,0.494772,0.57717,28.196131,37.682056,-8.294547
2140,1.132677,-1.265702,-2.83665,1.192554,-1.163407,3.178091,0.272012,0.953819,-0.127434,0.48992,-0.054603,-0.170341,34.181465,30.922157,-12.617697
2160,1.127201,-1.200436,-2.824902,1.26353,-0.724765,3.13357,0.32692,0.932197,-0.155346,-0.09317,0.026604,0.279446,34.181465,30.922157,-12.617697
2180,1.131912,-1.136992,-2.813022,1.06601,0.005456,2.681616,0.38049,0.907373,-0.178609,0.181293,0.17745,-0.174098,36.521309,27.151352,-14.586181
2200,1.143825,-1.082638,-2.802692,0.807624,0.304557,2.51597,0.426896,0.883198,-0.19422,0.182556,0.113064,-0.025598,38.579884,23.596844,-15.444748
2220,1.167678,-1.034545,-2.786925,0.493144,0.597727,2.194765,0.469963,0.85963,-0.200427,0.260567,0.186528,-0.278074,38.579884,23.596844,-15.444748
2240,1.194846,-0.999356,-2.763375,-0.360406,0.196915,1.738189,0.503071,0.841123,-0.198575,0.298199,0.643542,-0.076694,40.342728,20.556541,-15.285662
2260,1.216992,-0.974706,-2.735305,-0.40995,-0.206584,1.312856,0.526638,0.827537,-0.194512,0.360294,1.263116,0.049187,41.367687,18.606464,-15.042362
2280,1.238646,-0.953833,-2.700864,-0.634268,-0.400472,1.284712,0.546939,0.815639,-0.188655,0.02702,1.772648,0.24139,41.760902,17.665112,-15.090714
2300,1.254578,-0.937739,-2.669313,-0.597593,-0.507475,0.902224,0.562279,0.806222,-0.183977,-0.108132,1.969916,0.35132,41.760902,17.665112,-15.090714
2320,1.270205,-0.929269,-2.644935,-0.553181,0.268673,0.449639,0.571588,0.801183,-0.177183,-2.17019,2.086375,1.099119,42.088089,16.621248,-15.365074
2340,1.320233,-0.930425,-2.628606,-0.397486,2.646921,0.074358,0.578835,0.801874,-0.148149,-3.166253,1.789511,1.185853,42.572586,16.455494,-14.161587
2360,1.390851,-0.925197,-2.614246,-0.309245,2.930633,0.613742,0.591963,0.798739,-0.107686,-3.343458,0.785261,0.741124,42.572586,16.455494,-14.161587
2380,1.438218,-0.879031,-2.602055,0.161511,0.934665,3.405778,0.6323,0.770121,-0.084324,1.48414,0.398992,-0.103008,43.836147,16.010386,-10.286795
2400,1.432542,-0.811195,-2.590417,0.034597,-1.391002,2.916974,0.682062,0.72511,-0.094903,1.174826,0.743045,-0.383292,45.318741,11.766056,-9.567138
2420,1.386089,-0.765329,-2.589254,0.525395,-2.876771,1.939311,0.708888,0.692774,-0.132446,-1.219767,0.850118,0.155533,45.318741,11.766056,-9.567138
2440,1.315476,-0.724648,-2.587177,0.208287,-3.975471,2.819684,0.724461,0.662872,-0.189097,-2.068867,0.648804,0.817362,45.219624,8.577482,-12.859669
2460,1.256811,-0.640535,-2.575418,1.210704,-2.098944,4.418067,0.762578,0.597624,-0.24763,-3.05016,1.444292,1.451045,44.265717,5.269144,-17.220371
2480,1.263214,-0.558732,-2.580099,1.386121,1.871095,3.619127,0.808133,0.530111,-0.256714,-2.579419,0.988535,0.839036,44.265717,5.269144,-17.220371
2500,1.318366,-0.483259,-2.581009,0.809393,2.884362,3.664182,0.857423,0.464667,-0.221157,-2.182572,0.650185,0.537807,44.2453,-0.794407,-18.041088
2520,1.369873,-0.412742,-2.569564,0.043854,1.93444,3.406881,0.897596,0.401123,-0.182815,-1.380445,1.335907,0.422195,45.185432,-6.098269,-14.312456
2540,1.400321,-0.355377,-2.560972,0.18343,1.067522,2.412771,0.923926,0.347943,-0.15905,-0.735953,2.183978,0.211067,45.185432,-6.098269,-14.312456
2560,1.415785,-0.331976,-2.554903,-0.332069,0.42619,0.42236,0.934065,0.325912,-0.145961,-0.828291,0.833069,-0.270726,45.011738,-10.774302,-11.900287
2580,1.423908,-0.351418,-2.545537,-0.668098,0.169841,-1.641165,0.928775,0.344229,-0.137416,-0.830005,0.348123,-0.243687,45.035641,-11.151661,-11.453829
2600,1.428175,-0.405212,-2.539107,-0.685214,0.083721,-3.160667,0.909688,0.394214,-0.130627,-0.753743,0.339017,-0.23656,45.035641,-11.151661,-11.453829
2620,1.434169,-0.489154,-2.533947,-0.941966,0.272687,-4.691177,0.874505,0.469879,-0.12023,-0.544503,-0.015762,-0.379571,45.712723,-7.905554,-11.472049
2640,1.447806,-0.600396,-2.522317,-1.364797,0.419159,-5.850117,0.818879,0.564969,-0.101225,-0.643739,-0.217389,-0.421007,46.420971,-1.401018,-11.264507
2660,1.469858,-0.731653,-2.502256,-1.576294,0.543541,-6.778537,0.740284,0.6681,-0.074978,-0.649204,-0.12324,-0.431782,46.420971,-1.401018,-11.264507
2680,1.509155,-0.881416,-2.474648,-1.531977,1.280387,-7.724474,0.634851,0.77164,-0.039183,-0.48562,0.305371,-0.475298,45.984322,7.691046,-10.490412
2700,1.572659,-1.042629,-2.434248,-1.305368,1.551186,-8.109735,0.50395,0.863732,0.000938,-0.080885,0.451591,-0.407311,43.335426,18.319246,-8.378845
2720,1.664699,-1.205621,-2.362878,-1.042287,1.180698,-8.263866,0.35554,0.934061,0.033485,0.30895,0.562979,-0.349525,43.335426,18.319246,-8.378845
2740,1.8342,-1.366166,-2.197037,-0.748229,0.060052,-8.292395,0.196196,0.979136,0.052908,1.181092,0.886449,-0.034033,37.860661,28.58345,-5.771954
2760,2.664673,-1.498414,-1.355343,-0.527664,-0.387669,-8.141876,0.033198,0.997382,0.06425,1.553762,1.148279,0.052984,29.684795,37.154602,-4.701807
2780,-2.141915,-1.431402,0.129111,-0.617451,0.202135,-7.019883,-0.116892,0.9903,0.075109,1.702128,1.190074,-0.008108,29.684795,37.154602,-4.701807
2800,-1.926723,-1.322435,0.325495,-0.765371,1.557916,-4.822681,-0.230409,0.969316,0.085657,2.547609,1.357481,-0.317987,20.271986,43.070282,-4.213769
2820,-1.853776,-1.252438,0.368884,-0.307584,1.330039,-2.775044,-0.300559,0.949751,0.087397,3.84191,0.957552,-0.88972,15.323462,45.15414,-3.170737
2840,-1.80532,-1.222801,0.401815,0.420895,0.798805,-0.838888,-0.331679,0.940058,0.079245,3.389113,0.139089,-0.566992,11.271173,46.391724,-2.12777
2860,-1.740259,-1.235244,0.437819,0.781614,2.011218,1.314417,-0.324574,0.944229,0.055536,2.901158,-0.464294,-0.063013,11.271173,46.391724,-2.12777
2880,-1.675002,-1.287999,0.4646,0.64181,1.579968,3.54636,-0.277529,0.960279,0.029025,3.510897,-0.683423,0.190305,11.310195,46.362808,-2.515546
2900,-1.60221,-1.375397,0.529362,1.378786,0.118193,4.418901,-0.194062,0.98097,0.006098,3.490189,3.118486,0.66892,15.689527,45.041462,-2.977293
2920,-1.425501,-1.514571,0.809684,1.011699,-5.488964,8.599112,-0.055604,0.99842,-0.008136,1.10991,1.947747,1.296817,15.689527,45.041462,-2.977293
2940,0.819192,-1.49532,3.104733,2.818521,-2.451656,3.050519,0.05509,0.997153,-0.051487,-0.031531,-2.10958,-1.700924,23.135809,41.262939,-6.772226
2960,1.048629,-1.391407,-2.918416,1.95804,-0.521226,5.289235,0.154651,0.983953,-0.088993,1.473233,0.857295,0.939381,28.684982,36.614014,-10.970159
2980,1.097378,-1.301411,-2.858346,1.491592,-0.38968,4.084397,0.236868,0.963935,-0.121341,0.422037,0.025628,0.096073,28.684982,36.614014,-10.970159
3000,1.109756,-1.222116,-2.828482,1.351897,-0.722904,3.609909,0.305986,0.939824,-0.151997,0.447463,0.048152,-0.330974,33.327496,31.613445,-13.176749
3020,1.12516,-1.15571,-2.810532,1.087878,-0.169298,3.071487,0.363884,0.915082,-0.173822,-0.013191,0.327945,-0.136572,36.259109,27.32008,-14.921426
3040,1.160418,-1.093513,-2.785012,0.621068,1.003899,2.814162,0.421227,0.888246,-0.183268,0.366295,0.454589,-0.263372,36.259109,27.32008,-14.921426
3060,1.201478,-1.046618,-2.754809,-0.03957,0.552884,2.210868,0.466755,0.865735,-0.180671,0.733761,1.056262,0.095664,39.47868,22.413357,-14.927622
3080,1.233652,-1.015573,-2.716289,-0.557782,-0.261191,1.601342,0.497457,0.849783,-0.174372,0.230051,1.903315,0.446757,40.499619,20.753416,-14.588877
3100,1.262558,-0.991999,-2.671983,-0.850929,-0.421323,1.453746,0.521236,0.837121,-0.165954,-0.597576,2.349387,0.777313,40.499619,20.753416,-14.588877
3120,1.299287,-0.975363,-2.628716,-0.93356,0.484467,0.881631,0.540321,0.827906,-0.150417,-1.985969,2.366095,0.9416,41.490379,18.733816,-14.53792
3140,1.364233,-0.970588,-2.59227,-0.877742,2.562701,0.375041,0.552807,0.825218,-0.115842,-3.637051,1.539299,0.93707,41.986835,18.353352,-13.565352
3160,1.444127,-0.965243,-2.561178,-0.766514,2.245312,0.582938,0.564656,0.822187,-0.071909,-2.506627,0.481691,0.095011,41.986835,18.353352,-13.565352
3180,1.470796,-0.915194,-2.537507,-0.285375,-0.837484,4.035266,0.606591,0.792681,-0.060862,3.323493,1.05171,-0.598958,43.498989,17.525288,-9.190249
3200,1.451735,-0.847549,-2.513871,-0.362602,-2.483154,2.486508,0.657137,0.749661,-0.078612,1.654051,1.243534,-0.899553,44.532837,14.205065,-9.939874
3220,1.388288,-0.807417,-2.51588,0.734767,-3.447385,1.64962,0.679885,0.722504,-0.125481,-1.326659,0.789688,-0.209816,44.532837,14.205065,-9.939874
3240,1.308983,-0.747844,-2.516459,0.810039,-4.353998,4.528603,0.708172,0.68006,-0.189765,-2.826825,0.985803,1.077414,44.389908,11.158878,-13.73952
3260,1.271638,-0.632686,-2.516479,1.917316,0.154434,5.105965,0.770624,0.591313,-0.237671,-3.094293,1.84222,1.715149,43.547726,5.646051,-18.85408
3280,1.310294,-0.531921,-2.52414,1.552487,2.629305,4.772417,0.832757,0.50719,-0.221979,-2.420891,1.11163,0.871943,43.547726,5.646051,-18.85408
3300,1.350955,-0.430735,-2.525847,1.112431,1.776441,4.857746,0.88679,0.417539,-0.198156,-2.402979,0.804171,0.551595,44.512283,-1.852903,-17.291103
3320,1.391256,-0.337813,-2.526614,0.815097,2.270772,4.353349,0.928316,0.331425,-0.168485,-1.920244,1.198772,0.643399,44.686218,-8.891643,-14.416628
3340,1.431041,-0.258685,-2.522321,0.184577,1.60803,3.73727,0.957302,0.255809,-0.134666,-1.051494,2.301579,0.360985,44.193832,-13.747637,-11.902359
3360,1.456948,-0.198304,-2.51537,-0.040444,1.024939,2.433586,0.974055,0.197007,-0.111376,-0.755748,1.161849,-0.1452,44.193832,-13.747637,-11.902359
3380,1.466554,-0.182357,-2.507356,-0.41818,0.049431,-0.276966,0.978081,0.181348,-0.102329,-0.334557,0.256824,-0.460797,43.11792,-17.897739,-10.211479
3400,1.455875,-0.224111,-2.50058,-0.628287,-1.050726,-2.910537,0.968561,0.22224,-0.111801,-0.62388,-0.143627,-0.450684,43.496601,-16.687208,-10.646191
3420,1.434015,-0.305277,-2.496956,-0.745285,-0.922659,-4.646465,0.944856,0.300557,-0.130051,-0.937775,-0.465993,-0.382126,43.496601,-16.687208,-10.646191
3440,1.432012,-0.418995,-2.493545,-1.077144,0.291725,-6.110794,0.904715,0.406842,-0.126372,-0.988257,-0.614133,-0.375596,44.807796,-11.145042,-12.321044
3460,1.450345,-0.555621,-2.485143,-1.346419,0.894604,-7.067967,0.843417,0.527471,-0.102085,-0.786838,-0.268377,-0.445538,46.18055,-2.252741,-12.084723
3480,1.480145,-0.710449,-2.470112,-1.446986,1.084657,-7.96208,0.754956,0.652175,-0.068626,-0.668103,-0.000075,-0.469765,46.18055,-2.252741,-12.084723
3500,1.5151,-0.87914,-2.449364,-1.241982,0.896652,-8.504124,0.636825,0.770191,-0.035505,-0.370635,0.227704,-0.384645,45.776592,8.7988,-10.528218
3520,1.553877,-1.052099,-2.422013,-1.014265,0.744182,-8.669986,0.495678,0.868466,-0.008387,-0.000561,0.506824,-0.252828,42.283478,20.456192,-8.798307
3540,1.605396,-1.22598,-2.378274,-0.713601,0.528229,-8.703609,0.337821,0.941138,0.011693,0.568948,0.782892,-0.035832,42.283478,20.456192,-8.798307
3560,1.710172,-1.398457,-2.278087,-0.433456,0.279693,-8.665885,0.169824,0.985186,0.023824,1.010031,0.743909,0.091014,35.689796,30.892384,-7.460403
3580,3.093792,-1.538501,-0.899896,-0.410742,0.64941,-8.206511,0.001543,0.999479,0.032253,1.192259,1.166598,0.254506,26.675821,39.083096,-6.683632
3600,-1.843959,-1.417806,0.415402,-0.708167,2.302387,-6.748978,-0.146744,0.98832,0.041113,1.345611,1.453071,0.221919,26.675821,39.083096,-6.683632
3620,-1.74262,-1.308136,0.457615,-0.761748,3.152115,-4.723284,-0.255827,0.965703,0.044395,2.304213,1.554134,0.23629,17.779671,44.085835,-4.907256
3640,-1.692728,-1.231484,0.459618,-0.364973,1.655874,-3.234404,-0.330368,0.942984,0.040483,3.720703,0.909082,-0.381731,11.884448,46.208618,-2.698516
3660,-1.67124,-1.186578,0.472749,0.19221,0.123435,-1.624846,-0.372945,0.927092,0.037586,3.057745,-0.058485,-0.015965,11.884448,46.208618,-2.698516
3680,-1.63639,-1.181462,0.48963,0.295678,1.526426,0.631413,-0.378756,0.925162,0.02488,2.538165,-0.72341,0.431633,8.810115,46.905308,-2.456138
3700,-1.599023,-1.220649,0.504329,0.408281,0.596289,2.506723,-0.3429,0.939322,0.009681,3.116474,-0.418051,0.044167,10.143381,46.630028,-2.551674
3720,-1.595026,-1.271484,0.529672,0.461982,-1.9092,2.382604,-0.294777,0.955539,0.007144,2.030861,-0.641544,0.399106,12.495896,46.024391,-3.060477
3740,-1.606673,-1.313033,0.566496,0.863312,-2.338548,1.750275,-0.254755,0.966962,0.009144,1.107507,-0.516767,0.310452,12.495896,46.024391,-3.060477
3760,-1.167165,-1.31523,1.079806,7.274929,-2.969223,2.488044,-0.23248,0.96752,-0.099287,2.862668,6.861169,-5.578767,15.010148,44.440304,-9.138571
3780,0.039438,-1.515202,2.355028,-0.107761,-0.122305,8.619677,0.002191,0.998455,-0.055523,3.311255,-0.060482,5.319423,15.010148,44.440304,-9.138571
3800,0.698575,-1.433014,3.0827,1.239815,-4.196667,6.886354,0.088332,0.990523,-0.105175,0.941225,-1.812224,-0.826664,25.516453,38.716373,-11.563376
3820,0.892661,-1.340842,-2.966696,1.849115,-0.346196,3.822819,0.177502,0.973677,-0.142992,-0.293819,-0.042067,1.28557,27.547197,36.387291,-14.173059
3840,0.973874,-1.241588,-2.879391,1.908445,0.423196,4.296208,0.267386,0.946299,-0.181723,0.437722,0.225241,-0.279016,32.526413,30.324173,-17.499584
3860,1.009515,-1.16219,-2.846879,1.58323,0.338612,3.385652,0.33637,0.917675,-0.211488,0.416972,0.241092,-0.399535,32.526413,30.324173,-17.499584
3880,1.043393,-1.097394,-2.818964,1.037293,0.510127,3.016063,0.393966,0.890022,-0.229459,0.249833,0.39756,-0.024692,35.3354,26.342516,-18.472675
3900,1.077211,-1.042725,-2.791821,0.555404,0.344812,2.493067,0.443727,0.86378,-0.238726,0.599486,1.081959,0.186663,35.3354,26.342516,-18.472675
3920,1.103205,-1.004728,-2.765524,0.09001,-0.072214,1.79316,0.478748,0.844016,-0.241739,0.375638,1.468316,0.452829,38.711346,20.870779,-18.69762
3940,1.121945,-0.978505,-2.734823,-0.300649,-0.297128,1.331045,0.502966,0.829664,-0.242248,-0.311819,1.555331,0.420791,39.328953,19.69187,-18.687492
3960,1.152448,-0.964365,-2.703646,-0.591561,0.799107,0.870492,0.520788,0.821687,-0.231539,-1.523122,1.817564,0.503328,39.980721,18.169111,-18.846336
3980,1.228119,-0.957545,-2.674023,-0.701086,3.743937,0.508737,0.542067,0.817781,-0.193383,-3.093703,1.639128,0.840204,39.980721,18.169111,-18.846336
4000,1.345662,-0.949591,-2.643972,-0.736415,4.681652,0.734797,0.567328,0.813177,-0.129928,-3.015479,0.568262,0.866149,41.363914,17.624884,-16.190998
4020,1.430765,-0.90694,-2.607746,-0.600743,1.298791,3.872206,0.610128,0.787622,-0.086,-0.22585,-0.031396,-0.059355,43.547081,16.804096,-10.248558
4040,1.462588,-0.825409,-2.575655,-0.666319,-0.123027,2.723099,0.67429,0.734825,-0.07325,3.008602,0.955086,-0.493065,43.547081,16.804096,-10.248558
4060,1.430053,-0.7918,-2.563064,0.071961,-3.184049,1.777452,0.695619,0.711619,-0.098556,-0.577592,1.125097,-0.525163,45.516068,11.413712,-9.042868
4080,1.34997,-0.759854,-2.566875,0.408103,-3.942783,1.637205,0.707333,0.688815,-0.158788,-2.23753,0.297467,0.946721,45.147663,9.506302,-12.453009
4100,1.27648,-0.682244,-2.563304,1.505783,-3.205623,4.895578,0.742785,0.630537,-0.225153,-3.137957,2.167147,1.741769,45.147663,9.506302,-12.453009
4120,1.254763,-0.581954,-2.571857,1.783233,0.627268,4.431361,0.794018,0.549657,-0.259638,-3.027218,1.133799,1.304667,44.060295,5.132057,-17.779518
4140,1.296628,-0.485439,-2.571777,1.213402,2.525275,4.78032,0.851436,0.466597,-0.239467,-2.329204,0.679704,0.830043,44.444206,-3.083899,-17.290482
4160,1.345918,-0.387368,-2.568819,1.052946,2.290546,4.701133,0.902593,0.377752,-0.206466,-1.759939,1.206827,0.531371,44.444206,-3.083899,-17.290482
4180,1.39023,-0.294954,-2.570951,0.950329,2.267233,4.355637,0.94126,0.290695,-0.171831,-1.364752,1.509109,0.513231,44.632313,-9.972005,-13.866308
4200,1.426412,-0.217995,-2.566475,-0.027901,1.309042,3.476756,0.966174,0.216273,-0.140478,-0.883548,1.80306,0.330832,43.766144,-15.855399,-10.811556
4220,1.448531,-0.168445,-2.554197,-0.372968,0.810525,1.710441,0.978487,0.167649,-0.120235,-0.333636,1.630859,0.054363,43.766144,-15.855399,-10.811556
4240,1.451335,-0.176451,-2.542463,-0.767396,-0.420403,-1.577722,0.977457,0.175536,-0.117327,-0.11796,0.306779,-0.540205,42.857304,-18.750446,-9.768869
4260,1.433909,-0.240808,-2.529684,-1.17197,-1.213401,-3.891898,0.962061,0.238487,-0.132523,-0.636118,-0.262718,-0.53009,43.358894,-17.140316,-10.486877
4280,1.42046,-0.341764,-2.516446,-1.455311,-0.46846,-5.456417,0.931538,0.335149,-0.141109,-1.101201,-0.504079,-0.396992,43.358894,-17.140316,-10.486877
4300,1.429998,-0.467661,-2.503054,-1.555722,0.566465,-6.428107,0.883792,0.4508,-0.125266,-1.379855,-0.333765,-0.382165,44.908119,-10.752137,-12.304924
4320,1.458893,-0.607803,-2.486256,-1.647562,1.204847,-7.139888,0.81577,0.571065,-0.091671,-0.810491,-0.007268,-0.523564,46.232151,-1.52524,-12.000868
4340,1.496857,-0.764753,-2.460927,-1.701717,0.950048,-8.103288,0.719582,0.692359,-0.053303,-0.369576,0.134164,-0.553478,46.232151,-1.52524,-12.000868
4360,1.538863,-0.940299,-2.427566,-1.41449,0.880322,-9.014899,0.589246,0.807734,-0.018823,-0.15225,0.377721,-0.461127,45.713112,9.424637,-10.258965
4380,1.599259,-1.125483,-2.382822,-1.038032,1.137273,-9.282692,0.430566,0.902476,0.012258,-0.120828,0.696187,-0.385031,41.814819,21.559685,-8.394015
4400,1.706414,-1.30532,-2.29607,-0.599376,1.31049,-8.937714,0.25996,0.964968,0.035473,0.431263,1.216704,-0.247509,37.310246,29.038799,-6.960774
4420,2.061355,-1.473488,-1.957903,-0.206425,0.843166,-8.754933,0.085698,0.995269,0.045772,1.514858,1.528138,0.059331,37.310246,29.038799,-6.960774
4440,-2.109348,-1.472494,0.142947,-0.323277,0.976714,-8.195701,-0.084252,0.995172,0.050338,1.681084,1.619635,0.185502,25.200417,40.280102,-5.119683
4460,-1.809844,-1.335416,0.402552,-0.78664,2.984288,-6.239702,-0.226582,0.972426,0.05522,1.539158,1.548738,0.383562,25.200417,40.280102,-5.119683
4480,-1.7282,-1.243075,0.415749,-0.615086,3.190563,-3.585107,-0.317908,0.946778,0.050457,3.498389,1.272323,-0.186291,15.778635,44.974007,-3.483152
4500,-1.68298,-1.188929,0.425572,0.054671,0.796162,-2.325057,-0.370311,0.92797,0.041718,4.384655,0.830605,-0.467103,10.461473,46.607742,-1.426343
4520,-1.660009,-1.165836,0.449411,0.447426,0.205545,-0.379914,-0.392416,0.919118,0.035102,4.011496,0.101253,-0.436499,10.461473,46.607742,-1.426343
4540,-1.618981,-1.191523,0.467899,0.465478,1.507395,2.273615,-0.369816,0.928934,0.017833,2.455127,-0.609446,0.280827,8.210375,47.050449,-1.613542
4560,-1.569539,-1.256901,0.500189,0.741295,0.453184,3.355357,-0.308765,0.951138,-0.000388,2.759983,-0.529706,0.173575,10.886339,46.491535,-1.945079
4580,-1.416937,-1.325468,0.676966,5.021526,-1.852122,3.792767,-0.240006,0.970058,-0.037221,2.487732,3.865895,-4.954524,14.009901,45.613091,-2.631979
4600,-1.054709,-1.441272,1.17993,-2.72174,-11.761128,12.06451,-0.11234,0.991623,-0.063739,3.726323,1.755081,3.559223,14.009901,45.613091,-2.631979
4620,0.484254,-1.477208,2.785914,4.282956,-2.286718,4.238892,0.043506,0.995624,-0.082707,1.688717,2.396054,0.456226,20.77179,42.075291,-9.053247
4640,0.906656,-1.388871,-3.042808,1.181965,-2.094515,4.879221,0.142467,0.983497,-0.111518,-0.524517,-0.743629,-0.499169,28.360125,36.471558,-12.218319
4660,1.0003,-1.299653,-2.924033,1.546824,-1.131897,4.79059,0.225417,0.963465,-0.144643,0.583177,-0.377146,0.663152,28.360125,36.471558,-12.218319
4680,1.043638,-1.214524,-2.867532,1.274589,-0.379423,3.507394,0.301432,0.937203,-0.175466,0.801381,0.165152,-0.434687,32.626701,31.626661,-14.799021
4700,1.066613,-1.150819,-2.840296,1.13475,0.027866,2.914812,0.357004,0.913098,-0.196976,-0.100443,0.126574,0.009369,35.752106,27.125435,-16.424265
4720,1.102546,-1.088454,-2.815184,0.980027,1.04879,2.858316,0.413926,0.885911,-0.20935,0.338836,0.889617,-0.050705,35.752106,27.125435,-16.424265
4740,1.13776,-1.035582,-2.792376,0.393432,0.564209,2.423498,0.462948,0.860159,-0.214022,0.706623,1.240717,0.333391,38.230408,23.302299,-16.709202
4760,1.164154,-0.997011,-2.762518,-0.110353,-0.303608,1.938652,0.49855,0.839852,-0.214698,0.377273,1.276664,0.206916,38.230408,23.302299,-16.709202
4780,1.181917,-0.971121,-2.730315,-0.434416,-0.495561,1.281669,0.522235,0.825519,-0.213983,-0.559238,1.656552,0.278162,40.50378,19.353739,-16.390095
4800,1.205168,-0.957415,-2.697138,-0.726722,0.236065,0.83168,0.537586,0.817706,-0.20581,-1.155201,1.764112,0.363586,41.059731,17.850061,-16.710262
4820,1.270243,-0.950028,-2.663455,-0.803417,2.952939,0.643609,0.555586,0.813432,-0.1722,-1.917585,1.880583,0.575291,41.059731,17.850061,-16.710262
4840,1.378729,-0.942772,-2.635488,-0.588431,5.02743,0.388763,0.576743,0.80919,-0.112156,-2.877036,0.360793,0.752766,42.040329,17.299805,-14.733843
4860,1.489527,-0.924951,-2.609871,-0.592632,3.843166,2.159384,0.599887,0.798591,-0.04886,-0.002872,0.025551,0.253022,43.863487,16.919355,-8.572549
4880,1.541912,-0.850945,-2.594141,-0.292433,1.012024,3.164018,0.658998,0.751904,-0.01904,2.520338,1.217411,-0.571887,45.191986,14.56588,-5.410936
4900,1.530075,-0.822055,-2.578437,-0.444574,-2.458874,1.0979,0.680153,0.732546,-0.027712,0.634041,0.74423,-1.104581,45.191986,14.56588,-5.410936
4920,1.457123,-0.810106,-2.576868,0.291392,-4.089514,0.255954,0.684972,0.72436,-0.0782,-2.208898,0.135564,0.150405,45.996433,11.635164,-5.719255
4940,1.382108,-0.77353,-2.568888,0.127095,-3.804265,3.205133,0.702751,0.698665,-0.134197,-2.598075,0.224354,1.273601,45.27562,10.669909,-10.955811
4960,1.336008,-0.697298,-2.560952,0.686673,-1.911308,3.799012,0.745548,0.642148,-0.178335,-2.358555,0.724841,1.048986,45.27562,10.669909,-10.955811
4980,1.31704,-0.620244,-2.55503,0.725819,-0.53875,3.839906,0.787678,0.581234,-0.204282,-2.240605,0.725025,0.546307,44.893959,4.048801,-15.871302
5000,1.328963,-0.539738,-2.54295,0.461975,0.800536,4.057139,0.83288,0.513911,-0.205439,-2.018122,0.918935,0.550745,44.928963,0.339867,-16.279779
5020,1.358808,-0.463209,-2.537249,0.636854,1.682284,3.544073,0.874596,0.446822,-0.188233,-1.730843,1.191225,0.420273,44.928963,0.339867,-16.279779
5040,1.397787,-0.399677,-2.527756,-0.168792,1.55343,3.078058,0.907435,0.38912,-0.15858,-1.624491,1.637293,0.164577,45.164528,-5.166815,-14.738648
5060,1.435439,-0.340496,-2.509864,-0.326992,1.805884,2.811459,0.933967,0.333955,-0.127197,-0.841926,2.431304,0.375839,45.128616,-9.486707,-12.536701
5080,1.471036,-0.316615,-2.498257,-0.506466,1.179602,0.135436,0.94557,0.311352,-0.094645,-0.017149,0.482639,-0.506277,45.056526,-11.809771,-10.686325
5100,1.474234,-0.343314,-2.481616,-1.146122,-0.778671,-1.887479,0.937258,0.33661,-0.090786,-0.441683,0.127257,-0.31345,45.056526,-11.809771,-10.686325
5120,1.462901,-0.403684,-2.461432,-1.234937,-0.780247,-3.586096,0.914272,0.392809,-0.09903,-0.589001,0.148497,-0.093627,45.427799,-9.907274,-11.041715
5140,1.464364,-0.498953,-2.445788,-1.245022,0.091057,-5.21084,0.873116,0.478506,-0.09328,-0.925835,-0.120306,-0.261044,46.007645,-4.263483,-12.201557
5160,1.48906,-0.618857,-2.42667,-1.446819,1.036798,-6.238138,0.811823,0.580105,-0.066504,-0.817453,-0.239345,-0.417764,46.007645,-4.263483,-12.201557
5180,1.526607,-0.754595,-2.400302,-1.41065,0.861292,-6.980794,0.727838,0.684994,-0.032184,-0.63041,-0.174801,-0.480878,46.241455,4.362186,-11.245343
5200,1.564009,-0.905087,-2.367004,-1.241522,0.584021,-7.81814,0.617603,0.786479,-0.004192,-0.134998,0.329717,-0.339054,44.489265,14.491947,-9.718398
5220,1.611366,-1.070676,-2.32115,-1.051043,0.403907,-8.51684,0.479137,0.877525,0.019449,-0.072139,0.550835,-0.198786,44.489265,14.491947,-9.718398
5240,1.700504,-1.241734,-2.238603,-0.86465,0.879939,-8.674096,0.320441,0.946346,0.041798,0.179834,0.903035,-0.143391,39.656521,25.292629,-8.449965
5260,1.94682,-1.403346,-2.008467,-0.666151,1.210384,-8.304994,0.155024,0.986013,0.061205,0.683462,1.169215,-0.238268,32.06258,34.79195,-6.72826
5280,-3.091399,-1.495263,-0.781242,-0.611482,1.15144,-7.618709,-0.003786,0.997149,0.075366,1.147387,1.343214,-0.236057,32.06258,34.79195,-6.72826
5300,-2.101965,-1.403953,0.179756,-0.511541,2.170828,-6.322596,-0.143189,0.986114,0.084122,1.442139,1.449799,0.103546,23.207687,41.473778,-5.008746
5320,-1.871532,-1.306458,0.356174,-0.087387,3.059479,-4.500639,-0.249545,0.965266,0.077394,2.437579,1.067922,-0.168382,15.574756,45.070251,-3.139795
5340,-1.758989,-1.244605,0.421194,0.29516,2.052374,-2.501274,-0.31478,0.94727,0.059949,3.398261,0.355404,-0.311276,15.574756,45.070251,-3.139795
5360,-1.69552,-1.219775,0.459743,0.533303,1.089921,-0.62149,-0.341186,0.939022,0.042776,3.353103,-0.106686,-0.170843,11.323846,46.367516,-2.362767
5380,-1.647097,-1.232328,0.492913,0.627426,0.631922,1.262427,-0.331077,0.943264,0.025311,3.114295,-0.727108,0.212711,10.881453,46.45121,-2.763593
5400,-1.613865,-1.272436,0.527868,0.746674,-0.309159,2.066885,-0.293681,0.95582,0.012656,2.221019,-0.493478,0.007028,10.881453,46.45121,-2.763593
5420,-1.489533,-1.326738,0.674626,4.459645,-1.052689,3.04071,-0.240845,0.970365,-0.019615,2.575089,0.543871,-1.80703,13.47963,45.697762,-3.71115
5440,-0.90457,-1.471154,1.374472,-3.033925,-8.607859,14.534575,-0.078205,0.99504,-0.06148,6.820027,-0.652358,8.517382,19.28149,42.613499,-9.801651
5460,0.580201,-1.475962,2.905696,3.745488,-2.915769,2.093877,0.051909,0.995507,-0.079196,0.176973,4.348732,1.995059,19.28149,42.613499,-9.801651
5480,0.953479,-1.378852,-2.96088,1.76943,-0.996638,5.007251,0.155559,0.981635,-0.110426,-0.194255,-3.060004,-0.783251,27.35565,37.175659,-12.385376
5500,1.009767,-1.291308,-2.892621,1.664008,-1.146056,4.282466,0.233576,0.961197,-0.146775,0.933905,0.002319,0.004991,32.086788,32.108421,-14.941418
5520,1.030364,-1.220807,-2.853686,1.15615,-0.464941,2.523612,0.294021,0.939376,-0.176418,0.45192,0.163056,-0.142704,32.086788,32.108421,-14.941418
5540,1.043818,-1.169601,-2.829741,0.790328,-0.337263,2.495299,0.337537,0.920595,-0.196401,-0.093274,0.258528,-0.258341,34.702129,28.135403,-16.968204
5560,1.071924,-1.123575,-2.808138,0.673056,0.550434,2.140487,0.379755,0.901652,-0.206905,0.241476,0.825689,0.054653,36.568462,25.196415,-17.653521
5580,1.103244,-1.085527,-2.783761,0.276253,0.42251,1.730596,0.416385,0.884549,-0.210229,0.415417,1.209445,0.419869,36.568462,25.196415,-17.653521
5600,1.127823,-1.057139,-2.756295,-0.099846,-0.079235,1.433596,0.44394,0.870953,-0.210613,0.110564,1.343006,0.35017,38.190395,22.820824,-17.448849
5620,1.15125,-1.040247,-2.729687,-0.350298,0.092481,0.854615,0.462123,0.862529,-0.20612,-0.749355,1.430974,0.322148,38.694153,21.941063,-17.467434
5640,1.196812,-1.029557,-2.700286,-0.547905,1.877886,0.781182,0.479588,0.857071,-0.188216,-2.253224,1.831894,0.603347,38.694153,21.941063,-17.467434
5660,1.300885,-1.016344,-2.667277,-0.603879,4.697494,1.019386,0.507417,0.850189,-0.140383,-3.04033,1.663102,0.747302,40.120953,20.646786,-15.740968
5680,1.427417,-0.996464,-2.639774,-0.471951,5.052878,1.197648,0.537699,0.839555,-0.077628,-2.316447,0.193297,0.46926,42.514816,19.606991,-9.581999
5700,1.506771,-0.944784,-2.618781,-0.201209,1.991364,4.010385,0.584717,0.810371,-0.037488,0.719787,-0.42414,-0.096668,43.847069,18.00181,-6.093281
5720,1.543579,-0.867945,-2.610446,-0.169033,0.952132,2.65696,0.646157,0.763002,-0.017591,2.511757,0.997984,-0.734118,43.847069,18.00181,-6.093281
5740,1.532436,-0.833777,-2.611753,0.286377,-1.256027,1.528818,0.671589,0.740475,-0.025775,-0.067708,0.910236,-0.690304,45.593594,13.670967,-4.252938
5760,1.488579,-0.808339,-2.618902,0.209994,-2.152879,1.319621,0.688368,0.723141,-0.056723,-1.991163,-0.144695,0.312064,46.049896,11.482821,-5.595581
5780,1.450944,-0.745752,-2.616856,0.643216,-1.37062,4.13358,0.729308,0.678524,-0.08783,-2.226348,0.851917,0.972825,46.049896,11.482821,-5.595581
5800,1.44419,-0.654549,-2.628292,1.063598,0.764326,4.516297,0.786973,0.608801,-0.100172,-1.780442,1.104883,0.657377,46.353432,7.985838,-8.44656
5820,1.468178,-0.557979,-2.633312,0.581184,1.584226,4.91949,0.843864,0.529473,-0.086901,-1.570259,0.981331,0.389757,47.092453,1.379374,-8.00979
5840,1.498131,-0.456659,-2.628161,-0.014402,1.075804,5.122906,0.895162,0.440952,-0.065162,-1.332937,1.771435,0.362068,47.092453,1.379374,-8.00979
5860,1.511082,-0.356994,-2.618805,0.004818,0.092358,4.879757,0.935282,0.349459,-0.055916,-0.303354,2.963712,0.192757,47.05917,-5.780602,-5.981442
5880,1.50917,-0.274837,-2.617716,0.167422,-0.33022,3.390323,0.960642,0.27139,-0.059276,0.235891,2.574588,-0.140675,45.519215,-13.449155,-5.556968
5900,1.486217,-0.237775,-2.611608,-0.391637,-1.742754,1.013924,0.96839,0.23554,-0.082102,-0.21749,0.62031,-0.611899,45.519215,-13.449155,-5.556968
5920,1.448891,-0.241436,-2.595556,-0.994457,-1.963955,-0.753841,0.96379,0.239097,-0.118077,-0.784606,0.209877,-0.213802,44.447113,-15.986065,-7.256632
5940,1.434454,-0.282831,-2.578963,-1.10433,-0.307702,-2.630034,0.951358,0.279076,-0.13052,-1.089877,-0.31562,-0.1413,44.271385,-15.669503,-8.847018
5960,1.445769,-0.353651,-2.562003,-1.373885,0.651438,-3.813015,0.930792,0.346325,-0.116985,-1.04067,-0.740505,-0.206837,44.271385,-15.669503,-8.847018
5980,1.474142,-0.449234,-2.541543,-1.473548,1.084033,-5.17377,0.896576,0.434276,-0.086929,-0.745987,-0.618633,-0.109986,45.550949,-10.409147,-10.025938
6000,1.498689,-0.571705,-2.519754,-1.465599,0.411758,-6.506904,0.838795,0.541066,-0.060588,-0.58324,-0.282415,-0.110478,46.838478,-3.05398,-8.977122
6020,1.521338,-0.717901,-2.492119,-1.593149,0.373457,-7.621685,0.752267,0.657805,-0.037236,-0.669458,-0.235762,-0.135539,46.838478,-3.05398,-8.977122
6040,1.56067,-0.880301,-2.456253,-1.405456,0.902707,-8.26481,0.636887,0.770931,-0.006449,-0.661911,-0.05714,-0.096166,46.512127,7.09193,-8.371695
6060,1.62294,-1.046426,-2.40604,-1.168234,1.079187,-8.319759,0.499987,0.86564,0.026095,-0.375079,0.282584,-0.132677,43.539433,18.504572,-6.75702
6080,1.721713,-1.2089,-2.317668,-1.01948,0.75798,-8.229007,0.350024,0.935227,0.053229,0.246946,0.516998,-0.167594,43.539433,18.504572,-6.75702
6100,1.945676,-1.361993,-2.094782,-1.072465,0.351612,-8.080024,0.192893,0.97828,0.075901,0.517007,0.693366,-0.139118,37.788578,28.86274,-4.766981
6120,2.772301,-1.467193,-1.265896,-0.917116,0.25912,-7.700444,0.037329,0.994638,0.096446,0.915109,0.923071,-0.160304,29.780973,37.229244,-3.29175
6140,-2.353059,-1.411824,-0.108439,-0.735558,0.610851,-7.33989,-0.112288,0.987391,0.111586,1.290281,1.089651,-0.13777,29.780973,37.229244,-3.29175
6160,-2.024508,-1.293455,0.204356,-0.567966,1.42325,-6.161983,-0.246098,0.961787,0.120008,1.756352,1.243612,-0.064313,20.643456,43.05262,-2.019563
6180,-1.899823,-1.199144,0.297856,-0.360075,1.858552,-4.123147,-0.343675,0.931728,0.117344,2.312212,1.040211,-0.303165,12.23882,46.19091,-0.608315
6200,-1.836218,-1.145307,0.336893,0.165357,0.936374,-2.056434,-0.398313,0.910837,0.108275,2.990659,0.268027,-0.555907,12.23882,46.19091,-0.608315
6220,-1.804233,-1.126542,0.366822,0.451909,-0.08819,-0.493044,-0.418128,0.902931,0.099419,3.153846,-0.761406,-0.185875,7.580268,47.183586,0.084574
6240,-1.79947,-1.137477,0.38554,0.534814,-0.949796,0.972,-0.408955,0.907577,0.095182,2.9202,-0.822571,-0.125776,6.609995,47.32671,-0.499169
6260,-1.817145,-1.168149,0.395153,0.659852,-1.401137,1.443075,-0.380025,0.920027,0.09556,1.668126,-0.636763,-0.146081,7.635447,47.160995,-1.139807
6280,-1.740837,-1.191393,0.487206,3.112119,2.00038,-1.170883,-0.365025,0.928886,0.062674,-2.650997,6.092934,-2.367972,7.635447,47.160995,-1.139807
6300,-1.817063,-1.385468,0.564456,-4.390348,-0.43821,14.746179,-0.17871,0.982876,0.044922,4.374434,6.419941,-6.494019,9.020916,46.803253,-3.440578
6320,-1.915517,-1.476822,0.431439,3.360414,-2.072157,1.881313,-0.088316,0.995588,0.03171,0.417494,-1.412824,-2.533847,20.153345,42.889732,-6.170273
6340,2.841247,-1.558267,-1.049347,0.87273,-2.765963,3.935398,0.003707,0.999922,0.011968,0.360856,0.059069,-0.345571,20.153345,42.889732,-6.170273
6360,1.331825,-1.502207,-2.53532,1.2689,-0.71056,3.59136,0.066588,0.997649,-0.016223,0.159989,0.057176,0.540881,24.220421,39.997807,-9.864339
6380,1.264393,-1.439929,-2.599686,0.826765,0.079041,2.148046,0.124417,0.991449,-0.039361,0.877857,-0.005823,-0.565238,27.651718,37.023617,-12.181668
6400,1.230165,-1.405039,-2.620334,0.571747,-0.996525,1.515475,0.15552,0.986294,-0.055123,0.307981,0.017933,-0.059562,27.651718,37.023617,-12.181668
6420,1.228218,-1.374582,-2.611681,0.356021,-0.095813,1.390649,0.183629,0.980812,-0.06549,-0.156529,0.259865,-0.061174,29.517246,35.119514,-13.383228
6440,1.248402,-1.348814,-2.594634,0.197087,0.221332,1.085706,0.208821,0.975463,-0.069757,0.471751,0.217866,0.082513,30.869661,33.661591,-14.061296
6460,1.252054,-1.336968,-2.591506,0.143424,-0.068792,0.316226,0.220032,0.972787,-0.072609,0.362701,0.078452,0.091591,30.869661,33.661591,-14.061296
6480,1.24547,-1.331077,-2.59684,0.1481,0.021414,0.282159,0.224976,0.971405,-0.075887,-0.026673,0.184556,0.096273,31.68219,32.862625,-14.143737
6500,1.248081,-1.323601,-2.598854,0.131994,0.329136,0.380235,0.232054,0.969602,-0.0776,-0.147414,0.112993,-0.04653,31.959942,32.531197,-14.284332
6520,1.262454,-1.317187,-2.594861,-0.006155,0.622551,0.262855,0.239067,0.968013,-0.076143,-0.080589,0.020375,-0.202498,31.959942,32.531197,-14.284332
6540,1.291969,-1.312664,-2.579907,-0.176853,0.857254,0.312694,0.245416,0.966869,-0.070259,-0.172738,-0.004024,-0.206123,32.477657,32.170502,-13.929085
6560,1.338219,-1.306204,-2.554218,-0.259097,1.152562,0.437289,0.254475,0.965199,-0.060276,-0.193089,0.002132,-0.182492,33.10701,31.932938,-12.960396
6580,1.385027,-1.298253,-2.528327,-0.250122,0.998433,0.451119,0.26455,0.963089,-0.049719,-0.018563,0.037216,-0.088923,33.10701,31.932938,-12.960396
6600,1.421853,-1.290548,-2.505526,-0.234625,0.57944,0.437192,0.273532,0.960987,-0.041045,-0.046435,0.025875,0.037642,34.17617,31.456678,-11.235003
6620,1.448835,-1.28089,-2.485447,-0.212573,0.292878,0.570353,0.283739,0.958271,-0.034778,-0.100832,0.005688,0.193561,34.581059,31.1931,-10.719116
6640,1.47149,-1.267532,-2.466713,-0.18462,0.21506,0.79521,0.297165,0.954367,-0.029608,-0.268052,0.104349,0.148962,34.581059,31.1931,-10.719116
6660,1.48973,-1.247,-2.452746,-0.069108,0.305673,1.199272,0.317123,0.948035,-0.025764,-0.448013,0.183801,0.062416,35.263748,30.579037,-10.254229
6680,1.502366,-1.217049,-2.450671,0.180536,0.701201,1.665444,0.345605,0.938081,-0.023687,-0.427773,0.043303,0.023961,36.394531,29.361563,-9.853698
6700,1.510208,-1.178491,-2.461481,0.375492,0.955225,2.06116,0.381618,0.92403,-0.02315,-0.34608,-0.085728,0.165347,36.394531,29.361563,-9.853698
6720,1.515987,-1.132603,-2.475063,0.419023,0.839558,2.398983,0.423667,0.90552,-0.023244,-0.339668,-0.030169,0.270727,38.164959,27.260719,-9.167749
6740,1.518003,-1.079817,-2.488358,0.438905,0.645158,2.702647,0.470833,0.881872,-0.02488,-0.303718,-0.021596,0.301583,39.875069,24.903816,-8.5754
6760,1.522868,-1.024873,-2.499198,0.390219,0.758247,2.755866,0.518611,0.854648,-0.024875,-0.220394,0.012112,0.275883,41.918129,21.496704,-8.032493
6780,1.528194,-0.968953,-2.508872,0.387072,0.506423,2.7867,0.565649,0.824293,-0.024112,-0.447012,0.564379,0.194492,41.918129,21.496704,-8.032493
6800,1.527372,-0.911027,-2.515784,0.27365,0.170426,2.933463,0.612357,0.790134,-0.026608,-0.449469,1.07887,0.063,43.708672,17.827715,-7.448706
6820,1.524099,-0.849468,-2.515941,0.10265,-0.394499,3.200474,0.659663,0.750929,-0.030827,-0.086161,1.062425,-0.206325,45.13187,13.816729,-7.481365
6840,1.513096,-0.784383,-2.515083,0.180483,-0.673447,3.169642,0.706646,0.706389,-0.040819,0.240665,1.099214,-0.445692,45.13187,13.816729,-7.481365
6860,1.49246,-0.726754,-2.519121,0.428484,-1.01238,2.672389,0.745043,0.664447,-0.058484,0.073896,1.138608,-0.558963,46.112793,9.381226,-8.328362
6880,1.468384,-0.678008,-2.527506,0.607484,-0.724878,2.175169,0.774743,0.627243,-0.079622,-0.011224,1.136643,-0.466658,46.44231,5.597849,-9.774172
6900,1.459564,-0.6437,-2.538719,0.581344,0.3071,1.321882,0.794937,0.600159,-0.08879,-0.50644,0.579345,-0.213502,46.44231,5.597849,-9.774172
6920,1.467756,-0.629163,-2.549454,0.542206,0.717204,0.473748,0.804232,0.588468,-0.083163,-1.069582,-0.04344,-0.063642,46.63221,3.131264,-9.969492
6940,1.471183,-0.621122,-2.567703,0.829759,0.789131,0.123709,0.809195,0.581948,-0.080875,-0.768255,-0.157052,0.098987,46.877037,2.282843,-9.00502
6960,1.472035,-0.625854,-2.587146,0.753419,0.464341,-0.565904,0.806514,0.58579,-0.079912,-0.389629,-0.389027,0.271349,46.877037,2.282843,-9.00502
6980,1.463229,-0.645897,-2.610206,0.860634,0.13713,-1.423551,0.793945,0.601915,-0.085734,-0.330108,-0.423723,0.313288,47.009716,2.526094,-8.213658
7000,1.447758,-0.678924,-2.637249,0.85178,0.03407,-1.916934,0.772366,0.627956,-0.095513,-0.442013,-0.588741,0.428566,46.891888,4.371626,-8.111616
7020,1.433799,-0.718379,-2.66546,0.785453,0.368109,-2.172697,0.745819,0.658165,-0.10282,-0.390503,-0.544731,0.634085,46.891888,4.371626,-8.111616
7040,1.429851,-0.760213,-2.691652,0.595752,0.883215,-2.201673,0.717503,0.689076,-0.101804,-0.097233,-0.517063,0.67645,46.588188,7.098768,-7.931379
7060,1.436415,-0.801783,-2.7119,0.304399,1.057894,-2.115832,0.689157,0.718597,-0.093172,0.19123,-0.526794,0.610216,46.2239,10.022591,-6.830633
7080,1.447027,-0.840666,-2.72267,0.019725,0.832376,-1.880903,0.661865,0.745087,-0.082339,0.410279,-0.414445,0.462192,46.2239,10.022591,-6.830633
7100,1.455904,-0.876973,-2.727215,-0.113938,0.44721,-1.813037,0.635265,0.768807,-0.07331,0.563786,-0.338661,0.239188,45.721397,12.725554,-5.601166
7120,1.457505,-0.914135,-2.727669,-0.252108,-0.089512,-1.887997,0.606562,0.792035,-0.069014,0.692434,-0.387082,0.0706,45.404091,13.971958,-5.197254
7140,1.456262,-0.953941,-2.723092,-0.417882,-0.328515,-1.976785,0.574682,0.815702,-0.06611,0.584116,-0.490537,0.037164,45.404091,13.971958,-5.197254
7160,1.456096,-0.993784,-2.713164,-0.563286,-0.444718,-1.92166,0.541938,0.838096,-0.062435,0.309304,-0.560691,0.070217,44.008331,17.890047,-5.193441
7180,1.462902,-1.032094,-2.694978,-0.764663,-0.404123,-1.810165,0.510039,0.858375,-0.055245,0.08754,-0.652473,0.070488,42.844391,20.463421,-5.418944
7200,1.480383,-1.071585,-2.666676,-0.979225,-0.364827,-1.997,0.476778,0.87796,-0.043225,0.032057,-0.698273,0.032056,42.844391,20.463421,-5.418944
7220,1.508129,-1.118765,-2.624662,-1.229086,-0.540324,-2.472708,0.435937,0.899562,-0.027355,-0.100289,-0.78007,-0.005604,41.534714,23.032377,-5.304309
7240,1.553495,-1.17674,-2.563614,-1.447885,-0.451671,-3.058048,0.38388,0.923359,-0.006642,-0.208617,-0.810169,-0.002986,40.660072,24.566425,-5.196914
7260,1.63501,-1.244924,-2.46942,-1.654645,-0.310138,-3.698761,0.319476,0.947372,0.020543,-0.593508,-0.690444,0.0218,40.660072,24.566425,-5.196914
7280,1.787887,-1.324651,-2.302872,-1.817934,-0.399658,-4.636739,0.237948,0.969859,0.052483,-0.581026,-0.520274,0.027351,36.561195,30.504375,-4.064569
7300,2.13516,-1.409018,-1.938607,-1.782207,-0.509958,-5.546669,0.136096,0.986942,0.086155,-0.351001,0.629711,0.020687,31.794678,35.573879,-2.712271
7320,2.935869,-1.460768,-1.117999,0.573828,-1.373496,-5.665291,0.022431,0.993953,0.107491,1.035827,3.833226,-5.496758,28.620369,38.220009,-1.965703
7340,2.262737,-1.436251,-1.791714,-0.834382,1.206149,1.548668,0.103289,0.990962,0.085585,8.02873,6.454945,-0.529418,28.620369,38.220009,-1.965703
7360,2.815532,-1.452659,-1.241308,-0.870207,-2.182348,-3.302531,0.037753,0.99303,0.111653,-5.075702,-5.789997,-0.265782,29.137047,37.801983,-2.408547
7380,2.674225,-1.454365,-1.328001,0.202066,-0.604902,1.282592,0.052338,0.99323,0.10371,0.222488,0.643001,0.115803,26.736172,39.500954,-2.934355
7400,2.628622,-1.45465,-1.412083,0.388448,1.927119,-0.160262,0.056873,0.993263,0.10097,1.467495,0.864098,0.331494,26.736172,39.500954,-2.934355
7420,2.71368,-1.466377,-1.335322,0.24524,-0.299255,-0.814228,0.043252,0.994553,0.094832,0.288718,0.068694,-0.216154,27.59923,38.924576,-2.630322
7440,2.857649,-1.472417,-1.183214,-0.124091,-0.227717,-0.796744,0.027516,0.995165,0.094287,-0.356709,-0.308946,-0.405643,26.77899,39.48074,-2.813488
7460,2.972555,-1.470647,-1.066471,-0.243615,-0.025552,-0.354707,0.01682,0.994989,0.098557,-0.275426,-0.032831,-0.142624,26.77899,39.48074,-2.813488
7480,3.012905,-1.467071,-1.03064,-0.147446,0.481146,-0.12426,0.013288,0.994625,0.102683,-0.136014,0.073505,-0.01316,26.011303,39.997238,-2.718758
7500,3.074898,-1.466004,-0.982227,-0.050363,0.685121,-0.329688,0.006971,0.994514,0.104368,0.167498,0.039711,0.086534,25.839632,40.139091,-2.219335
7520,-3.105024,-1.465336,-0.887219,-0.034406,0.237423,-0.594022,-0.003849,0.994444,0.105194,0.247196,0.008135,0.099411,25.839632,40.139091,-2.219335
7540,-2.996568,-1.463447,-0.77493,-0.0419,-0.32378,-0.567533,-0.015484,0.994244,0.106018,0.072186,0.037312,0.075012,25.348831,40.473579,-1.756452
7560,-2.913782,-1.460622,-0.68724,-0.054044,-0.078681,-0.441762,-0.024832,0.993937,0.107111,-0.161661,0.034155,-0.001002,24.633261,40.908459,-1.859848
7580,-2.851221,-1.45764,-0.628297,-0.061304,0.331181,-0.318073,-0.032328,0.993605,0.108188,-0.138997,0.003313,-0.034091,24.633261,40.908459,-1.859848
7600,-2.791009,-1.454198,-0.575008,-0.075023,0.325638,-0.383096,-0.039955,0.99321,0.109258,0.115272,0.001419,-0.047338,24.156849,41.197441,-1.725071
7620,-2.722824,-1.449261,-0.509803,-0.082097,0.087119,-0.476933,-0.049299,0.992624,0.110761,0.106169,-0.01748,-0.018369,23.709288,41.468708,-1.40521
7640,-2.659297,-1.444361,-0.44664,-0.021685,0.036067,-0.432088,-0.058486,0.992018,0.111715,-0.048249,-0.015104,0.02122,23.709288,41.468708,-1.40521
7660,-2.609925,-1.441438,-0.397421,0.048159,0.014178,-0.271075,-0.065398,0.991645,0.111191,-0.144517,-0.033301,0.05365,23.13401,41.79631,-1.282427
7680,-2.589822,-1.441768,-0.377033,0.095392,-0.014662,-0.01314,-0.067449,0.991687,0.109576,-0.14741,-0.021244,0.064023,22.775118,41.991764,-1.320693
7700,-2.593006,-1.444401,-0.379306,0.105501,-0.071492,0.131776,-0.065737,0.992023,0.107561,-0.122465,0.020566,0.012571,22.775118,41.991764,-1.320693
7720,-2.614434,-1.448161,-0.399761,0.093715,-0.027419,0.236189,-0.061541,0.99249,0.105721,-0.040784,0.02074,-0.011193,22.824871,41.959751,-1.470734
7740,-2.642913,-1.452135,-0.42877,0.083238,0.029036,0.253233,-0.056618,0.992968,0.103965,-0.002235,-0.007708,-0.026848,23.098484,41.804482,-1.613705
7760,-2.673156,-1.455748,-0.459983,0.072675,0.040687,0.234037,-0.051829,0.993389,0.102428,0.024699,0.007892,-0.004925,23.310114,41.684746,-1.667105
7780,-2.701107,-1.45879,-0.48889,0.06102,0.037402,0.20205,-0.047657,0.993734,0.101103,0.029194,0.021678,-0.012526,23.310114,41.684746,-1.667105
7800,-2.726042,-1.461264,-0.514688,0.049372,0.034105,0.166866,-0.044129,0.994007,0.10001,0.038499,-0.00539,-0.011616,23.589233,41.525105,-1.724081
7820,-2.746587,-1.463205,-0.535927,0.041971,0.026535,0.130623,-0.041323,0.994218,0.099115,0.031969,0.001052,-0.009988,23.804377,41.400486,-1.763508
7840,-2.763211,-1.464761,-0.552997,0.037715,0.011553,0.103974,-0.039098,0.994384,0.09835,0.017934,0.015428,0.004387,23.804377,41.400486,-1.763508
7860,-2.776861,-1.466111,-0.566612,0.038707,-0.022576,0.07946,-0.037273,0.994525,0.09762,0.038372,0.012341,0.030019,23.995884,41.28772,-1.811179
7880,-2.783044,-1.467255,-0.571896,0.044029,-0.057922,0.021922,-0.036269,0.994644,0.096784,0.063079,0.024826,0.020038,23.995884,41.28772,-1.811179
7900,-2.78193,-1.46806,-0.569416,0.039777,-0.068629,0.000601,-0.036095,0.994727,0.095993,0.007256,0.007272,0.002289,24.066761,41.242966,-1.88883
7920,-2.784824,-1.468809,-0.571365,0.027029,-0.036523,0.040011,-0.035557,0.994804,0.0954,-0.042858,0.004296,-0.022569,24.065975,41.24028,-1.956167
7940,-2.797164,-1.469646,-0.583466,0.012145,-0.001188,0.086877,-0.034096,0.994889,0.095047,-0.039787,0.003921,-0.023026,24.107401,41.213009,-2.019861
7960,-2.706234,-1.472313,-0.493342,0.006779,0.009633,0.128398,-0.041467,0.995154,0.089153,-0.019034,0.006722,0.00385,24.107401,41.213009,-2.019861
7980,-2.732607,-1.473699,-0.520239,0.01316,0.024616,0.157182,-0.038553,0.99529,0.088949,-0.000403,0.014277,0.024164,23.902012,41.321152,-2.239372
8000,-2.81122,-1.471538,-0.599055,0.02689,0.002283,0.165735,-0.032146,0.995078,0.093737,0.010296,0.01687,0.024107,24.162241,41.180084,-2.035986
8020,-2.839008,-1.47306,-0.626675,0.030042,-0.023343,0.142292,-0.029078,0.995228,0.093147,0.034769,0.012783,0.012764,24.162241,41.180084,-2.035986
8040,-2.864074,-1.474321,-0.651257,0.024733,-0.028708,0.126298,-0.02639,0.99535,0.09264,0.018044,0.004635,-0.003162,24.355579,41.063999,-2.076606
8060,-2.888096,-1.475362,-0.674887,0.018391,-0.01914,0.120962,-0.023898,0.99545,0.092244,0.015353,0.003681,-0.006643,24.513117,40.967468,-2.12895
8080,-2.910974,-1.476198,-0.697655,0.013147,-0.003215,0.111367,-0.021591,0.995529,0.091956,0.022293,0.002381,-0.006797,24.513117,40.967468,-2.12895
8100,-2.966002,-1.478149,-0.752712,0.008955,0.007381,0.099651,-0.016161,0.995711,0.091092,0.01636,0.003312,-0.003003,24.655966,40.880066,-2.1592
8120,-2.984273,-1.478623,-0.771182,0.008982,0.004119,0.082602,-0.014421,0.995755,0.090906,0.016923,0.010867,-0.000635,24.914793,40.720543,-2.202053
8140,-3.053746,-1.478432,-0.840856,0.009125,0.0274,0.057049,-0.008092,0.995737,0.091878,0.02979,0.010961,0.008144,24.914793,40.720543,-2.202053
8160,-3.112265,-1.478143,-0.899669,0.013448,0.020839,0.017644,-0.002713,0.995711,0.092481,0.028088,0.008211,0.004977,25.206793,40.542309,-2.167377
8180,-3.13621,-1.478128,-0.923873,0.016723,0.021747,-0.01644,-0.000498,0.995709,0.092534,0.018671,0.003604,0.00355,25.42716,40.405712,-2.143933
8200,3.139584,-1.47845,-0.93195,0.014767,0.051506,-0.036713,0.000185,0.995739,0.092215,0.005064,0.005604,-0.010977,25.42716,40.405712,-2.143933
8220,-3.138914,-1.480573,-0.928522,0.019113,0.067396,-0.04629,-0.000241,0.995933,0.090101,0.013043,0.003488,-0.00131,25.547934,40.330093,-2.131948
8240,3.139683,-1.480348,-0.934145,0.02442,0.048137,-0.070788,0.000172,0.995912,0.090325,0.020641,0.002058,0.007896,25.518034,40.346649,-2.176345
8260,3.141076,-1.47979,-0.933124,0.031804,0.015051,-0.095286,0.000047,0.995862,0.090881,0.022551,0.002353,0.015137,25.518034,40.346649,-2.176345
8280,-3.136515,-1.477978,-0.927323,0.048754,-0.013756,-0.105914,-0.000471,0.995695,0.092684,0.010038,0.00464,0.010114,25.557854,40.324543,-2.117967
8300,-3.121246,-1.478663,-0.911265,0.061457,-0.043636,-0.12188,-0.001872,0.995759,0.091984,0.014384,-0.002991,0.007503,25.49085,40.369019,-2.077857
8320,-3.105344,-1.479267,-0.893937,0.069927,-0.069272,-0.143179,-0.003312,0.995814,0.091341,0.003831,0.005712,0.004042,25.431124,40.403385,-2.14083
8340,-3.067061,-1.47929,-0.854191,0.077376,-0.06822,-0.139971,-0.006804,0.995816,0.091125,-0.008927,-0.000134,0.013489,25.431124,40.403385,-2.14083
8360,-3.03211,-1.480329,-0.817922,0.095499,-0.05761,-0.130348,-0.009871,0.995911,0.089803,-0.008622,0.001709,0.009776,25.230534,40.524506,-2.223365
8380,-2.975404,-1.480798,-0.759854,0.122004,-0.081037,-0.117529,-0.014868,0.995953,0.088639,-0.028116,0.013477,0.011657,24.990747,40.666054,-2.343768
8400,-2.935942,-1.481705,-0.718565,0.133676,-0.084212,-0.104727,-0.018169,0.996034,0.087099,-0.015584,0.027434,0.017012,24.990747,40.666054,-2.343768
8420,-2.902899,-1.483011,-0.683828,0.142195,-0.083173,-0.103648,-0.020729,0.996149,0.085187,-0.003227,0.018957,0.014392,24.748945,40.804321,-2.501162
8440,-2.878487,-1.484599,-0.657768,0.147617,-0.070529,-0.12601,-0.022391,0.996287,0.083128,0.010611,0.009069,0.011018,24.591404,40.888103,-2.680393
8460,-2.859135,-1.485835,-0.636926,0.149884,-0.050458,-0.154766,-0.023652,0.996393,0.081496,0.022965,-0.004267,0.025697,24.591404,40.888103,-2.680393
8480,-2.834696,-1.488084,-0.611849,0.162954,0.004621,-0.192017,-0.024959,0.996581,0.078758,0.035289,0.014802,-0.002235,24.484659,40.940941,-2.845937
8500,-2.77522,-1.490621,-0.55293,0.145183,0.054379,-0.255966,-0.02869,0.996788,0.074774,0.030537,0.009499,-0.043539,20.338808,39.450439,-6.087923
8520,-2.693842,-1.490566,-0.473016,0.109311,0.108472,-0.315685,-0.034698,0.996783,0.072244,0.013183,0.004285,-0.049676,20.338808,39.450439,-6.087923
8540,-2.598759,-1.489673,-0.380626,0.077698,0.171122,-0.359413,-0.041859,0.996711,0.069385,-0.001415,0.018532,-0.011448,20.006199,39.605545,-6.18222
8560,-2.507222,-1.48682,-0.292686,0.080079,0.21668,-0.39456,-0.049712,0.996476,0.067559,0.025466,0.02098,-0.003884,19.60289,39.801079,-6.218344
8580,-2.420979,-1.482732,-0.210242,0.087473,0.187859,-0.415864,-0.058034,0.996125,0.066086,-0.003978,0.028091,0.012924,19.60289,39.801079,-6.218344
8600,-2.338264,-1.478308,-0.130254,0.087227,0.129436,-0.404158,-0.066466,0.995726,0.064124,-0.012468,0.020296,0.022195,19.156025,40.023205,-6.185214
8620,-2.2713,-1.473951,-0.065295,0.080651,0.115891,-0.344503,-0.073924,0.995314,0.062329,-0.040425,0.005144,-0.007642,18.706518,40.230801,-6.214183
8640,-2.21967,-1.470242,-0.016024,0.067787,0.141791,-0.264604,-0.079983,0.994949,0.060662,-0.081241,-0.017944,-0.050133,18.46697,40.338837,-6.230263
8660,-2.184274,-1.467381,0.016463,0.038905,0.158191,-0.181539,-0.084407,0.994657,0.059431,-0.075597,-0.013029,-0.052428,18.46697,40.338837,-6.230263
8680,-2.161279,-1.465433,0.036724,0.025877,0.130866,-0.117637,-0.08736,0.994454,0.058554,-0.061993,-0.004754,-0.035345,18.189091,40.470348,-6.194726
8700,-2.146856,-1.464457,0.049072,0.030899,0.090734,-0.050509,-0.089009,0.994351,0.057816,-0.056987,-0.00253,-0.017396,18.189091,40.470348,-6.194726
8720,-2.137613,-1.464737,0.057134,0.051907,0.048383,0.008122,-0.089305,0.994381,0.056842,-0.022374,0.029697,0.035962,18.116096,40.506607,-6.17164
8740,-2.128702,-1.466009,0.065811,0.082466,-0.01749,0.043322,-0.088735,0.994515,0.055374,-0.019068,0.00666,-0.002258,18.136276,40.490196,-6.219845
8760,-2.12282,-1.468065,0.07316,0.083146,-0.095999,0.082729,-0.087318,0.994728,0.053779,-0.036232,-0.00373,-0.033729,18.136276,40.490196,-6.219845
8780,-2.123584,-1.470865,0.074341,0.077735,-0.086181,0.137064,-0.084906,0.995011,0.052383,-0.057947,-0.000519,-0.03543,18.205858,40.437233,-6.359561
8800,-2.113798,-1.473162,0.085243,0.084126,-0.05087,0.195682,-0.083458,0.995238,0.050369,-0.051246,0.007051,-0.011154,18.27146,40.396015,-6.432944
8820,-2.122051,-1.477958,0.078235,0.106297,-0.082703,0.228744,-0.078972,0.995694,0.048555,-0.00724,0.022281,0.021819,18.27146,40.396015,-6.432944
8840,-2.127364,-1.483145,0.07576,0.141066,-0.185972,0.223452,-0.074327,0.996161,0.046244,0.032411,0.014016,0.035436,18.534475,40.237289,-6.670903
8860,-2.127418,-1.488202,0.080477,0.152573,-0.262708,0.188291,-0.070046,0.996591,0.043587,0.035714,-0.005258,0.012917,18.757113,40.086864,-6.948442
8880,-2.126362,-1.492837,0.087247,0.137569,-0.287104,0.189324,-0.066168,0.996963,0.041076,-0.032419,0.006867,-0.038879,18.8379,40.019447,-7.116473
8900,-2.132054,-1.497978,0.086615,0.135572,-0.222037,0.238351,-0.061593,0.99735,0.038724,-0.054053,-0.009267,-0.054349,18.8379,40.019447,-7.116473
8920,-2.14139,-1.504044,0.080892,0.16123,-0.167707,0.285293,-0.056136,0.997773,0.036028,-0.037126,-0.010682,-0.026552,19.163933,39.781166,-7.567662
8940,-2.151732,-1.511282,0.073421,0.186778,-0.135654,0.34395,-0.049722,0.99823,0.032643,-0.05239,0.044083,0.078838,19.321823,39.676712,-7.713165
8960,-2.16296,-1.52027,0.063748,0.245602,-0.033545,0.403747,-0.041906,0.998724,0.02819,-0.02949,0.078562,0.103295,19.321823,39.676712,-7.713165
8980,-2.175564,-1.530053,0.051046,0.254257,0.016492,0.427217,-0.033508,0.99917,0.023159,-0.018891,0.010992,0.022556,19.818581,39.359066,-8.071849
9000,-2.212517,-1.540011,0.013276,0.220261,0.05821,0.459133,-0.024657,0.999526,0.018424,-0.048005,-0.026778,-0.075202,20.241348,39.093735,-8.308715
9020,-2.323975,-1.549962,-0.100253,0.201358,0.137003,0.471906,-0.015198,0.999783,0.014249,-0.00766,-0.034634,-0.063657,20.241348,39.093735,-8.308715
9040,-2.622737,-1.558957,-0.402676,0.20157,0.193349,0.47192,-0.005871,0.99993,0.01028,0.047466,-0.020056,0.063496,20.906296,38.694916,-8.526263
9060,2.648236,-1.564491,-1.418944,0.250739,0.205686,0.413404,0.002986,0.99998,0.005553,0.088658,0.023427,0.083741,21.489979,38.34605,-8.650325
9080,1.600164,-1.560606,-2.470814,0.275252,0.165952,0.339916,0.010185,0.999948,0.000299,0.054512,0.076544,0.096838,21.489979,38.34605,-8.650325
9100,1.256728,-1.552854,-2.817399,0.295381,0.143596,0.349535,0.017064,0.999839,-0.005543,-0.053929,0.042321,-0.033032,21.95783,38.038094,-8.833124
9120,1.144791,-1.543745,-2.931324,0.274821,0.089678,0.403828,0.02463,0.999634,-0.011177,-0.098758,-0.020523,-0.073585,22.397865,37.722168,-9.07968
9140,1.104185,-1.534056,-2.973778,0.269503,0.088611,0.398491,0.032806,0.999325,-0.016525,0.006028,-0.048916,-0.031037,22.642082,37.546284,-9.202159
9160,1.073868,-1.52527,-3.00585,0.260133,0.096805,0.317496,0.040006,0.998964,-0.021696,0.136126,0.07347,0.020903,22.642082,37.546284,-9.202159
9180,1.039018,-1.518336,-3.04315,0.241258,0.130576,0.242884,0.045195,0.998624,-0.026589,0.078843,0.060519,0.011238,23.19659,37.129475,-9.507223
9200,1.019851,-1.510921,-3.066582,0.266137,0.266912,0.308995,0.050985,0.998208,-0.031326,-0.0436,0.023444,0.055663,23.19659,37.129475,-9.507223
9220,1.002753,-1.501356,-3.088781,0.335025,0.237328,0.409269,0.058488,0.99759,-0.037328,-0.140519,0.01889,-0.009593,23.549036,36.869202,-9.652561
9240,0.992495,-1.490126,-3.103559,0.358308,0.219322,0.444468,0.067479,0.996748,-0.044047,-0.051473,-0.010374,-0.042776,24.050531,36.495281,-9.835326
9260,0.981875,-1.478776,-3.119412,0.376667,0.275523,0.425334,0.076411,0.995769,-0.051042,0.011892,-0.017681,-0.006148,24.050531,36.495281,-9.835326
9280,0.972717,-1.467159,-3.13395,0.380836,0.278892,0.47116,0.085494,0.994635,-0.058249,-0.070983,0.063196,0.003104,24.601822,36.065727,-10.053885
9300,0.976601,-1.453955,-3.137234,0.389559,0.388759,0.563903,0.096594,0.993182,-0.065264,-0.11022,0.014539,-0.020155,25.190636,35.600685,-10.251333
9320,0.986856,-1.439909,-3.133637,0.356079,0.291252,0.607508,0.108887,0.991446,-0.071954,-0.041749,-0.081061,-0.091406,25.190636,35.600685,-10.251333
9340,0.997199,-1.427184,-3.128883,0.29456,0.290993,0.495519,0.120214,0.989705,-0.077665,0.157328,-0.054555,-0.092364,25.917141,35.03672,-10.38253
9360,1.004486,-1.417441,-3.126952,0.228626,0.252498,0.388841,0.128908,0.988264,-0.081956,0.119353,-0.045881,-0.042464,26.541491,34.537701,-10.476801
9380,1.011298,-1.409,-3.125158,0.204134,0.233307,0.355761,0.136528,0.98694,-0.085501,0.008445,-0.008958,-0.01922,26.859343,34.285378,-10.495499
9400,1.016197,-1.401432,-3.123753,0.181571,0.151316,0.306687,0.143291,0.985692,-0.088762,0.062366,0.026118,0.009249,26.859343,34.285378,-10.495499
9420,1.019549,-1.395094,-3.122915,0.148587,0.123536,0.246953,0.148907,0.984604,-0.091552,0.027973,0.014725,-0.010514,27.379223,33.852867,-10.555971
9440,1.021441,-1.390868,-3.125022,0.111109,0.274079,0.115863,0.152627,0.983857,-0.093441,0.01493,0.031341,-0.005085,27.379223,33.852867,-10.555971
9460,1.02276,-1.387796,-3.129656,0.114273,0.267702,0.119064,0.155329,0.983302,-0.094814,0.032628,-0.014674,-0.035984,27.635914,33.645512,-10.550024
9480,1.020545,-1.385115,-3.135743,0.11712,0.139866,0.060433,0.157366,0.982811,-0.096536,0.032225,0.015068,-0.040137,27.828873,33.519764,-10.442524
9500,1.018186,-1.383184,-3.14083,0.072386,0.142171,0.065683,0.158752,0.982452,-0.097903,-0.010574,0.009811,-0.011472,27.89846,33.463039,-10.438766
9520,1.020173,-1.381412,3.141232,0.04474,0.153963,0.065637,0.16043,0.98212,-0.098498,0.015855,0.009854,-0.030332,27.89846,33.463039,-10.438766
9540,1.009128,-1.378637,3.12799,0.0074,0.111404,0.027202,0.161638,0.981594,-0.101715,0.018995,-0.002895,-0.030319,28.012533,33.386963,-10.376681
9560,1.012829,-1.378737,3.129712,-0.028846,0.079478,-0.010163,0.161931,0.981613,-0.101065,0.028392,0.009842,-0.031366,28.083508,33.317638,-10.407609
9580,1.007449,-1.377951,3.123528,-0.040627,0.04111,-0.042158,0.162036,0.981463,-0.102346,-0.01015,0.014707,-0.032618,28.083508,33.317638,-10.407609
9600,1.00926,-1.379107,3.124849,-0.043942,0.010299,-0.04004,0.161261,0.981684,-0.101448,-0.022162,-0.005747,-0.030113,28.099598,33.305756,-10.402221
9620,1.003051,-1.380224,3.119402,-0.060171,-0.055542,-0.035825,0.159703,0.981896,-0.101858,-0.011357,-0.003686,-0.020609,28.099598,33.305756,-10.402221
9640,0.996509,-1.381992,3.114882,-0.075253,-0.096916,-0.027341,0.157577,0.982229,-0.101957,-0.017653,0.020075,-0.022188,28.017948,33.37719,-10.393497
9660,0.991809,-1.382381,3.111915,-0.09113,-0.063845,-0.01351,0.156775,0.982302,-0.102487,-0.018775,-0.015841,-0.027411,27.930988,33.434151,-10.444346
9680,0.987811,-1.383399,3.10977,-0.098666,-0.072225,0.009913,0.15553,0.982492,-0.102563,-0.021756,-0.010904,-0.030051,27.881678,33.459892,-10.493541
9700,0.987054,-1.38479,3.11081,-0.108263,-0.074305,0.013088,0.154311,0.982751,-0.101927,0.002198,0.015327,-0.007982,27.881678,33.459892,-10.493541
9720,0.995505,-1.385439,3.121221,-0.120037,-0.093423,0.007736,0.154632,0.98287,-0.100273,0.009949,0.016824,-0.010705,27.781364,33.520382,-10.566316
9740,1.006839,-1.386233,3.134726,-0.13392,-0.10615,0.003448,0.155099,0.983017,-0.098096,0.013145,0.003952,-0.003695,27.776011,33.532494,-10.541922
9760,1.012668,-1.388644,-3.140184,-0.156297,-0.101765,0.016192,0.153657,0.983456,-0.095935,-0.030183,0.015689,-0.006818,27.776011,33.532494,-10.541922
9780,1.019607,-1.389835,-3.130663,-0.165979,-0.120814,0.028955,0.153322,0.983671,-0.094253,-0.014864,-0.003095,-0.028,27.715876,33.596142,-10.497456
9800,1.028525,-1.390289,-3.118283,-0.184235,-0.16757,0.019322,0.153773,0.983753,-0.092652,0.006688,-0.005481,-0.035827,27.683989,33.626438,-10.484586
9820,1.035883,-1.39095,-3.107327,-0.189471,-0.148438,0.01399,0.153892,0.983871,-0.091186,-0.013389,0.011597,-0.013581,27.683989,33.626438,-10.484586
9840,1.053202,-1.392367,-3.087352,-0.184009,-0.097322,0.038519,0.154236,0.984124,-0.087817,-0.030334,0.011543,-0.003842,27.657215,33.631321,-10.539447
9860,1.070248,-1.393216,-3.068038,-0.161694,-0.104801,0.048146,0.154978,0.984274,-0.084775,0.008948,0.005671,0.024076,27.65663,33.661671,-10.443651
9880,1.098383,-1.393976,-3.037739,-0.136111,-0.104944,0.035408,0.156635,0.984408,-0.080041,0.028622,0.021528,0.051141,27.65663,33.661671,-10.443651
9900,1.109836,-1.394369,-3.024127,-0.101948,-0.081666,0.037604,0.157195,0.984477,-0.07807,-0.001631,0.025746,0.043906,27.706184,33.667542,-10.292282
9920,1.127533,-1.395016,-3.005443,-0.075151,-0.034981,0.037663,0.157976,0.98459,-0.075003,0.004332,0.01924,0.036306,27.714016,33.670506,-10.261454
9940,1.134738,-1.395,-2.997656,-0.050568,-0.018102,0.027055,0.158527,0.984588,-0.073869,0.007931,0.017869,0.034624,27.743679,33.677864,-10.156596
9960,1.1389,-1.394935,-2.993264,-0.023849,-0.003383,0.010057,0.158891,0.984576,-0.073236,0.023696,0.012799,0.030008,27.743679,33.677864,-10.156596
9980,1.13953,-1.395023,-2.992403,-0.000443,-0.01734,-0.002692,0.158858,0.984592,-0.0731,0.023728,0.012784,0.029871,27.758806,33.673389,-10.130074
10000,1.138264,-1.395078,-2.993469,0.011316,-0.008899,-0.007997,0.158716,0.984601,-0.073278,0.011877,0.015811,0.016332,27.751064,33.676636,-10.140503
10020,1.136074,-1.395428,-2.995515,0.01132,-0.004624,-0.00267,0.158243,0.984662,-0.07348,-0.003534,-0.001371,-0.001608,27.751064,33.676636,-10.140503
10040,1.133539,-1.395095,-2.998015,0.004935,-0.003539,-0.00268,0.158353,0.984604,-0.07402,0.003757,0.003387,-0.00908,27.731571,33.687893,-10.156424
10060,1.132305,-1.394897,-2.999143,-0.001441,-0.001399,-0.004821,0.158438,0.98457,-0.074298,0.001947,0.011234,-0.00073,27.737614,33.673653,-10.187098
10080,1.132196,-1.39519,-2.999343,-0.005677,0.004994,-0.004828,0.158168,0.984621,-0.074192,-0.002864,0.011946,-0.000713,27.737614,33.673653,-10.187098
10100,1.131764,-1.396161,-2.999881,-0.011005,0.008229,0.001554,0.157271,0.98479,-0.073854,-0.004775,0.011151,0.001711,27.728144,33.683704,-10.179646
10120,1.132871,-1.396031,-2.998731,-0.010007,-0.007708,0.004749,0.157469,0.984767,-0.073734,0.004,0.007496,-0.001705,27.700912,33.711052,-10.163246
10140,1.134406,-1.395979,-2.99691,-0.006831,-0.011967,0.005819,0.157628,0.984758,-0.073514,0.003551,0.008787,0.004361,27.700912,33.711052,-10.163246
10160,1.135735,-1.396118,-2.995394,-0.001499,-0.006647,0.011157,0.157602,0.984782,-0.073247,-0.003687,0.008137,-0.0003,27.708853,33.704605,-10.162971
10180,1.137381,-1.395653,-2.993526,0.003811,-0.016174,0.012208,0.158137,0.984702,-0.07318,0.009755,0.009119,0.003554,27.711391,33.702751,-10.162193
10200,1.142667,-1.39542,-2.987886,0.011239,-0.027931,0.003696,0.158731,0.984661,-0.072438,0.008398,0.013645,0.015279,27.711391,33.702751,-10.162193
10220,1.143867,-1.395397,-2.986165,0.019739,-0.032208,0.004775,0.158838,0.984657,-0.072257,0.000952,0.005806,0.004691,27.740196,33.684044,-10.145638
10240,1.142822,-1.39525,-2.986648,0.023999,-0.030083,0.00798,0.158894,0.984631,-0.072483,-0.0006,0.012027,0.007374,27.741344,33.682117,-10.148869
10260,1.141611,-1.395233,-2.987397,0.029352,-0.02052,0.011187,0.158822,0.984628,-0.072683,-0.001687,0.017004,0.005849,27.741344,33.682117,-10.148869
10280,1.138931,-1.394542,-2.98976,0.027237,-0.0184,0.007988,0.159244,0.984507,-0.073392,0.009777,0.00829,-0.003298,27.733589,33.676193,-10.189664
10300,1.135921,-1.393844,-2.992324,0.025093,-0.02479,0.003722,0.159646,0.984385,-0.074161,0.006843,0.010549,-0.002453,27.750229,33.646587,-10.24202
10320,1.131438,-1.393737,-2.996195,0.025046,-0.032196,0.012243,0.159408,0.984366,-0.074921,-0.008345,0.003763,-0.002761,27.750229,33.646587,-10.24202
10340,1.12878,-1.393456,-2.99837,0.020791,-0.028978,0.015432,0.159458,0.984316,-0.075463,-0.001895,0.00955,-0.003166,27.741962,33.635632,-10.300228
10360,1.1256,-1.392964,-3.000997,0.018691,-0.020461,0.016496,0.159654,0.98423,-0.076178,-0.006821,0.01928,0.00112,27.739132,33.621456,-10.353985
10380,1.12543,-1.392773,-3.000804,0.02931,-0.024723,0.022906,0.15981,0.984196,-0.076286,0.00175,0.009106,0.013145,27.739132,33.621456,-10.353985
10400,1.123168,-1.39201,-3.002455,0.021842,-0.033239,0.014367,0.160314,0.98406,-0.076972,0.010813,0.009638,-0.004876,27.745037,33.608597,-10.379892
10420,1.121642,-1.391406,-3.0036,0.021885,-0.014048,0.027159,0.160732,0.983953,-0.077475,-0.0088,0.015773,0.007574,27.76297,33.578342,-10.429739
10440,1.118492,-1.391392,-3.006619,0.01871,0.001987,0.045268,0.1605,0.98395,-0.077987,-0.018227,0.009046,-0.004334,27.76297,33.578342,-10.429739
