Elapsed Time, accel x, accel y, accel z, gyro x, gyro y, gyro z
0,0.001623,-0.036322,-0.040894,-0.035635,-0.349347,0.042313
0.00999999,0.003321,-0.013524,-0.039715,0.032271,-0.320198,0.007234
0.019999981,0.006848,-0.005277,-0.042205,0.04594,-0.298862,-0.019911
0.029999971,-0.004099,-0.005173,-0.024922,0.008999,-0.266798,-0.035703
0.039999962,-0.006102,-0.002829,4.75E-04,-0.040837,-0.206314,-0.058291
0.049999952,-0.005937,-0.011541,-7.90E-04,-0.055677,-0.101302,-0.056599
0.059999943,-9.16E-04,-0.021787,-0.015686,-0.042475,-0.023386,-0.047912
1.48E+09,-0.041196,-0.022318,-0.027062,-0.002159,-0.026076,-0.026923
1.48E+09,-0.075441,-0.006473,-0.024145,0.026932,-0.033013,-0.02694
1.48E+09,-0.121303,0.035371,-0.032872,0.027021,-0.025606,-0.041248
1.48E+09,-0.124295,-0.05833,-0.066905,0.030642,-0.014536,-0.070167
1.48E+09,-0.106272,-0.097678,-0.080698,0.043689,0.003846,-0.06582
1.48E+09,-0.051984,-0.097181,-0.100773,0.042854,0.008915,-0.061495
1.48E+09,0.008394,-0.071901,-0.122404,0.031774,0.007078,-0.054808
1.48E+09,0.049271,0.017359,-0.118418,0.016247,0.001652,-0.044922
1.48E+09,0.061426,0.07524,-0.0812,6.09E-04,0.002497,-0.025962
1.48E+09,0.062549,0.093622,-0.060644,-0.016014,-0.003234,-0.013777
1.48E+09,0.047672,0.070751,8.50E-04,0.012244,-0.013823,-0.017478
1.48E+09,0.025246,0.044211,0.053708,0.026822,-0.022067,-0.023961
1.48E+09,0.007877,0.012959,0.080967,0.02495,-0.021156,-0.028993
1.48E+09,0.010614,-0.00935,0.088742,0.022158,-0.011247,-0.030882
1.48E+09,0.057615,-0.041064,0.070332,0.019054,-0.017004,-0.046741
1.48E+09,0.127464,-0.086166,0.042667,0.014928,-0.016339,-0.05617
1.48E+09,0.140147,-0.094568,0.022141,0.008598,-0.002354,-0.003846
1.48E+09,0.086727,-0.052904,0.029252,0.008551,0.00177,0.023197
1.48E+09,0.057128,0.011008,0.054727,-0.00677,-0.025981,0.015657
1.48E+09,0.059087,0.076406,0.073275,-0.020869,-0.028501,0.018247
1.48E+09,0.075013,0.125119,0.026081,-0.028105,-4.98E-04,0.005187
1.48E+09,0.100485,0.094805,-0.027003,-0.023643,0.005035,-0.018407
1.48E+09,0.116285,0.025793,-0.055103,-0.003837,-0.011454,-0.041783
1.48E+09,0.101456,-0.012523,-0.068161,0.005279,-0.004505,-0.036173
1.48E+09,0.076543,-0.053364,-0.082548,-0.008232,-0.007191,-0.027441
1.48E+09,0.061611,-0.079363,-0.089683,-0.010357,-0.002578,-0.020262
1.48E+09,0.057844,-0.083023,-0.098261,-0.012777,-4.92E-04,-0.01982
1.48E+09,0.112208,-0.090009,-0.11085,-0.007756,0.002673,-0.033235
1.48E+09,0.153978,-0.099636,-0.112537,-0.011677,-0.002031,-0.043527
1.48E+09,0.134924,-0.08392,-0.083642,-0.005333,0.012536,-0.023813
1.48E+09,0.082962,-0.180831,0.080358,0.03949,-0.057103,-0.040295
1.48E+09,0.049394,-0.240397,0.080878,0.005299,0.028572,-0.015004
1.48E+09,0.040233,-0.213927,0.015297,-0.016494,0.048643,-0.016798
1.48E+09,0.071305,-0.167377,-0.056174,-0.029358,0.05686,-0.041188
1.48E+09,0.132606,-0.114454,-0.130991,-0.051543,0.048072,-0.056959
1.48E+09,0.191709,-0.08677,-0.145323,-0.049054,0.010853,-0.075929
1.48E+09,0.226194,-0.130947,-0.16125,-0.054119,0.013268,-0.062592
1.48E+09,0.204639,-0.127052,-0.19842,-0.056171,0.040119,-0.013275
1.48E+09,0.121283,-0.132387,-0.214246,-0.049329,0.049294,0.02698
1.48E+09,0.03881,-0.092058,-0.216117,-0.040959,0.055423,0.045935
1.48E+09,0.06792,-0.098081,-0.214369,-0.022356,0.020537,-0.011078
1.48E+09,0.148457,-0.200461,-0.188175,-0.016696,-0.003892,-0.053253
1.48E+09,0.217849,-0.335822,-0.219226,-0.02519,0.001145,-0.019991
1.48E+09,0.239508,-0.364838,-0.2822,-0.02265,0.003615,-0.021082
1.48E+09,0.175852,-0.310751,-0.288937,0.057594,-0.048225,-0.019977
1.48E+09,0.066551,-0.233694,-0.266061,0.075533,-0.049907,-0.010767
1.48E+09,-0.094805,-0.12145,-0.200377,0.094527,-0.043584,0.021537
1.48E+09,-0.224992,-0.094807,-0.077615,0.065994,-0.021241,0.014477
1.48E+09,-0.330223,0.077137,-0.158077,0.036631,-0.079802,0.01906
1.48E+09,-0.370789,0.231575,-0.169855,0.021816,0.015617,0.001432
1.48E+09,-0.476839,0.221283,-0.198194,-0.020661,0.008296,-0.003689
1.48E+09,-0.490463,0.186862,-0.232151,-0.002185,-0.028461,-0.045159
1.48E+09,-0.364674,0.103646,-0.246101,0.031662,-0.038356,-0.122371
1.48E+09,-0.1176,-0.124594,-0.28038,0.030969,-0.022145,-0.193826
1.48E+09,0.09834,-0.261544,-0.310518,0.023764,-0.019637,-0.200895
1.48E+09,0.143489,-0.225409,-0.310477,0.017334,-0.028921,-0.162642
1.48E+09,0.129146,-0.031602,-0.279615,0.023493,-0.00269,-0.09141
1.48E+09,0.099632,0.166866,-0.225748,0.039585,0.011848,-0.004784
1.48E+09,0.070732,0.300804,-0.145027,0.036284,0.012705,-0.004974
1.48E+09,0.042555,0.355547,-0.058053,0.049988,-0.016735,-0.026619
1.48E+09,0.028576,0.374665,0.012552,0.035402,-0.020247,-0.049459
1.48E+09,0.001362,0.316051,0.051168,0.034593,-0.023409,-0.079259
1.48E+09,-0.033568,0.272253,0.086971,0.030834,-0.019573,-0.069488
1.48E+09,-0.075203,0.267039,0.08891,0.039401,-0.010411,-0.071144
1.48E+09,-0.063647,0.244865,0.089445,0.05179,0.011377,-0.070463
1.48E+09,8.69E-04,0.231817,0.069747,0.054708,0.010407,-0.055359
1.48E+09,0.099515,0.209492,0.00164,0.057079,0.010596,-0.047178
1.48E+09,0.13896,0.175259,-0.016836,0.064237,0.018147,-0.026823
1.48E+09,0.074432,0.190747,0.008947,0.044342,0.0036,0.012081
1.48E+09,-0.023745,0.291578,0.007054,0.008426,-0.01339,0.057413
1.48E+09,-0.097312,0.322231,-0.014149,0.001954,-0.020418,0.027332
1.48E+09,-0.101779,0.256693,-0.018013,0.022143,-0.026478,-0.025446
1.48E+09,-0.059405,0.173296,-0.069957,0.031098,-0.012695,-0.055443
1.48E+09,-0.05239,0.09313,-0.090579,0.023999,-0.008801,-0.065389
1.48E+09,-0.034235,0.04125,-0.084536,0.005435,-0.009589,-0.05872
1.48E+09,0.004142,-0.010554,-0.073296,-0.011366,8.78E-04,-0.04686
1.48E+09,0.023131,-0.014204,-0.066828,-0.018744,1.05E-04,-0.008147
1.48E+09,-0.019766,-0.019436,-0.06368,-0.004008,-0.005869,-0.02623
1.48E+09,-0.003901,-0.093792,-0.033987,-0.001627,-0.018376,-0.073492
1.48E+09,0.072485,-0.158924,-0.028106,-0.001952,-0.012029,-0.092975
1.48E+09,0.097683,-0.154896,-0.048658,-0.017273,-0.003277,-0.041514
1.48E+09,0.100855,-0.091497,-0.08525,0.009363,-8.92E-04,-0.096145
1.48E+09,0.152909,-0.129001,-0.146414,0.027193,0.008012,-0.125877
1.48E+09,0.210497,-0.215001,-0.172339,0.009577,0.022876,-0.048883
1.48E+09,0.204031,-0.196601,-0.159253,-0.015156,0.022695,0.030318
1.48E+09,0.114886,-0.108522,-0.110512,-0.023665,-8.78E-04,0.079456
1.48E+09,-0.081679,-0.012658,-0.034022,0.008669,-0.030904,0.062397
1.48E+09,-0.250746,-0.019571,0.077714,0.026381,-0.054262,0.008471
1.48E+09,-0.259962,-0.109218,0.14287,0.017862,-0.033411,-0.042258
1.48E+09,-0.154091,-0.222461,0.15612,0.013299,0.001589,-0.076848
1.48E+09,-0.022048,-0.299415,0.137249,0.008352,0.009198,-0.076241
1.48E+09,0.049933,-0.302368,0.099092,-0.002556,0.004294,-0.051745
1.48E+09,0.083552,-0.258267,0.026472,-0.009551,0.001992,-0.050189
1.48E+09,0.132052,-0.184342,-0.052569,-0.014375,0.022825,-0.029166
1.48E+09,0.14868,-0.072606,-0.092235,-0.004132,0.017465,0.027352
1.48E+09,0.169361,-0.11854,-0.05682,-0.001057,-0.004643,0.057714
1.48E+09,0.0604,-0.092586,-0.132418,0.007659,-0.010203,0.036793
1.48E+09,-0.027212,-0.042413,-0.132077,0.023329,-0.014622,-0.010671
1.48E+09,-0.082379,-0.083825,-0.100287,0.013034,-0.0131,-0.027305
1.48E+09,-0.071083,-0.076324,-0.101478,0.006524,-0.007491,-0.043
1.48E+09,-0.038231,-0.076193,-0.093647,0.006827,-0.00933,-0.076055
1.48E+09,0.012494,-0.095818,-0.07664,0.023873,-0.01694,-0.093397
1.48E+09,0.071052,-0.146151,-0.078624,0.023289,-0.011904,-0.075181
1.48E+09,0.060767,-0.126448,-0.075428,0.016426,-0.006804,-0.061585
1.48E+09,0.003881,-0.120672,-0.067762,0.0127,-0.011323,-0.055058
1.48E+09,-0.027794,-0.109748,-0.065951,0.021103,-0.01209,-0.065362
1.48E+09,0.001213,-0.102302,-0.048487,0.020787,-0.009686,-0.083292
1.48E+09,0.10345,-0.218834,0.057978,0.019635,0.024662,-0.096321
1.48E+09,0.086081,-0.132451,-0.078641,0.00649,-0.04377,-0.046296
1.48E+09,0.08107,0.004709,-0.068766,0.012932,-0.020787,-0.035375
1.48E+09,0.034915,0.081048,-0.062136,0.03105,-0.013677,-0.045275
1.48E+09,0.066278,0.107082,-0.047405,0.033264,-0.0035,-0.054614
1.48E+09,0.113742,0.032777,-0.001313,0.025775,-0.01621,-0.047366
1.48E+09,0.12737,-0.080653,-0.031092,0.020466,-0.028659,-0.019291
1.48E+09,0.072528,-0.028656,-0.076914,0.014422,-0.010005,-0.010939
1.48E+09,0.020412,0.010418,-0.055023,0.008241,-0.0032,-0.015967
1.48E+09,0.006402,0.02156,-0.066452,0.003043,-0.015643,-0.038314
1.48E+09,0.043144,0.007034,-0.075675,-0.004805,-0.011438,-0.056669
1.48E+09,0.095179,-0.021034,-0.083035,-0.005334,-0.002995,-0.049761
1.48E+09,0.144791,-0.055611,-0.053527,-0.012162,-0.002148,-0.039116
1.48E+09,0.164742,-0.160968,-0.010988,-0.017533,0.004719,-0.040113
1.48E+09,0.138824,-0.097491,-0.077435,-0.019558,-0.01061,-0.008888
1.48E+09,0.151275,-0.071798,-0.03599,-0.00295,0.024473,-0.014033
1.48E+09,0.124016,-0.123148,0.0209,-0.002393,0.004063,-0.006992
1.48E+09,0.097429,-0.256842,0.017868,-0.030379,-0.005246,0.056952
1.48E+09,0.031197,-0.355006,-0.120021,-0.068971,0.054956,0.068415
1.48E+09,0.070479,-0.08189,-0.0701,-0.097212,0.044743,-0.032962
1.48E+09,0.097867,0.101393,-0.081383,-0.01289,-0.017659,-0.029009
1.48E+09,0.189665,-0.131838,-0.074894,-0.009408,-0.020322,0.034905
1.48E+09,0.095266,-0.044881,-0.188106,-0.060629,0.04056,0.063855
1.48E+09,-0.143631,0.252919,-0.184317,-0.052608,0.119807,0.062182
1.48E+09,-0.252431,0.418751,-0.129817,0.00672,0.118181,0.007859
1.48E+09,-0.127079,0.26248,0.011994,-0.018594,0.060969,-0.027476
1.48E+09,0.031558,0.181744,0.020553,-0.126881,0.039315,-0.085059
1.48E+09,0.341721,-0.180783,-0.028946,-0.117197,0.082905,-0.10656
1.48E+09,0.753249,-0.438744,-0.087332,-0.142077,0.0982,-0.144626
1.48E+09,1.197434,-0.816455,-0.146904,-0.164318,0.107384,-0.199076
1.48E+09,1.112686,-1.385693,-0.308995,-0.154387,0.112914,-0.205027
1.48E+09,0.578365,-0.989275,-0.477934,-0.097925,0.140629,0.008773
1.48E+09,0.360206,-0.039071,-0.394102,-0.13468,0.174695,0.026778
1.48E+09,-0.014812,0.381714,-0.261894,-0.185416,0.161285,0.053597
1.48E+09,-0.233589,0.555596,-0.214024,-0.222444,0.196766,-0.017467
1.48E+09,-0.157176,0.49145,-0.178724,-0.184463,0.141278,-0.019619
1.48E+09,0.136619,0.548926,-0.185264,-0.152448,0.1213,-0.014746
1.48E+09,0.52229,0.49013,-0.271908,-0.164012,0.139284,-0.05978
1.48E+09,1.051918,-0.119425,-0.347183,-0.240003,0.202763,-0.112839
1.48E+09,1.744,-1.367737,-0.377442,-0.299841,0.263736,-0.149553
1.48E+09,2.3555,-2.767273,-0.277534,-0.25734,0.327422,-0.012012
1.48E+09,2.640952,-3.729813,-0.171313,-0.220972,0.421601,0.158315
1.48E+09,2.381552,-4.380601,-0.173884,-0.213647,0.491918,0.303435
1.48E+09,1.493101,-4.459713,-0.0799,0.082933,0.380242,0.808007
1.48E+09,0.287442,-3.50664,0.276618,0.548628,0.190993,0.784481
1.48E+09,-0.312492,-3.22521,0.350285,-0.209018,0.577496,0.27253
1.48E+09,-0.619446,-3.072054,0.44629,-0.106571,0.55656,0.264079
1.48E+09,-0.797952,-2.860882,0.646192,-0.05655,0.581158,0.252064
1.48E+09,-0.675889,-2.496157,0.889541,0.008586,0.631068,0.200572
1.48E+09,-0.3332,-2.361502,1.149771,0.117333,0.702414,0.26044
1.48E+09,0.021689,-2.596672,1.426231,0.221966,0.707673,0.365993
1.48E+09,0.250712,-3.434105,1.760099,0.304415,0.735751,0.524451
1.48E+09,0.299433,-4.437767,2.172662,0.344031,0.821292,0.634415
1.48E+09,0.293645,-5.140024,2.58671,0.335771,0.877989,0.651612
1.48E+09,0.22561,-5.648206,3.11187,0.308988,0.865751,0.566961
1.48E+09,0.141137,-6.027095,3.545079,0.26443,0.887395,0.499381
1.48E+09,-0.270597,-6.113726,3.989479,0.163349,0.811955,0.350081
1.48E+09,-1.004632,-5.899315,4.433956,0.066522,0.689242,0.257638
1.48E+09,-1.864757,-5.175803,4.690184,-0.067019,0.599786,0.152851
1.48E+09,-2.696454,-4.102201,4.953176,-0.201451,0.483386,0.048719
1.48E+09,-3.272107,-3.003702,5.086987,-0.193733,0.424014,-0.014345
1.48E+09,-3.597078,-2.121759,5.123825,-0.186212,0.403522,-0.088679
1.48E+09,-3.70085,-1.797354,5.294686,-0.243424,0.325876,-0.173648
1.48E+09,-3.602925,-1.95715,5.687583,-0.799046,-0.44297,-0.333583
1.48E+09,-2.879367,-3.031164,6.855535,-1.555263,-1.20262,-0.437961
1.48E+09,-3.969521,-3.668365,6.264307,-0.376963,1.146808,0.006809
1.48E+09,-3.764631,-1.656103,2.736678,-1.244683,0.599969,-0.576878
1.48E+09,-2.745894,-0.783096,2.448431,-0.441701,-0.039347,-1.504153
1.48E+09,-1.470671,-1.554757,3.49905,-0.128164,-0.010915,-1.267406
1.48E+09,-0.342324,-1.751925,3.343285,-0.41724,-9.00E-06,-1.152093
1.48E+09,0.236544,-2.234086,3.154963,-0.445714,-0.194304,-0.968076
1.48E+09,0.646849,-3.026909,3.315312,-0.524363,-0.13396,-0.826146
1.48E+09,1.136913,-3.328922,3.11163,-0.81803,-0.083081,-0.720522
1.48E+09,1.542532,-3.389211,2.780002,-0.966255,-0.161616,-0.656864
1.48E+09,1.780297,-3.275578,2.819536,-0.729091,-0.283395,-0.357528
1.48E+09,1.892857,-3.451677,2.665921,-0.683471,-0.350625,-0.226564
1.48E+09,1.693112,-3.591506,2.534167,-0.51705,-0.321238,-0.095182
1.48E+09,1.051601,-3.546299,3.018404,-0.394389,-0.363571,-0.060797
1.48E+09,0.312045,-3.260196,3.608765,-0.5187,-0.398888,-0.097006
1.48E+09,-0.314803,-2.480304,3.944675,-0.70214,-0.409282,-0.181126
1.48E+09,-0.66125,-1.48316,3.797743,-0.874935,-0.342543,-0.258238
1.48E+09,-0.739716,-0.422779,3.237844,-0.998002,-0.217777,-0.368135
1.48E+09,-0.545967,0.541915,2.488485,-1.002631,-0.060874,-0.423606
1.48E+09,-0.149057,1.231952,1.605652,-0.993158,-5.40E-05,-0.401994
1.48E+09,0.262404,1.700047,0.655642,-0.963745,0.057779,-0.333712
1.48E+09,0.524144,2.155263,0.097379,-0.766684,-0.07348,-0.143562
1.48E+09,0.432756,2.90062,0.073666,-0.528423,-0.281866,0.166429
1.48E+09,-0.522458,3.355666,0.129461,-0.424244,-0.251139,0.733963
1.48E+09,-2.240686,2.43127,0.29319,-0.317866,-0.428938,0.98509
1.48E+09,-2.441659,1.326866,0.304026,-0.60596,-0.064533,-0.020541
1.48E+09,-1.296805,0.808977,-0.081566,-0.686252,-0.020026,-0.531061
1.48E+09,0.087036,-0.320567,-0.647163,-0.642379,-0.108371,-0.719403
1.48E+09,1.160866,-1.512505,-1.075139,-0.469562,-0.196771,-0.577196
1.48E+09,1.76103,-2.369593,-1.076536,-0.309311,-0.210597,-0.419074
1.48E+09,2.180926,-3.065887,-0.625782,-0.194267,-0.164783,-0.398804
1.48E+09,2.61901,-3.566154,-0.382892,-0.080714,0.181193,-0.156412
1.48E+09,2.678554,-3.229163,-0.851321,-0.102619,0.391951,-0.094634
1.48E+09,2.431318,-2.749461,-1.158563,0.049855,0.148913,-0.21151
1.48E+09,2.158859,-2.463542,-0.798161,0.329603,-0.151129,-0.169917
1.48E+09,1.91005,-2.38837,-0.214324,0.413483,-0.195891,-0.211912
1.48E+09,1.755732,-2.42171,0.399691,0.508579,-0.151868,-0.267212
1.48E+09,1.829068,-2.611637,1.120204,0.561561,-0.167856,-0.31966
1.48E+09,2.192923,-3.075861,1.872845,0.367779,-0.176556,-0.432234
1.48E+09,2.188657,-4.123397,3.047013,0.505632,-0.37292,-0.051574
1.48E+09,2.127101,-4.774692,3.682609,0.026513,0.021921,0.699395
1.48E+09,2.318629,-3.350812,3.470011,-0.114231,0.1754,0.359966
1.48E+09,2.271618,-1.610433,2.662234,-0.248816,0.615173,0.094871
1.48E+09,1.787421,-0.781282,1.227146,-0.421466,1.002116,0.062857
1.48E+09,1.349582,-0.48748,-0.335598,-0.35472,0.792997,-0.141262
1.48E+09,0.767277,-0.384998,0.436743,2.24861,0.102145,1.150522
1.48E+09,0.179218,2.879263,2.269248,-0.052543,-0.004299,-0.143639
1.48E+09,-0.020595,2.830806,0.694867,-0.646649,0.041007,-0.191676
1.48E+09,0.817389,1.000432,-0.009047,-0.653051,0.012982,-0.811393
1.48E+09,1.813624,-1.247186,0.624615,-0.063727,0.035905,-0.80853
1.48E+09,1.648377,-2.976836,1.47683,0.258319,-0.05254,-0.202958
1.48E+09,1.20348,-3.420308,2.124234,0.242063,-0.075909,0.199096
1.48E+09,0.731461,-2.648813,1.955996,-0.03833,0.002945,0.106211
1.48E+09,0.721756,-2.462752,1.590911,-0.128804,-0.016458,-0.49553
1.48E+09,1.254991,-3.371569,1.225165,0.054032,-0.138503,-0.441113
1.48E+09,1.499417,-4.457358,0.961258,0.318067,-0.215974,0.093519
1.48E+09,0.779048,-4.128403,1.032384,0.579845,-0.328355,0.62272
1.48E+09,-0.026808,-1.713209,1.335652,0.634791,-0.425102,0.413312
1.48E+09,-0.308943,0.308717,1.428678,0.47429,-0.384523,0.097793
1.48E+09,-0.261749,0.83012,1.517447,0.250675,-0.473428,-0.150675
1.48E+09,0.023383,0.205058,1.784764,0.1987,-0.517465,-0.196125
1.48E+09,0.207938,-0.325839,2.105457,0.145195,-0.453538,-0.057602
1.48E+09,0.177967,-0.341056,2.274532,0.136392,-0.472984,0.102658
1.48E+09,-0.001707,-0.029165,2.262993,0.162993,-0.316642,0.149644
1.48E+09,-0.246388,0.185983,2.092711,0.049981,-0.338913,0.129392
1.48E+09,-0.26233,0.109433,1.920843,-0.025711,-0.26378,-0.046272
1.48E+09,-0.121476,-0.251443,1.848022,0.066969,-0.261246,0.045678
1.48E+09,-0.230721,-0.186389,1.828177,0.326361,-0.373773,0.261305
1.48E+09,-0.676106,0.857097,1.687619,0.223044,-0.611493,0.014033
1.48E+09,-0.537962,2.457497,1.47495,0.010578,-0.339885,-0.380544
1.48E+09,-0.360068,2.925739,1.654808,0.274492,-0.370813,-0.064124
1.48E+09,-0.554464,2.245931,1.912448,0.366416,-0.170534,-0.032123
1.48E+09,-0.524386,1.463813,2.144393,-0.016355,0.19018,-0.366035
1.48E+09,-0.125937,1.297155,2.393344,-0.332721,0.023206,-0.080199
1.48E+09,0.058416,0.611517,2.440693,-0.192471,0.044718,0.166865
1.48E+09,0.430799,-0.453874,2.633304,0.082631,-0.196569,0.068696
1.48E+09,1.11233,-0.799107,2.704161,0.189872,-0.048653,0.004662
1.48E+09,0.859915,-1.182768,2.121975,-0.190603,-0.207851,0.493351
1.48E+09,0.448241,-0.961102,1.793412,0.035963,0.246913,-0.102008
1.48E+09,0.802427,-0.588438,1.848651,-0.050097,0.724566,-0.96398
1.48E+09,1.15012,-2.093206,1.33698,-0.031244,1.186312,-1.013365
1.48E+09,0.691101,-3.073288,0.940941,0.071665,0.946219,-0.324446
1.48E+09,-0.035239,-3.026054,0.250203,-0.494146,1.108262,0.709369
1.48E+09,-0.64636,-1.3296,-0.447089,-0.49032,1.10839,0.702445
1.48E+09,-0.817792,0.258029,-0.832036,-0.082095,1.051801,-0.080626
1.48E+09,-0.5018,0.914265,-0.994311,-0.18437,0.130823,-0.13342
1.48E+09,-0.216207,0.764911,-0.970497,0.00129,-0.273061,-0.146599
1.48E+09,0.42213,0.652748,-0.414843,0.24855,-0.477127,-0.141681
1.48E+09,0.959574,0.658934,0.112828,0.173188,-0.225558,-0.095366
1.48E+09,0.649921,0.526698,0.028418,-0.114806,-0.019186,-0.111523
1.48E+09,0.793279,-0.028492,-0.46176,-0.116941,0.027073,-0.264547
1.48E+09,0.943383,-0.510699,-1.095342,-0.259733,0.14243,-0.239833
1.48E+09,0.534253,-0.7573,-1.764276,-0.272817,0.287193,0.092626
1.48E+09,-0.158951,-1.009923,-2.362396,-0.17697,0.323688,0.252207
1.48E+09,-0.52318,-0.844976,-2.531104,-0.033421,0.16857,0.23083
1.48E+09,-0.558546,-0.485359,-1.942855,0.15471,-0.126622,0.100411
1.48E+09,-0.342154,0.051353,-0.767717,0.52315,-0.539627,-0.022435
1.48E+09,-0.212097,0.349334,0.352562,0.196296,-0.015297,-0.014094
1.48E+09,-0.169934,0.182256,0.543638,-0.024795,0.0038,-0.009273
1.48E+09,-0.155227,0.363451,0.478243,0.021542,0.020232,-0.047216
1.48E+09,-0.233564,0.30493,0.031671,0.09042,-0.107285,-0.024174
1.48E+09,0.011858,0.11996,-0.002137,0.360937,-0.854132,0.033034
1.48E+09,0.235452,0.40177,1.049858,0.560008,-1.614708,0.04315
1.48E+09,0.174859,0.594472,1.470083,0.482838,-1.261548,0.075987
1.48E+09,0.176186,0.781618,0.838999,0.126287,-1.218085,0.083995
1.48E+09,-0.286128,1.608227,-0.280532,-0.004829,-1.14121,0.159554
1.48E+09,-1.270157,3.509259,-0.721747,0.075463,-0.633167,0.371814
1.48E+09,-1.126307,3.565786,-0.431181,0.089494,0.272845,0.079658
1.48E+09,-0.446756,3.03176,0.756454,0.243049,0.487437,-0.111397
1.48E+09,-0.339032,2.836694,1.670104,0.366669,0.69405,-0.265998
1.48E+09,-0.668635,1.349305,2.128298,0.352885,0.165568,-0.504859
1.48E+09,0.012326,-1.173629,2.191755,-0.068261,-0.130726,-0.673738
1.48E+09,1.123558,-3.468564,1.486136,0.276811,-0.633974,-0.129771
1.48E+09,2.336819,-4.05225,0.84893,0.625674,-1.41329,0.709607
1.48E+09,2.822942,-0.527394,-0.162641,0.623947,-1.413155,0.738476
1.48E+09,2.003932,-1.428073,-0.990796,0.438117,-0.976187,-0.054342
1.48E+09,0.80138,-2.963995,-1.992827,0.284074,-0.472341,-0.490918
1.48E+09,-0.123232,-2.139014,-3.10306,-0.089019,0.460008,-0.168988
1.48E+09,0.363386,-0.504139,-3.195994,-1.159909,1.974222,0.083281
1.48E+09,0.570252,1.739666,-2.378499,-1.188496,1.932884,-0.094103
1.48E+09,0.163719,2.017756,-1.189591,-1.040883,1.502728,-0.171366
1.48E+09,0.08983,0.957982,-0.225946,-0.865298,0.964035,-0.027221
1.48E+09,0.313983,0.4361,0.518293,-0.536669,0.353076,0.076424
1.48E+09,0.320528,0.410196,0.515145,-0.260599,0.005355,0.063695
1.48E+09,0.257612,0.509604,0.414442,-0.181277,0.099429,-0.003888
1.48E+09,0.109208,0.418386,0.274024,-0.020459,0.065622,-0.117239
1.48E+09,-0.066296,-0.018692,0.21264,0.049335,-0.034442,-0.117458
1.48E+09,-0.152844,-0.223448,0.23447,9.31E-04,0.027039,-0.093046
1.48E+09,-0.218596,-0.215241,0.240741,-0.031342,0.074457,-0.081131
1.48E+09,-0.273399,-0.173969,0.147269,3.06E-04,0.13678,-0.061716
1.48E+09,-0.254967,-0.163528,-0.196048,0.103066,0.213528,-0.020244
1.48E+09,-0.202929,-0.22421,-0.44079,0.162607,0.129075,-0.032183
1.48E+09,-0.013723,-0.32388,-0.365242,0.17315,-0.006649,0.00426
1.48E+09,-0.076708,-0.165823,-0.090414,0.028697,-0.05417,-0.022211
1.48E+09,-0.348705,-0.376673,0.080922,-0.088266,-0.007959,-0.066111
1.48E+09,-0.365241,-0.362053,0.095154,-0.082988,0.031809,-0.010457
1.48E+09,-1.094425,-0.14747,0.37658,-0.107603,-0.090735,-0.048104
1.48E+09,-1.14583,0.415746,0.714643,-0.320772,-0.133303,-0.389374
1.48E+09,-0.575136,0.157579,0.653517,-0.082785,-0.119074,-0.081663
1.48E+09,0.010924,0.948603,0.246348,0.218755,0.115585,-0.065095
1.48E+09,0.379461,0.651091,-0.137001,0.194922,0.09795,-0.040713
1.48E+09,0.515647,0.119992,-0.118711,-0.05989,-0.008468,-0.040893
1.48E+09,0.470764,-0.076255,-0.049818,-0.207862,-0.023923,-0.03961
1.48E+09,0.235671,-0.047564,0.045646,-0.280797,-0.032962,-0.054087
1.48E+09,0.008987,-0.113862,0.119533,-0.281799,0.004007,-0.062169
1.48E+09,-0.026071,-0.154501,0.074334,-0.20289,0.01061,-0.055744
1.48E+09,0.062079,-0.132434,0.013911,-0.129543,-0.006668,-0.05926
1.48E+09,0.179418,-0.118074,0.008004,-0.094942,-0.026572,-0.047977
1.48E+09,0.271633,-0.117571,0.014233,-0.085822,-0.004497,-0.030514
1.48E+09,0.283307,-0.157902,-0.033976,-0.06714,-0.007893,-0.035363
1.48E+09,0.261035,-0.214606,-0.071361,-0.064946,0.013685,-0.049587
1.48E+09,0.261406,-0.262414,-0.120833,-0.069987,-0.005559,-0.063247
1.48E+09,0.213085,-0.377081,-0.195635,-0.076593,-0.018036,-0.069611
1.48E+09,0.400084,-0.383315,-0.202642,-0.098966,0.049905,-0.074027
1.48E+09,0.573143,0.028773,-0.258611,-0.106893,-0.077092,-0.049853
1.48E+09,0.430723,0.270477,-0.279464,0.144966,-0.525587,-0.117345
1.48E+09,0.278659,-0.004437,-0.635143,0.34554,-1.015527,-0.157218
1.48E+09,0.409147,-0.148252,-0.353654,0.009274,0.067323,-0.380385
1.48E+09,0.1712,-0.150115,0.280699,-0.143911,0.011006,-0.159602
1.48E+09,0.051627,-0.43543,0.591628,-0.148359,-0.189342,-0.120391
1.48E+09,0.213594,-0.562118,0.917436,-0.166184,0.01479,-0.07858
1.48E+09,0.331155,-0.360548,1.439426,-0.268558,0.277251,-0.098525
1.48E+09,0.420948,-0.592524,1.880029,-0.371559,0.483188,-0.12336
1.48E+09,0.396421,-1.084244,1.952978,-0.309656,0.438347,-0.009358
1.48E+09,0.36564,-1.201364,1.742334,-0.133608,0.424078,-0.01534
1.48E+09,0.318621,-0.966849,1.178434,0.11367,0.21907,0.001742
1.48E+09,0.269113,-0.594,0.633012,0.237013,0.065214,-0.02096
1.48E+09,0.250749,-0.282227,0.312285,0.1987,-0.030941,-0.061734
1.48E+09,0.228927,-0.110061,0.264911,-0.125254,-0.098575,-0.115081
1.48E+09,0.333122,-0.137915,0.561235,-0.21733,-0.040797,-0.054668
1.48E+09,0.34663,-0.344991,0.782008,-0.242595,-0.078249,-0.02828
1.48E+09,0.388617,-0.217432,0.93622,-0.233895,-0.096658,-0.051172
1.48E+09,0.413208,-0.259547,1.107763,-0.195722,-0.075897,-0.088565
1.48E+09,0.382355,-0.590527,1.325081,-0.160098,-0.031909,-0.083367
1.48E+09,0.276418,-1.002199,1.525507,-0.139457,0.028246,-0.083948
1.48E+09,0.282597,-1.244697,1.689129,-0.121201,0.041753,-0.083383
1.48E+09,0.313232,-1.391015,1.902991,-0.123043,0.070941,-0.031348
1.48E+09,0.307587,-1.356925,1.670534,-0.088266,0.186217,-0.008602
1.48E+09,0.201755,-1.070415,0.912354,0.076166,0.217755,0.066196
1.48E+09,0.04389,-0.419305,0.580206,0.156618,-0.148596,0.004354
1.48E+09,0.071132,-0.243232,0.398564,0.011795,-0.072213,-0.119286
1.48E+09,0.07271,-0.316279,0.117736,0.060774,0.221242,-0.056863
1.48E+09,-0.013399,-0.308399,0.0023,0.035249,0.191503,-0.002149
1.48E+09,-0.035827,0.070325,-0.049796,-0.01116,0.050646,-0.064615
1.48E+09,0.037973,-0.270461,-0.060149,0.094478,0.047103,-0.018576
1.48E+09,0.014324,-0.589643,-0.062461,-0.001592,0.049373,-0.108527
1.48E+09,0.066668,-0.5079,-0.039782,-0.045335,0.051,-0.04512
1.48E+09,0.046121,-0.60834,-0.02244,-0.095454,0.01739,-0.043038
1.48E+09,0.01454,-0.464097,0.007784,-0.144935,0.021344,-0.07105
1.48E+09,0.022896,-0.258266,0.095187,-0.189845,0.0128,-0.052169
1.48E+09,0.010742,-0.026165,0.132793,-0.210021,-0.04005,-0.033417
1.48E+09,0.056485,0.222761,0.123119,-0.20063,-0.057419,-0.034052
1.48E+09,0.096637,0.388953,0.095138,-0.164518,-0.027226,-0.028391
1.48E+09,0.095326,0.391585,0.075451,-0.125208,0.027549,-0.030369
1.48E+09,0.090861,0.329529,0.09851,-0.104678,0.049412,-0.029027
1.48E+09,-0.002585,0.289233,-0.174431,-0.092293,0.122425,-0.037504
1.48E+09,-0.137943,-0.119047,-0.249213,0.082217,0.151112,-0.053749
1.48E+09,-0.037275,-0.470048,-0.05664,-0.058184,-0.067935,-0.032448
1.48E+09,0.05855,-0.443903,-0.009093,-0.109079,-0.025744,-0.019478
1.48E+09,0.080302,-0.334933,-0.010618,-0.090781,-0.026331,-0.033152
1.48E+09,0.105254,-0.159249,-0.002186,-0.055719,-0.03026,-0.045057
1.48E+09,0.077308,-0.001171,0.003328,-0.01345,-0.021744,-0.06494
1.48E+09,0.015189,0.030193,0.052186,-0.005263,-0.013603,-0.073416
1.48E+09,-0.045386,0.0318,0.11138,-0.021864,-0.009739,-0.076066
1.48E+09,-0.075519,0.016468,0.147998,-0.034782,-0.008344,-0.07553
1.48E+09,-0.051024,-0.034337,0.177417,-0.041292,0.017684,-0.062181
1.48E+09,-0.029138,-0.072976,0.22867,-0.066987,0.037998,-0.059393
1.48E+09,0.010185,-0.093614,0.211189,-0.092171,0.038492,-0.051825
1.48E+09,0.00661,-0.121802,0.178499,-0.086941,0.068545,-0.048177
1.48E+09,0.023335,-0.165585,0.10344,-0.073585,0.121232,-0.05599
1.48E+09,0.043242,-0.286958,-0.007058,-0.024246,0.128701,-0.056477
1.48E+09,0.064195,-0.239211,-0.081149,-0.071604,0.16528,0.006104
1.48E+09,0.082642,-0.189285,-0.122198,-0.088893,0.127327,0.030197
1.48E+09,0.098757,-0.005536,-0.050254,-0.160181,0.093844,0.028544
1.48E+09,0.020135,0.325566,0.077932,-0.210125,0.084327,-0.001856
1.48E+09,-0.241168,0.587324,0.086911,-0.200733,0.005015,-0.063646
1.48E+09,-0.422477,0.685284,0.224831,-0.155206,-0.018433,-0.05638
1.48E+09,-0.543756,0.716112,0.440869,-0.124362,-0.084749,-0.085436
1.48E+09,-0.47825,0.480044,0.617503,-0.020426,-0.081636,-0.076879
1.48E+09,-0.247249,0.226172,0.677861,0.035336,-0.09693,-0.074648
1.48E+09,0.056218,-0.209649,0.808565,0.082811,-0.127722,-0.075156
1.48E+09,0.187524,-0.613788,0.872473,0.064178,-0.023066,-0.034424
1.48E+09,0.240857,-0.803946,0.730505,9.50E-04,0.184076,-0.04799
1.48E+09,0.200155,-0.812833,0.436945,-0.041391,0.066848,-0.001974
1.48E+09,0.092702,-0.306259,-0.023266,-0.046341,-0.152504,0.004751
1.48E+09,0.039591,-0.148965,0.05671,0.015637,0.060186,-0.116604
1.48E+09,-0.009726,-0.41212,0.137707,0.035231,0.052406,-0.168583
1.48E+09,0.203164,-0.762334,0.171221,0.031735,0.076018,-0.056727
1.48E+09,0.144995,-0.896193,0.165282,-0.014572,0.165889,-0.024238
1.48E+09,0.017635,-0.635141,0.206869,-0.150847,0.07207,-0.076679
1.48E+09,0.018977,-0.360784,0.229239,-0.192486,-0.016724,-0.032186
1.48E+09,0.093644,-0.107363,0.147546,-0.104749,-0.073631,-0.017027
1.48E+09,0.235129,0.015681,0.029772,0.002064,-0.018534,-0.046189
1.48E+09,0.255407,-0.295581,-0.146197,0.09354,0.037527,0.032612
1.48E+09,0.110875,-0.234533,-0.160346,0.040303,0.075973,-0.045114
1.48E+09,0.044185,-0.378681,0.020187,-0.057208,0.08523,-0.047312
1.48E+09,-0.036487,-0.253301,0.052473,-0.134344,0.026697,-0.039565
1.48E+09,-0.027373,-0.010422,6.73E-04,-0.132895,0.032187,-0.025107
1.48E+09,0.013725,0.1881,-0.047464,-0.077285,0.033324,-0.037834
1.48E+09,0.03252,0.204331,-0.052372,-0.034435,0.035462,-0.050496
1.48E+09,0.013034,0.128498,-0.019486,-0.013302,0.025518,-0.044909
1.48E+09,0.008598,0.0616,-0.008609,-0.033691,0.032664,-0.031769
1.48E+09,0.014823,0.071542,-0.009913,-0.043306,0.036478,-0.022799
1.48E+09,0.015692,0.113693,-0.021651,-0.050149,0.035204,-0.019116
1.48E+09,0.006533,0.148291,-0.02482,-0.048732,0.029173,-0.018421
1.48E+09,-0.005925,0.128469,-0.029571,-0.048179,0.022,-0.027094
1.48E+09,-0.011952,0.096286,-0.030341,-0.050019,0.016767,-0.034175
1.48E+09,-0.021766,0.06407,-0.029939,-0.055348,0.014735,-0.040445
1.48E+09,-0.019011,0.038155,-0.034368,-0.057157,0.015674,-0.040626
1.48E+09,-0.00877,0.022198,-0.041309,-0.062137,0.015739,-0.034472
1.48E+09,-0.008722,0.01723,-0.038772,-0.063556,0.017702,-0.032558
1.48E+09,-0.001132,0.016038,-0.038642,-0.065319,0.018299,-0.031587
1.48E+09,0.012764,0.01611,-0.037216,-0.060989,0.014922,-0.032319
1.48E+09,0.034383,0.001323,-0.028069,-0.063804,0.010949,-0.03448
1.48E+09,0.053551,-0.022116,-0.021265,-0.056562,0.009123,-0.05454
1.48E+09,0.06876,-0.02453,-0.014894,-0.045521,0.011363,-0.0513
1.48E+09,0.08375,-0.00344,-0.010142,-0.035098,0.016025,-0.046606
1.48E+09,0.086291,-0.003435,-0.007665,-0.031394,0.025139,-0.035364
1.48E+09,0.094252,-0.045389,-0.011763,-0.037394,0.032665,-0.024957
1.48E+09,0.08953,-0.083584,-0.030827,-0.045597,0.035247,-0.021836
1.48E+09,0.084321,-0.069731,-0.06304,-0.046904,0.045836,-0.021479
1.48E+09,0.078604,0.002113,-0.08029,-0.03338,0.052407,-0.02181
1.48E+09,0.075573,0.057787,-0.084959,-0.015604,0.052559,-0.019903
1.48E+09,0.070372,0.075032,-0.080421,-0.004678,0.045584,-0.015735
1.48E+09,0.051506,0.068582,-0.062189,-0.004417,0.023867,-0.011887
1.48E+09,0.034038,0.05079,-0.017991,-0.011393,0.009038,-0.008776
1.48E+09,0.0116,0.021964,0.011601,-0.023116,0.017485,-0.010654
1.48E+09,-0.001979,-0.01043,0.030348,-0.031684,0.028103,-0.012515
1.48E+09,0.00451,-0.027787,0.040536,-0.046902,0.030183,-0.011196
1.48E+09,0.004611,-0.037718,0.045598,-0.05447,0.029174,-0.01246
1.48E+09,0.012366,-0.057405,0.039899,-0.05525,0.021883,-0.015613
1.48E+09,0.030063,-0.059676,0.029144,-0.049027,0.021648,-0.019526
1.48E+09,0.042563,-0.04591,0.019273,-0.041043,0.019492,-0.022986
1.48E+09,0.00726,-0.061678,-0.042294,-0.148503,0.035693,0.021851
1.48E+09,0.113406,0.059806,-0.147061,-0.206871,0.023782,-0.024428
1.48E+09,-0.193523,0.634402,-0.020149,-0.17004,0.001115,0.123851
1.48E+09,-0.761703,1.200211,0.228238,-0.187907,-0.050072,-0.259978
1.48E+09,-0.49303,0.826869,0.258042,0.029484,0.033519,-0.001505
1.48E+09,-0.12255,0.500504,0.216162,0.161005,0.06012,0.062178
1.48E+09,0.098312,0.223509,0.079305,0.272195,0.044328,0.022363
1.48E+09,0.141814,-0.399403,0.067145,0.308267,0.021337,0.015658
1.48E+09,0.242336,-0.7611,0.062437,0.127159,0.034914,0.026898
1.48E+09,0.305818,-0.667317,-0.014269,0.003167,0.050954,0.038262
1.48E+09,0.29885,-0.467479,-0.106048,-0.070663,0.025881,6.10E-04
1.48E+09,0.256898,-0.29828,-0.10951,-0.019977,0.027466,-0.0375
1.48E+09,0.200355,-0.186405,-0.071742,0.009699,0.027799,-0.042187
1.48E+09,0.142343,-0.189679,-0.01856,-0.003087,0.024902,-0.031128
1.48E+09,0.095361,-0.159253,0.006003,-0.034044,0.0304,-0.015145
1.48E+09,0.085576,-0.054232,0.010222,-0.049195,0.039442,0.002123
1.48E+09,0.069337,0.06446,0.001851,-0.042577,0.043039,0.013011
1.48E+09,0.055334,0.075561,-0.004671,-0.021591,0.039155,0.020275
1.48E+09,0.034017,0.05812,-0.004684,-7.45E-04,0.03658,0.023594
1.48E+09,0.018087,0.003615,-0.00522,0.010348,0.034427,0.016081
1.48E+09,0.0313,-0.060623,-0.003945,0.009684,0.037968,0.010566
1.48E+09,0.036532,-0.080381,-0.003536,0.008547,0.031423,0.003767
1.48E+09,0.020039,-0.071862,9.88E-04,0.008005,0.021818,-0.007682
1.48E+09,0.005927,-0.046086,0.01384,0.007709,0.019642,-0.014537
1.48E+09,-0.004305,-0.031347,0.018349,0.007354,0.028112,-0.003154
1.48E+09,-0.004262,-0.035119,0.025772,0.002541,0.024268,-6.36E-04
1.48E+09,-0.0067,-0.043854,0.033243,-0.004971,0.019707,-0.004708
1.48E+09,-0.010455,-0.047597,0.034478,-0.014138,0.019778,-0.003301
1.48E+09,-0.003075,-0.025301,0.035435,-0.019799,0.020715,-0.008135
1.48E+09,-0.003407,0.011793,0.036024,-0.020788,0.027179,-0.00918
1.48E+09,0.001567,0.02048,0.03595,-0.021668,0.032459,-0.009369
1.48E+09,0.007956,0.011902,0.031274,-0.025023,0.032592,-0.004504
1.48E+09,0.004238,0.002111,0.016661,-0.029837,0.03424,-0.001445
1.48E+09,0.001749,-0.002798,0.010569,-0.028391,0.036586,0.001919
1.48E+09,0.004122,0.013347,0.004193,-0.023069,0.028506,9.92E-04
1.48E+09,-0.007237,0.013218,0.011386,-0.017336,0.018668,5.33E-04
1.48E+09,-0.020926,-0.009147,0.014018,-0.00139,0.021111,-0.006506
1.48E+09,-0.014193,-0.051399,0.043037,-8.55E-04,0.009134,-0.006899
1.48E+09,-0.020343,-0.067649,0.059166,-0.001379,0.019742,-0.002473
1.48E+09,-0.012799,-0.06272,0.066549,-0.004695,0.017407,-2.76E-04
1.48E+09,-0.005453,-0.036713,0.06744,-0.011597,0.004883,-0.005982
1.48E+09,-6.41E-04,-0.009494,0.069499,-0.018655,-7.75E-04,-0.012013
1.48E+09,0.006806,0.005393,0.069352,-0.016847,0.028375,-0.014892
1.48E+09,0.015775,-0.00818,0.072161,-0.010574,0.02348,-0.01106
1.48E+09,0.020815,-0.004575,0.088115,-0.010845,0.035289,-0.00599
1.48E+09,0.039742,0.002678,0.12138,-0.002072,-0.019771,-0.027079
1.48E+09,0.01657,-0.085514,0.15074,-0.01794,0.054504,0.030415
1.48E+09,-0.019376,-0.023759,0.134452,-0.053823,0.054331,0.002173
1.48E+09,0.001755,0.01237,0.118192,-0.064851,0.023274,-0.009127
1.48E+09,-0.004226,-0.023607,0.127298,-0.060693,0.020408,-0.007416
1.48E+09,-0.014865,-0.10291,0.138295,-0.07056,0.01591,-9.49E-04
1.48E+09,0.016235,-0.182331,0.192822,-0.048435,-0.060987,-0.00182
1.48E+09,-0.039282,-0.194695,0.152983,-0.101743,0.058793,0.056491
1.48E+09,-6.15E-04,-0.148205,0.093886,-0.11603,0.080875,0.06177
1.48E+09,0.051644,-0.068272,0.038086,-0.093112,0.044404,0.054659
1.48E+09,0.073486,0.027312,0.011032,-0.076137,0.021021,0.037375
1.48E+09,0.078193,0.065671,0.011679,-0.050634,0.008411,0.032629
1.48E+09,0.08436,0.078081,0.022412,-0.023476,-0.012306,0.023601
1.48E+09,0.116082,0.072676,0.099001,0.024551,-0.107793,-0.007797
1.48E+09,0.121786,0.013736,0.199424,0.006809,-0.022941,0.037363
1.48E+09,0.062446,-0.12539,0.23035,-0.006895,0.042851,0.042622
1.48E+09,0.06207,-0.221959,0.243013,-0.035087,0.065973,0.097304
1.48E+09,0.058243,-0.21824,0.239216,-0.06919,0.084917,0.136161
1.48E+09,0.042606,-0.166323,0.230755,-0.095562,0.105891,0.14411
1.48E+09,0.014403,-0.124219,0.203881,-0.121054,0.137731,0.155512
1.48E+09,-0.023721,-0.101994,0.180879,-0.12615,0.126066,0.167636
1.48E+09,-0.070619,-0.08958,0.141973,-0.129161,0.115867,0.18844
1.48E+09,-0.117444,-0.088111,0.081176,-0.123009,0.127679,0.219631
1.48E+09,-0.160346,-0.103788,0.003554,-0.108806,0.139266,0.234507
1.48E+09,-0.223202,-0.149184,-0.083665,-0.095697,0.157447,0.252055
1.48E+09,-0.323564,-0.235742,-0.156014,-0.093196,0.170601,0.274545
1.48E+09,-0.471611,-0.358387,-0.2358,-0.110544,0.180421,0.303955
1.48E+09,-0.667032,-0.550565,-0.316323,-0.142609,0.20337,0.366329
1.48E+09,-0.943356,-0.739322,-0.420148,-0.17896,0.239083,0.427223
1.48E+09,-1.255846,-0.841621,-0.536993,-0.232114,0.240226,0.478116
1.48E+09,-1.584188,-0.871975,-0.690848,-0.268721,0.220161,0.518746
1.48E+09,-1.902793,-0.725196,-0.872082,-0.270958,0.224497,0.527281
1.48E+09,-2.17419,-0.479867,-0.974578,-0.210766,0.257166,0.520582
1.48E+09,-2.325454,-0.232384,-0.953957,-0.12107,0.346213,0.468536
1.48E+09,-2.458238,0.06598,-0.941288,-0.076414,0.456206,0.435603
1.48E+09,-2.661516,1.170638,-0.977587,-0.122732,0.435095,0.33424
1.48E+09,-2.590794,0.629569,-0.85092,0.063082,0.375035,0.051677
1.48E+09,-2.470177,0.250126,-1.081932,0.110636,0.391089,-0.606439
1.48E+09,-2.868019,-0.636468,-1.375643,0.462912,0.196633,-0.938514
1.48E+09,-3.434285,-2.649881,-1.033405,0.4698,-0.005782,-0.859272
1.48E+09,-3.139182,-4.097434,-0.745928,0.184908,-0.022083,-0.326924
1.48E+09,-2.524343,-3.648074,-0.799827,-0.144541,0.098953,0.411122
1.48E+09,-2.17836,-2.369989,-0.772255,-0.29522,0.165044,0.442622
1.48E+09,-2.234507,-1.716793,-0.548613,-0.292931,0.167644,0.21309
1.48E+09,-2.351281,-1.7779,-0.425396,-0.219466,0.135465,0.10706
1.48E+09,-2.216316,-1.619807,-0.451871,-0.108823,0.061963,-0.033148
1.48E+09,-2.064756,-1.479046,-0.464324,-0.007404,-0.029457,-0.12856
1.48E+09,-1.975797,-1.392326,-0.419125,0.057473,-0.144011,-0.186721
1.48E+09,-1.923387,-1.449608,-0.335229,0.057795,-0.207773,-0.231901
1.48E+09,-1.834251,-1.663346,-0.295994,-3.44E-04,-0.241539,-0.243878
1.48E+09,-1.762209,-1.943881,-0.266915,-0.085307,-0.225183,-0.210016
1.48E+09,-1.658736,-2.061393,-0.189851,-0.053682,-0.237905,-0.122477
1.48E+09,-1.549579,-1.974472,-0.154175,-0.004592,-0.211421,-0.090501
1.48E+09,-1.456315,-1.949288,-0.140989,0.092021,-0.269572,-0.046868
1.48E+09,-1.367401,-1.719024,-0.106799,0.166692,-0.335775,-0.040474
1.48E+09,-1.233302,-1.457519,-0.078616,0.214767,-0.388472,-0.050502
1.48E+09,-1.118744,-1.266838,-0.024991,0.211128,-0.41323,-0.055475
1.48E+09,-1.068413,-1.087106,0.107612,0.193815,-0.42368,-0.118056
1.48E+09,-0.987756,-1.076122,0.03623,0.103409,-0.342251,-0.13375
1.48E+09,-0.926164,-1.040036,0.05368,0.098857,-0.370941,-0.049995
1.48E+09,-0.871605,-0.939956,-0.042885,-0.086433,-0.283073,-0.05956
1.48E+09,-0.776757,-0.817832,-0.085277,-0.050569,-0.317955,0.001026
1.48E+09,-0.720328,-0.781059,-0.152538,-0.131451,-0.282816,0.020452
1.48E+09,-0.665628,-0.688888,-0.191324,-0.061004,-0.283552,0.044471
1.48E+09,-0.570264,-0.621338,-0.21439,-0.015515,-0.283724,0.017203
1.48E+09,-0.454491,-0.581731,-0.282069,0.134582,-0.292356,0.101763
1.48E+09,-0.3116,-0.599367,-0.288294,0.081794,-0.358376,0.19769
1.48E+09,-0.1635,-0.754252,-0.147405,-0.036687,-0.326436,0.307786
1.48E+09,-0.005052,-0.823286,-0.206501,-0.06828,-0.233515,0.405969
1.48E+09,0.082555,-0.733665,-0.212882,-0.069286,-0.221682,0.413661
1.48E+09,0.119746,-0.657863,-0.229568,-0.026087,-0.203773,0.400959
1.48E+09,0.181267,-0.622483,-0.274656,0.007384,-0.217707,0.363135
1.48E+09,0.301162,-0.619936,-0.344103,0.036526,-0.229646,0.29968
1.48E+09,0.42277,-0.663381,-0.38454,0.099542,-0.256528,0.23524
1.48E+09,0.547554,-0.771569,-0.3711,0.129425,-0.287539,0.173457
1.48E+09,0.702129,-0.948408,-0.261635,0.127059,-0.314442,0.250494
1.48E+09,0.88702,-1.25901,-0.106548,0.199058,-0.298738,0.483826
1.48E+09,0.851078,-1.607242,-0.045999,0.25358,-0.168257,0.835204
1.48E+09,0.598741,-0.954901,-0.152637,0.382518,0.062962,0.585774
1.48E+09,0.429278,0.619996,-0.055345,1.156776,1.167122,-0.169542
1.48E+09,0.10977,1.18719,0.060472,0.985286,1.589352,0.651009
1.48E+09,-0.213991,0.653282,-0.06274,0.541695,1.408556,0.577216
1.48E+09,0.177076,-0.553538,-0.095593,0.186178,0.396852,-0.298029
1.48E+09,0.838597,-0.367932,-0.075685,-0.151374,-0.302283,-0.667451
1.48E+09,1.448621,1.440175,-0.238442,0.052269,-0.476501,-0.762607
1.48E+09,1.894339,2.853124,-0.293879,0.330314,-0.532287,-0.825857
1.48E+09,2.207134,3.456593,-0.360873,0.478356,-0.477632,-0.866563
1.48E+09,2.442888,3.368901,-0.35231,0.397598,-0.215103,-0.653498
1.48E+09,2.565642,3.210916,-0.301266,0.11272,-0.028653,-0.505329
1.48E+09,2.731935,3.24154,-0.440424,-0.257104,0.163995,-0.572787
1.48E+09,2.804122,3.217458,-0.465958,-0.401298,0.304654,-0.561966
1.48E+09,2.727334,2.941595,-0.218345,-0.404549,0.39446,-0.52112
1.48E+09,2.612914,2.497278,0.03402,-0.360406,0.432469,-0.409557
1.48E+09,2.49474,2.16569,0.115178,-0.278336,0.323698,-0.30453
1.48E+09,2.3934,1.918888,0.126467,0.027394,-0.085754,-0.26102
1.48E+09,2.30162,1.733891,0.147888,0.105741,-0.2367,-0.275706
1.48E+09,2.323351,1.431877,0.194999,0.105013,-0.300107,-0.252236
1.48E+09,2.358788,1.159109,0.303137,0.067681,-0.311002,-0.194262
1.48E+09,2.452308,1.183794,0.521153,0.065407,-0.287178,-0.135986
1.48E+09,2.517937,1.503628,0.768124,0.038153,-0.212875,-0.102254
1.48E+09,2.409817,1.882855,0.887713,-0.001057,-0.1307,-0.095086
1.48E+09,2.282759,1.96727,0.905303,-0.005822,-0.076179,-0.068995
1.48E+09,2.102412,1.930618,0.870204,0.008587,-0.046772,-0.019157
1.48E+09,1.906183,1.704043,0.90799,-8.66E-04,-0.064274,0.004185
1.48E+09,1.742113,1.27941,0.991282,-0.032577,-0.05986,0.0248
1.48E+09,1.625394,0.924466,1.056911,-0.080942,-0.042657,0.062432
1.48E+09,1.564813,0.780541,1.069504,-0.128706,-0.017212,0.117389
1.48E+09,1.532937,0.810224,1.046467,-0.155109,-0.015031,0.142886
1.48E+09,1.458042,0.841089,1.009142,-0.204643,0.012622,0.165193
1.48E+09,1.391146,0.826402,0.943422,-0.233156,0.061755,0.149836
1.48E+09,1.383966,0.760901,0.787437,-0.264566,0.109316,0.116215
1.48E+09,1.416021,0.68,0.579542,-0.26821,0.108466,0.102397
1.48E+09,1.432204,0.683973,0.414138,-0.257306,0.051771,0.10277
1.48E+09,1.450561,0.728659,0.261568,-0.218391,-0.006988,0.110813
1.48E+09,1.451216,0.789663,0.213942,-0.170923,-0.005494,0.150339
1.48E+09,1.310581,0.831187,0.175644,-0.095669,-0.003108,0.220199
1.48E+09,1.177404,0.900318,0.241236,-0.056837,-0.01737,0.217637
1.48E+09,1.155357,0.693085,0.309418,0.001678,-0.016559,0.267246
1.48E+09,1.284139,0.709352,0.378457,0.020371,-0.021938,0.267098
1.48E+09,1.423819,0.777642,0.445549,2.18E-04,-0.006878,0.219111
1.48E+09,1.435254,0.769124,0.437273,-0.049409,0.036087,0.183479
1.48E+09,1.385859,0.775515,0.377582,-0.108139,0.08012,0.15802
1.48E+09,1.311068,0.929367,0.264751,-0.213372,0.186538,0.221669
1.48E+09,1.197781,1.145114,0.117205,-0.193562,0.189714,0.23374
1.48E+09,1.053272,1.191822,0.048102,-0.142559,0.113247,0.257816
1.48E+09,0.896516,1.067098,0.061435,-0.147223,0.116771,0.265845
1.48E+09,0.810079,0.851139,0.092041,-0.12747,0.029297,0.222095
1.48E+09,0.776439,0.942279,0.112093,-0.144262,-0.015201,0.237331
1.48E+09,0.78072,1.175547,0.16954,-0.160689,0.05742,0.296465
1.48E+09,0.751418,1.228225,0.353422,-0.234313,0.394293,0.237865
1.48E+09,0.605367,1.32446,0.42205,-0.243549,0.39743,0.242346
1.48E+09,0.492577,1.230688,0.462477,-0.239087,0.514509,0.305508
1.48E+09,0.43989,1.189592,0.458731,-0.199959,0.611871,0.458272
1.48E+09,0.397311,1.283631,0.422188,-0.120729,0.647288,0.570328
1.48E+09,0.217293,1.218066,0.442772,-0.107142,0.630998,0.604224
1.48E+09,-0.13696,0.999569,0.43644,-0.261324,0.581494,0.550045
1.48E+09,-0.522214,0.689822,0.23129,-0.579906,0.685629,0.44997
1.48E+09,-0.811251,0.480566,-0.089455,-0.828661,0.831098,0.452903
1.48E+09,-1.193071,0.32455,-0.483572,-0.886871,0.916842,0.580412
1.48E+09,-1.817627,0.175478,-0.994145,-0.852533,0.949949,0.697836
1.48E+09,-2.648466,-0.181936,-1.290776,-0.77304,0.834624,0.642992
1.48E+09,-3.456117,-0.716829,-1.495771,-0.609366,0.599115,0.455186
1.48E+09,-3.978111,-1.243114,-1.49197,-0.428115,0.427577,0.270187
1.48E+09,-4.284688,-1.113362,-1.260654,-0.168629,0.15688,0.287626
1.48E+09,-4.176489,-1.033088,-1.024968,0.289772,0.484044,-1.085625
1.48E+09,-4.425448,-0.902164,-1.182853,0.277018,0.491973,-1.042458
1.48E+09,-3.686293,-1.270776,-0.647169,0.541902,0.484903,-0.696999
1.48E+09,-3.393569,-0.872179,-0.047483,0.545011,0.481962,-0.732276
1.48E+09,-3.342775,-0.775845,0.878823,0.599965,0.587336,-0.029067
1.48E+09,-3.265265,-1.981482,1.650883,0.432514,0.677849,0.493256
1.48E+09,-2.915118,-3.100313,1.858792,0.224886,0.684708,0.384991
1.48E+09,-2.263952,-3.23806,1.356634,6.20E-04,0.759209,-0.065568
1.48E+09,-2.123112,-2.306034,0.484417,-0.09625,0.871435,-0.072632
1.48E+09,-2.405424,-0.832608,-0.512203,-0.020661,0.891438,-0.247544
1.48E+09,-2.942057,0.432452,-1.326236,0.098426,0.623226,-0.44284
1.48E+09,-3.490261,0.292966,-1.308493,0.24766,0.226011,-0.737488
1.48E+09,-3.789836,-0.783584,-1.152376,0.226372,-0.115617,-0.910631
1.48E+09,-3.876971,-1.483026,-1.128336,0.029992,-0.173566,-0.810405
1.48E+09,-3.626002,-1.440553,-1.14628,-0.199211,-0.256963,-0.616873
1.48E+09,-3.193552,-1.340799,-1.081624,-0.167496,-0.404282,-0.632225
1.48E+09,-2.763407,-1.375261,-0.795201,-0.150459,-0.594859,-0.702719
1.48E+09,-2.375686,-1.598535,-0.439975,-0.163303,-0.787972,-0.703495
1.48E+09,-1.986431,-1.58363,-0.17092,-0.112807,-0.945676,-0.676243
1.48E+09,-1.543247,-1.536789,0.016203,-0.019502,-1.004083,-0.715314
1.48E+09,-1.120818,-1.584372,0.094239,0.122232,-0.945132,-0.75838
1.48E+09,-0.84604,-1.667479,0.027248,0.197791,-0.868647,-0.819096
1.48E+09,-0.579391,-1.840247,-0.118067,0.172626,-0.846826,-0.879632
1.48E+09,-0.147235,-1.87717,-0.269417,0.076224,-0.843568,-0.864187
1.48E+09,0.385338,-1.697449,-0.37637,-0.00234,-0.885282,-0.775058
1.48E+09,0.915602,-1.396854,-0.447376,-0.071638,-0.932633,-0.678094
1.48E+09,1.427088,-1.114933,-0.517112,-0.163824,-0.908795,-0.558269
1.48E+09,1.94752,-0.848767,-0.61834,-0.246874,-0.85682,-0.39629
1.48E+09,2.560724,-0.513477,-0.784398,-0.302608,-0.773144,-0.170307
1.48E+09,3.029785,-0.158302,-0.918532,-0.230075,-0.491192,0.41807
1.48E+09,2.721236,-0.102013,-0.775536,-0.005305,-0.143979,0.992227
1.48E+09,1.67224,-0.712345,-0.568201,0.215081,0.535177,1.278853
1.48E+09,0.363056,-1.890341,-0.395512,0.474492,1.367508,1.220928
1.48E+09,-1.222509,-2.669763,-0.170992,0.371733,2.153937,1.40493
1.48E+09,-2.149609,-2.380869,-0.043305,0.131742,2.040365,1.004069
1.48E+09,-2.571357,-1.82989,0.016119,0.050909,1.102611,0.639268
1.48E+09,-2.484701,-1.473273,0.169562,0.144192,0.37331,0.319404
1.48E+09,-2.160424,-1.569267,0.199167,0.312095,-0.223897,0.142449
1.48E+09,-1.825706,-1.442578,0.080442,0.441894,-0.659472,0.346251
1.48E+09,-1.660994,-0.820598,-0.087119,0.412218,-0.838906,0.642402
1.48E+09,-1.242965,-0.386765,-0.054067,0.299063,-0.551712,0.847356
1.48E+09,-0.836068,-0.319092,0.567571,0.484227,0.525155,0.656779
1.48E+09,-1.233647,0.128415,1.033821,0.703401,1.748856,0.133698
1.48E+09,-2.063224,0.161185,0.517219,-0.642858,-0.152106,-1.443631
1.48E+09,-1.376057,-0.605848,0.020071,-0.646532,-0.14435,-1.458185
1.48E+09,1.355395,0.784561,-0.712104,0.407871,-1.541328,-1.366764
1.48E+09,0.184657,0.216219,-0.584502,0.39804,-1.535053,-1.376186
1.48E+09,1.890833,0.965587,-0.533274,0.506494,-1.381029,-0.829597
1.48E+09,2.533515,1.149211,-0.438791,0.044044,-0.786921,-0.730267
1.48E+09,3.030312,2.200193,-0.648046,-0.410132,-0.071527,-0.902674
1.48E+09,3.095418,3.095258,-0.714953,-0.363832,0.572898,-0.841664
1.48E+09,2.970568,2.952295,-0.56962,-0.189261,1.076484,-0.760009
1.48E+09,2.61818,1.992693,-0.388032,-0.033581,1.297337,-0.722387
1.48E+09,2.295683,0.920706,-0.348836,-0.146805,0.982883,-0.582633
1.48E+09,2.304318,0.402657,-0.209963,-0.257109,0.528009,-0.422079
1.48E+09,2.517167,0.633851,-0.051353,-0.248463,0.151391,-0.360503
1.48E+09,2.722347,0.878397,0.131449,-0.172407,-0.155231,-0.388898
1.48E+09,2.950629,0.808589,0.359137,0.136763,-0.453938,-0.329047
1.48E+09,3.171162,0.635008,0.71479,0.131387,-0.458496,-0.297037
1.48E+09,3.221024,0.612778,1.038442,0.136208,-0.375485,-0.190575
1.48E+09,3.019065,0.733792,1.077415,0.237503,-0.031654,-0.107812
1.48E+09,2.677494,0.89823,0.839135,0.228474,-0.032441,-0.079666
1.48E+09,2.462745,0.993748,0.505732,0.25489,0.060464,-0.039234
1.48E+09,2.431888,1.011058,0.192249,0.223573,0.013453,0.016731
1.48E+09,2.439783,0.841357,0.230795,0.140028,-0.137613,0.033153
1.48E+09,2.535207,0.78622,0.383957,0.058273,-0.230224,0.070535
1.48E+09,2.602685,1.025422,0.515803,-0.003257,-0.247375,0.170808
1.48E+09,2.6102,1.328678,0.634664,-0.042759,-0.199492,0.242671
1.48E+09,2.533989,1.528939,0.735658,-0.064369,-0.150207,0.240914
1.48E+09,2.319053,1.568568,0.868023,-0.079341,-0.085865,0.208954
1.48E+09,2.045858,1.485397,1.002845,-0.09465,-0.019187,0.197942
1.48E+09,1.844445,1.412211,1.031834,-0.206823,0.03992,0.1457
1.48E+09,1.753751,1.373957,0.957583,-0.273984,0.013405,0.115745
1.48E+09,1.70256,1.289446,0.824588,-0.320996,-0.03667,0.070484
1.48E+09,1.663902,1.08568,0.763694,-0.359081,-0.077556,0.015751
1.48E+09,1.703802,0.693308,0.541546,-0.370777,-0.019918,0.046801
1.48E+09,1.672119,0.862661,0.67314,-0.363087,-0.025847,0.031615
1.48E+09,1.690027,0.538726,0.531692,-0.298187,0.014729,0.102826
1.48E+09,1.663329,0.416225,0.52111,-0.226939,0.060273,0.162878
1.48E+09,1.677418,0.532686,0.505856,-0.146086,0.067349,0.234779
1.48E+09,1.796714,0.751052,0.506345,-0.044567,0.049214,0.272806
1.48E+09,1.851312,0.737894,0.638586,0.097882,-0.011986,0.318263
1.48E+09,1.654655,0.57347,0.784471,0.123749,-0.06189,0.297561
1.48E+09,1.343782,0.31166,0.812611,-0.086555,0.058584,0.199833
1.48E+09,1.096792,0.23306,0.718388,-0.332478,0.256838,0.242352
1.48E+09,0.927834,0.453738,0.533161,-0.553393,0.385931,0.354814
1.48E+09,0.81019,0.733681,0.395506,-0.651888,0.482519,0.247027
1.48E+09,0.771874,0.773449,0.345224,-0.478574,0.547293,0.159051
1.48E+09,0.831145,0.639327,0.307871,-0.219273,0.586003,0.218963
1.48E+09,0.87958,0.582063,0.240855,0.016969,0.563786,0.380476
1.48E+09,0.74395,0.644882,0.320009,0.017584,0.668826,0.374578
1.48E+09,0.469571,0.564686,0.540616,0.010635,0.672809,0.377474
1.48E+09,0.197587,0.336281,0.594509,-0.226308,0.948391,0.278667
1.48E+09,-0.19342,0.099743,0.356152,-0.402066,1.195463,0.318037
1.48E+09,-0.731902,-0.183937,0.030609,-0.487962,1.248577,0.430062
1.48E+09,-1.35026,-0.442864,-0.354148,-0.510563,1.21548,0.550136
1.48E+09,-1.928884,-0.367517,-0.90096,-0.451135,1.100654,0.713683
1.48E+09,-2.622718,0.066374,-1.081419,-0.248551,0.843464,0.782504
1.48E+09,-3.419024,0.408652,-1.031238,-0.049257,0.499929,0.592829
1.48E+09,-4.172963,0.131837,-0.86084,-0.015921,0.303953,0.284171
1.48E+09,-4.685061,-0.071606,-0.712719,0.109418,0.226909,0.412443
1.48E+09,-4.694998,0.196282,-0.664647,0.192758,0.427985,-0.067545
1.48E+09,-4.159208,0.576545,-0.793335,0.193646,0.537761,-0.893347
1.48E+09,-3.605618,0.939858,-0.952141,0.17321,0.411839,-1.038575
1.48E+09,-3.303506,1.354818,-0.817422,0.345962,0.39995,-0.710463
1.48E+09,-3.282809,1.265564,-0.047857,0.571412,0.565829,-0.249211
1.48E+09,-3.28414,-0.418146,0.89916,0.574041,0.807899,0.071253
1.48E+09,-2.877846,-2.585005,1.069155,0.339824,0.886755,-0.073165
1.48E+09,-2.705972,-4.517812,0.304615,0.089101,1.030737,-0.417824
1.48E+09,-3.594004,-3.535068,-0.716995,0.338758,0.881807,0.121657
1.48E+09,-4.488532,-0.276654,-1.622581,0.310398,0.782222,0.057407
1.48E+09,-4.777264,0.356472,-1.676684,0.265448,0.396943,-0.626456
1.48E+09,-4.611223,-0.089972,-1.411648,0.222383,-0.004339,-0.735641
1.48E+09,-4.131788,-0.688017,-1.129717,0.018515,-0.258921,-0.631145
1.48E+09,-3.657166,-1.048877,-0.967147,-0.150981,-0.280325,-0.629702
1.48E+09,-3.623625,-1.251188,-0.856546,-0.273273,-0.255112,-0.598956
1.48E+09,-3.468344,-1.077364,-0.681856,-0.27491,-0.365918,-0.58693
1.48E+09,-3.104911,-1.14285,-0.430213,-0.226492,-0.453477,-0.683323
1.48E+09,-2.722728,-1.187158,-0.183563,-0.165804,-0.605057,-0.725793
1.48E+09,-2.434669,-1.464224,-0.11831,-0.105655,-0.639367,-0.803779
1.48E+09,-2.214131,-1.538816,-0.06113,0.021514,-0.735298,-0.806795
1.48E+09,-2.013095,-1.683327,0.060725,0.087795,-0.712347,-0.830458
1.48E+09,-1.72562,-1.765621,0.052773,0.079841,-0.709054,-0.822821
1.48E+09,-1.306958,-1.703885,-0.075908,0.03403,-0.745477,-0.79741
1.48E+09,-0.867572,-1.691937,-0.151939,-0.010374,-0.808885,-0.815381
1.48E+09,-0.350036,-1.529381,-0.287028,-0.129022,-0.83425,-0.825502
1.48E+09,0.201938,-1.26279,-0.416016,-0.204394,-0.839334,-0.838929
1.48E+09,0.709442,-0.973825,-0.590177,-0.263297,-0.861107,-0.809854
1.48E+09,1.173554,-0.763764,-0.67778,-0.235694,-0.928039,-0.653873
1.48E+09,1.646501,-0.558265,-0.804426,-0.206542,-0.920351,-0.503116
1.48E+09,2.125658,-0.480156,-0.925151,-0.222897,-0.85832,-0.328555
1.48E+09,2.610868,-0.648391,-1.012197,-0.251843,-0.783327,-0.053721
1.48E+09,2.83789,-1.022187,-0.958457,-0.194782,-0.612394,0.381645
1.48E+09,2.511287,-1.328159,-0.691867,-0.07648,-0.21724,0.920806
1.48E+09,1.426873,-1.790466,-0.465465,-0.087217,0.521797,1.347488
1.48E+09,-0.664604,-2.639675,-0.245845,0.234292,2.835034,1.678743
1.48E+09,-1.918038,-2.668975,0.27742,0.544331,2.525509,0.983813
1.48E+09,-2.373581,-1.937314,-0.140104,0.471477,1.219299,0.679241
1.48E+09,-2.407809,-2.432886,0.234477,0.477945,1.21121,0.697079
1.48E+09,-1.830876,-1.312823,-0.043469,0.401337,0.292125,0.525433
1.48E+09,-1.436991,-1.376695,0.331232,0.541171,-0.369559,0.353404
1.48E+09,-1.303946,-1.419355,0.35227,0.794442,-0.798304,0.276115
1.48E+09,-1.362504,-0.801843,0.407229,0.972395,-0.933511,0.294868
1.48E+09,-0.962617,-0.564328,0.682491,0.911484,-0.370823,0.06973
1.48E+09,-0.156971,-0.920272,0.938062,0.715829,0.448966,0.128254
1.48E+09,-0.482788,-1.302363,1.285669,0.252734,1.515672,0.619753
1.48E+09,-1.433835,-0.112474,0.875331,-0.040686,2.555021,0.291632
1.48E+09,-1.569868,-0.375444,0.289109,0.030269,1.852288,-0.173786
1.48E+09,-0.060175,-0.612641,-0.271337,-1.035424,-0.030019,-1.109949
1.48E+09,1.371981,1.292293,-0.914442,0.007296,-1.741768,-1.277857
1.48E+09,2.159376,2.059156,-1.099988,0.423314,-1.702785,-0.496259
1.48E+09,2.669465,1.534827,-1.031035,-0.178572,-1.036831,-0.688535
1.48E+09,3.566325,1.097355,-1.159104,-0.843002,-0.120341,-1.028709
1.48E+09,4.153253,2.212374,-1.564371,-0.735091,0.819441,-1.183821
1.48E+09,4.151821,3.237163,-1.371967,-0.106453,1.589049,-1.106683
1.48E+09,3.487667,2.862356,-0.81106,0.120309,1.622587,-0.744044
1.48E+09,2.640592,1.272314,-0.705888,-0.171758,1.019035,-0.437276
1.48E+09,2.404754,-0.169797,-0.708251,-0.214961,0.290044,-0.388407
1.48E+09,2.559789,-0.242459,-0.487704,-0.034195,-0.272526,-0.431721
1.48E+09,2.760659,0.229016,-0.08926,0.196452,-0.6048,-0.399728
1.48E+09,2.977644,0.597741,0.333227,0.304859,-0.725419,-0.388331
1.48E+09,3.187613,0.471315,0.662176,0.288477,-0.67093,-0.371576
1.48E+09,3.367576,0.416107,0.738067,0.191424,-0.49105,-0.320046
1.48E+09,3.541312,0.611867,0.672269,0.145817,-0.30871,-0.212636
1.48E+09,3.487006,0.990019,0.373206,0.148319,0.039306,-0.058165
1.48E+09,3.223842,1.268459,0.017621,0.117075,0.079347,-0.020955
1.48E+09,2.92436,1.259312,-0.137402,0.016048,0.023655,-0.040261
1.48E+09,2.738129,0.924006,0.042179,-0.104053,-0.037459,0.037482
1.48E+09,2.726721,0.9533,0.225487,-0.179283,-0.020088,0.172117
1.48E+09,2.799861,1.266631,0.369655,-0.242083,-0.006911,0.272347
1.48E+09,2.809345,1.628238,0.46303,-0.270974,-0.024061,0.27395
1.48E+09,2.696362,1.838509,0.524078,-0.226687,-0.070758,0.187308
1.48E+09,2.494272,1.850048,0.623988,-0.198137,-0.108479,0.115147
1.48E+09,2.25564,1.857296,0.766369,-0.225248,-0.140494,0.074064
1.48E+09,2.041444,1.936416,0.763167,-0.300313,-0.111603,0.048207
1.48E+09,1.93732,1.839182,0.634528,-0.308252,-0.075655,-0.053966
1.48E+09,1.936531,1.216529,0.560402,-0.221629,-0.04745,-0.208604
1.48E+09,1.954858,0.156158,0.492714,-0.13665,-0.015088,-0.261913
1.48E+09,1.948329,-0.675213,0.381556,-0.055826,0.035635,0.228445
1.48E+09,1.928852,-0.763912,0.327581,-0.064313,0.105768,0.471729
1.48E+09,1.944921,-0.307331,0.309068,-0.072805,0.212849,0.650938
1.48E+09,1.835561,0.334961,0.322402,-0.019115,0.269617,0.701508
1.48E+09,1.558991,0.89664,0.389874,0.045576,0.325318,0.571475
1.48E+09,1.303464,1.215493,0.378349,0.178917,0.254505,0.4497
1.48E+09,1.160331,1.543315,0.409996,0.197955,0.169018,0.403219
1.48E+09,1.036421,1.558516,0.425121,-0.059512,0.139621,0.357564
1.48E+09,0.90536,1.24132,0.404054,-0.395021,0.296349,0.298742
1.48E+09,0.78203,1.040817,0.33575,-0.697511,0.552744,0.195242
1.48E+09,0.748306,0.982268,0.216059,-0.814456,0.693638,0.135151
1.48E+09,0.840793,0.923966,0.011108,-0.685583,0.660007,0.179668
1.48E+09,0.951765,0.910683,-0.239715,-0.303145,0.561796,0.29177
1.48E+09,0.962147,0.886829,-0.190105,0.063455,0.483559,0.365651
1.48E+09,0.707316,0.753949,0.132243,0.03946,0.838323,0.186065
1.48E+09,0.388481,0.546969,0.251327,-0.079494,1.096865,0.275184
1.48E+09,-0.032053,0.370384,0.067948,-0.168888,1.166199,0.439933
1.48E+09,-0.561683,0.235758,-0.182717,-0.304582,1.150202,0.525602
1.48E+09,-1.204547,-0.07945,-0.364512,-0.357049,1.052591,0.722396
1.48E+09,-2.518211,0.273869,-0.817474,-0.38773,0.873393,0.814548
1.48E+09,-1.841025,-0.134198,-0.631558,-0.394006,0.886188,0.835833
1.48E+09,-3.239735,0.732561,-0.733837,-0.294829,0.579199,0.69599
1.48E+09,-3.927221,0.644501,-0.608592,-0.135653,0.292909,0.342028
1.48E+09,-4.376277,0.580777,-0.558809,-0.024426,0.238883,0.331141
1.48E+09,-4.397878,0.738694,-0.529899,0.06351,0.351936,0.158381
1.48E+09,-3.870202,0.885948,-0.749208,0.109758,0.650056,-0.555759
1.48E+09,-3.178059,0.997567,-1.024411,0.125744,0.707148,-1.117029
1.48E+09,-2.757022,1.223338,-1.09941,0.235264,0.61427,-1.003356
1.48E+09,-2.702971,1.568911,-0.833417,0.477192,0.614602,-0.653378
1.48E+09,-3.243021,1.018104,-0.283691,0.596001,0.714677,-0.13859
1.48E+09,-3.447856,-0.874345,0.050685,0.519229,0.716707,-0.047993
1.48E+09,-3.288061,-3.253369,-0.4563,0.290163,0.762864,-0.532097
1.48E+09,-4.046009,-4.319538,-1.121342,0.352432,0.74606,-0.401813
1.48E+09,-4.967521,-2.073921,-1.611623,0.370678,0.573956,0.126697
1.48E+09,-4.990973,-0.175721,-1.619475,0.134496,0.37861,-0.139918
1.48E+09,-4.46846,0.194621,-1.316476,0.043559,0.037281,-0.485334
1.48E+09,-3.884852,-0.320472,-0.971893,-0.141003,-0.377859,-0.543485
1.48E+09,-3.360544,-1.136819,-0.727328,-0.207472,-0.278977,-0.573017
1.48E+09,-3.273626,-1.099834,-0.651884,-0.220581,-0.21992,-0.580781
1.48E+09,-3.36157,-1.01258,-0.649721,-0.206434,-0.221758,-0.668504
1.48E+09,-3.158952,-1.069453,-0.653195,-0.182921,-0.320381,-0.688682
1.48E+09,-2.761291,-1.184428,-0.666363,-0.163585,-0.423709,-0.701239
1.48E+09,-2.387346,-1.324675,-0.632841,-0.11852,-0.54571,-0.7151
1.48E+09,-2.126754,-1.486358,-0.485308,-0.060653,-0.659068,-0.734784
1.48E+09,-1.999409,-1.574961,-0.300459,-0.028862,-0.693953,-0.776411
1.48E+09,-1.867338,-1.632313,-0.151636,-0.005156,-0.663676,-0.824415
1.48E+09,-1.508938,-1.591959,-0.134879,-0.010937,-0.689252,-0.83781
1.48E+09,-1.220301,-1.518695,-0.111099,-0.021368,-0.727847,-0.791848
1.48E+09,-0.770274,-1.569534,-0.212898,-0.061653,-0.78461,-0.838964
1.48E+09,0.418978,-1.254499,-0.497849,-0.239069,-0.824179,-0.734201
1.48E+09,-0.190739,-1.422432,-0.377492,-0.237478,-0.821612,-0.740379
1.48E+09,0.97597,-1.116936,-0.574303,-0.231858,-0.844203,-0.653212
1.48E+09,1.480349,-0.889342,-0.659168,-0.218843,-0.906101,-0.529988
1.48E+09,1.906349,-0.657139,-0.75996,-0.21409,-0.894033,-0.414478
1.48E+09,2.365915,-0.646038,-0.867573,-0.218522,-0.80942,-0.234745
1.48E+09,2.806817,-0.806906,-0.979911,-0.214193,-0.711671,0.04862
1.48E+09,2.78028,-1.069044,-0.856903,-0.07214,-0.521073,0.565653
1.48E+09,2.215475,-1.284356,-0.51311,0.127109,-0.108195,1.065658
1.48E+09,1.040649,-2.360918,-0.24821,0.234215,0.706711,1.034665
1.48E+09,-1.596843,-3.015508,0.112323,0.385815,2.149484,1.973803
1.48E+09,-2.773479,-2.63624,0.34281,0.769824,3.349017,1.858526
1.48E+09,-3.172292,-2.030474,-0.063185,0.718135,2.577125,1.079436
1.48E+09,-2.181767,-0.786905,-0.028178,0.225222,0.120571,0.289488
1.48E+09,-2.83525,-1.192029,-0.260121,0.226998,0.112741,0.309323
1.48E+09,-1.642947,-0.967765,0.245114,0.554097,-1.201379,0.242572
1.48E+09,-1.503364,-0.459785,0.37837,0.664712,-1.261318,0.326503
1.48E+09,-1.336668,0.120267,0.489951,0.597344,-0.879026,0.126642
1.48E+09,-0.545462,-0.460513,0.70741,0.717914,-0.171107,-0.004744
1.48E+09,-0.111171,-1.753928,1.292323,0.880061,0.735954,0.397992
1.48E+09,-1.27594,-1.667824,1.83209,0.643172,2.125539,0.877755
1.48E+09,-2.386408,0.219314,1.189373,0.358267,2.770592,-0.214122
1.48E+09,-1.094772,-0.677853,0.280022,-0.36914,0.946889,-0.947748
1.48E+09,0.99461,0.169775,-0.630096,-1.114787,-0.818521,-1.761717
1.48E+09,1.955662,1.660507,-1.179799,-0.575103,-1.495768,-1.664561
1.48E+09,2.548016,2.214096,-1.290974,0.172312,-1.534616,-0.827027
1.48E+09,3.341779,1.766816,-1.052602,0.094086,-1.199678,-0.542472
1.48E+09,3.90561,2.121157,-1.166957,-0.396256,-0.496398,-0.875209
1.48E+09,3.982291,2.978863,-1.340994,-0.480925,0.984613,-1.133048
1.48E+09,3.632822,2.705028,-0.942819,-0.461855,0.970292,-1.104252
1.48E+09,2.800145,1.932004,-0.646216,-0.156981,0.687001,-0.363405
1.48E+09,2.289659,0.845852,-0.528549,-0.077629,0.145792,-0.204492
1.48E+09,2.210189,0.165683,-0.292547,-0.073388,0.139863,-0.183108
1.48E+09,2.424922,0.345128,-0.009166,0.111089,-0.297875,-0.16436
1.48E+09,2.809733,0.703151,0.190258,0.203319,-0.489624,-0.268776
1.48E+09,3.164489,0.736717,0.275759,0.241322,-0.550758,-0.21736
1.48E+09,3.409801,0.707348,0.267531,0.162974,-0.527274,-0.196157
1.48E+09,3.592562,0.750573,0.258402,0.102054,-0.417616,-0.167467
1.48E+09,3.533987,0.920983,0.100147,0.072858,-0.20118,-0.123436
1.48E+09,3.254409,0.922108,-0.231371,-0.012647,-0.037607,-0.105881
1.48E+09,2.828341,0.533138,-0.310676,-0.073792,0.074379,-0.134038
1.48E+09,2.415516,0.107661,-0.1586,-0.156503,0.090925,-0.145931
1.48E+09,2.30343,0.512463,0.004652,-0.182806,0.02668,0.072901
1.48E+09,2.34581,1.026469,0.233293,-0.175228,-0.075619,0.281622
1.48E+09,2.489865,1.17602,0.345681,-0.018699,-0.146551,0.325842
1.48E+09,2.599518,1.214313,0.42879,0.040772,-0.146997,0.342153
1.48E+09,2.66162,1.205179,0.529184,0.0654,-0.097125,0.367617
1.48E+09,2.74659,1.309471,0.540914,-0.013202,-0.022198,0.336792
1.48E+09,2.759911,1.370321,0.520456,-0.130193,-0.031926,0.323949
1.48E+09,2.576708,1.67002,0.631718,-0.199233,-0.123061,0.292568
1.48E+09,2.30891,1.958513,0.691664,-0.26162,-0.117808,0.163896
1.48E+09,2.052487,1.955877,0.674515,-0.287466,-0.064413,-0.012816
1.48E+09,1.765558,1.418549,0.689255,-0.244415,0.025782,-0.17722
1.48E+09,1.494797,0.615095,0.59834,-0.188712,0.200188,-0.121917
1.48E+09,1.423872,0.060365,0.485261,-0.145602,0.235369,0.071983
1.48E+09,1.555188,0.053324,0.387933,-0.166389,0.128156,0.273284
1.48E+09,1.736899,0.342071,0.29983,-0.195509,0.066105,0.370834
1.48E+09,1.891626,0.701158,0.356098,-0.151436,0.098943,0.431397
1.48E+09,1.839216,0.785213,0.469209,-0.124617,0.130821,0.341462
1.48E+09,1.610471,0.803247,0.513434,-0.103431,0.115191,0.192489
1.48E+09,1.403361,0.940332,0.533886,-0.111848,0.123015,0.202223
1.48E+09,1.241327,0.83916,0.536934,-0.146549,0.156221,0.18796
1.48E+09,1.071159,0.650686,0.47511,-0.25353,0.267068,0.256216
1.48E+09,0.981163,0.658013,0.276228,-0.363315,0.500862,0.281313
1.48E+09,0.95818,0.798076,0.076072,-0.395078,0.682206,0.298139
1.48E+09,0.965953,0.901695,-0.033493,-0.357952,0.660465,0.320981
1.48E+09,1.001962,0.966483,-0.064728,-0.26145,0.580468,0.351466
1.48E+09,0.991904,0.954481,-0.114955,-0.152991,0.501211,0.423017
1.48E+09,0.783867,0.935646,0.062648,-0.037456,0.494762,0.495098
1.48E+09,0.431452,0.813592,0.205569,-0.019348,0.665424,0.410724
1.48E+09,-0.072164,0.482098,0.147477,-0.131955,0.910686,0.329449
1.48E+09,-0.659343,0.008134,-0.086025,-0.301557,1.113321,0.391276
1.48E+09,-1.212569,-0.324889,-0.436703,-0.45005,1.190547,0.534496
1.48E+09,-1.882163,-0.216164,-0.754818,-0.237466,0.680731,0.732917
1.48E+09,-2.558485,0.227101,-1.007544,-0.063572,0.372098,0.591705
1.48E+09,-3.255617,0.502885,-0.920468,-0.056783,0.356178,0.562501
1.48E+09,-3.938073,0.440609,-0.623882,0.09742,0.174607,0.470735
1.48E+09,-4.391364,0.447266,-0.418362,0.174475,0.146957,0.403684
1.48E+09,-4.358121,0.560171,-0.292237,0.206235,0.271663,0.1456
1.48E+09,-3.866425,0.651752,-0.38848,0.183932,0.551485,-0.499526
1.48E+09,-3.285891,0.970604,-0.535109,0.15983,0.621906,-0.987629
1.48E+09,-2.889184,1.511656,-0.619461,0.247885,0.58221,-0.879154
1.48E+09,-2.862923,1.977039,-0.50184,0.490945,0.598852,-0.51328
1.48E+09,-3.209018,1.17949,-0.175722,0.693613,0.700162,-0.037359
1.48E+09,-3.258879,-0.717636,-0.200834,0.687675,0.750899,0.08458
1.48E+09,-3.174728,-3.006016,-0.950826,0.45671,0.791418,-0.372225
1.48E+09,-3.963007,-4.304048,-1.273889,0.342599,0.82065,-0.576105
1.48E+09,-4.717421,-1.77448,-1.442768,0.096658,0.415258,0.041181
1.48E+09,-4.737417,0.32154,-1.296924,0.039222,0.050225,-0.372492
1.48E+09,-4.293116,0.41706,-0.870222,0.022542,-0.215961,-0.524403
1.48E+09,-3.732387,-0.218369,-0.496956,-0.155522,-0.263139,-0.501577
1.48E+09,-3.305116,-0.516138,-0.370474,-0.152696,-0.257085,-0.533524
1.48E+09,-3.21644,-0.406628,-0.388213,-0.192181,-0.161085,-0.543075
1.48E+09,-3.207333,-0.303459,-0.443787,-0.184313,-0.128961,-0.619329
1.48E+09,-3.050467,-0.478756,-0.514603,-0.152855,-0.208068,-0.681479
1.48E+09,-2.836011,-0.877498,-0.590628,-0.157548,-0.267897,-0.757342
1.48E+09,-2.593805,-1.118603,-0.569571,-0.125303,-0.380813,-0.766329
1.48E+09,-2.42168,-1.274676,-0.417277,-0.084445,-0.511741,-0.79556
1.48E+09,-2.316385,-1.438887,-0.22779,-0.042824,-0.599674,-0.83746
1.48E+09,-2.182942,-1.513235,-0.115454,-0.015432,-0.670758,-0.874365
1.48E+09,-1.778218,-1.436167,-0.166103,0.020049,-0.694279,-0.882269
1.48E+09,-1.510973,-1.513789,-0.156029,-0.024054,-0.788644,-0.850135
1.48E+09,-1.030936,-1.676619,-0.300883,-0.222848,-0.771229,-0.802447
1.48E+09,-0.380208,-1.587944,-0.524786,-0.322379,-0.796976,-0.754587
1.48E+09,0.292307,-1.38238,-0.663268,-0.379531,-0.850259,-0.702245
1.48E+09,0.839448,-1.132385,-0.734403,-0.38635,-0.894051,-0.631166
1.48E+09,1.342667,-0.911294,-0.782382,-0.354904,-0.900975,-0.508644
1.48E+09,1.834244,-0.803801,-0.859272,-0.338632,-0.865841,-0.350636
1.48E+09,2.310564,-0.823866,-0.925644,-0.325461,-0.783341,-0.13196
1.48E+09,2.555151,-1.051206,-0.921955,-0.270209,-0.65467,0.215125
1.48E+09,2.204882,-1.267455,-0.752884,-0.155825,-0.438546,0.806403
1.48E+09,1.529909,-1.614397,-0.569125,-0.010011,-0.031488,1.295074
1.48E+09,0.035867,-3.013102,-0.313207,0.041285,0.762588,1.313566
1.48E+09,-1.320177,-2.994521,0.324282,0.363214,1.955514,1.861691
1.48E+09,-1.831226,-2.081997,0.268386,0.89544,2.47421,1.481829
1.48E+09,-2.102503,-1.179407,-0.050021,0.893633,1.838658,1.066046
1.48E+09,-2.127936,-0.579837,0.102609,0.663587,0.08578,0.317801
1.48E+09,-2.046846,-0.852347,0.358576,0.653796,-0.472071,-0.024752
1.48E+09,-2.014236,-1.090584,0.475902,0.61151,-0.843969,0.050743
1.48E+09,-2.111934,-0.610841,0.562057,0.51239,-1.01831,0.195512
1.48E+09,-1.585602,-0.282571,0.578831,0.241094,-0.96315,0.128522
1.48E+09,-0.300696,-0.844087,0.771204,0.2631,-0.655427,0.087232
1.48E+09,0.236219,-1.935292,1.073175,0.484946,0.225541,0.602163
1.48E+09,-0.612699,-1.079059,1.144582,0.295211,1.522524,0.793601
1.48E+09,-1.556539,0.561664,0.658057,0.342724,2.689962,0.060072
1.48E+09,-1.039381,-0.2784,0.04808,0.409927,2.169874,-0.514665
1.48E+09,0.243819,0.476715,-0.733525,-0.816464,0.35731,-1.272945
1.48E+09,1.427771,1.2161,-1.188835,-0.774875,-1.017837,-1.884083
1.48E+09,2.177527,1.142533,-1.168184,0.111499,-1.582596,-1.283913
1.48E+09,2.786827,0.97423,-1.013051,0.352536,-1.652545,-0.432024
1.48E+09,3.456666,1.62214,-1.108755,-0.796704,-0.144246,-0.776995
1.48E+09,3.684965,2.633028,-1.155638,-0.588173,0.593443,-0.95625
1.48E+09,3.616468,2.854578,-0.788752,-0.059912,1.063985,-0.920966
1.48E+09,3.19747,2.431631,-0.501897,0.123853,1.169146,-0.652177
1.48E+09,2.748752,1.348984,-0.461891,-0.09051,0.906966,-0.42243
1.48E+09,2.694799,-0.065228,-0.270773,-0.181109,0.10546,-0.371719
1.48E+09,2.652374,0.272407,-0.450015,-0.184265,0.112011,-0.398442
1.48E+09,2.883614,0.4607,-0.031634,0.017821,-0.21166,-0.312214
1.48E+09,3.133991,1.018245,0.168613,0.152711,-0.393132,-0.243569
1.48E+09,3.36266,0.881901,0.222047,0.178518,-0.427415,-0.245382
1.48E+09,3.478413,0.635134,0.091747,0.130304,-0.359838,-0.227092
1.48E+09,3.35433,0.639816,-0.111262,0.055654,-0.231501,-0.162771
1.48E+09,2.985309,0.914867,-0.28803,0.015807,-0.142233,-0.07584
1.48E+09,2.544261,0.942747,-0.243356,-0.043368,-0.104824,-0.052054
1.48E+09,2.236763,0.752339,-0.028726,-0.103838,-0.08382,-0.010962
1.48E+09,2.165406,0.830462,0.041286,-0.103595,-0.063279,0.01218
1.48E+09,2.192086,0.823802,0.116597,-0.067835,-0.048306,0.106792
1.48E+09,2.34348,0.853818,0.184505,-0.054766,-0.13115,0.215468
1.48E+09,2.471827,1.059236,0.260156,-0.026015,-0.167309,0.27673
1.48E+09,2.616917,1.360509,0.273109,-0.033253,-0.151302,0.273385
1.48E+09,2.749831,1.623825,0.378511,-0.098306,-0.121126,0.212129
1.48E+09,2.715209,1.97984,0.516723,-0.106719,-0.114587,0.233846
1.48E+09,2.533189,2.277737,0.549539,-0.234851,-0.062539,0.164992
1.48E+09,2.210015,2.269946,0.655386,-0.328856,-0.141034,-0.008221
1.48E+09,1.893612,1.775931,0.645667,-0.426757,-0.077258,-0.247031
1.48E+09,1.532772,0.884816,0.619933,-0.379528,0.029606,-0.343118
1.48E+09,1.406696,0.012547,0.580099,-0.215078,0.167764,-0.235606
1.48E+09,1.569319,-0.386209,0.468986,-0.118136,0.202704,0.029164
1.48E+09,1.825192,-0.201823,0.344469,-0.189415,0.121004,0.336022
1.48E+09,1.991298,0.274903,0.244383,-0.246257,0.100179,0.535708
1.48E+09,2.019765,0.607282,0.152105,-0.14457,0.093649,0.499786
1.48E+09,1.934405,0.829274,0.163069,0.010424,0.0279,0.445147
1.48E+09,1.793545,0.774416,0.261304,0.160288,-0.082605,0.384254
1.48E+09,1.656246,0.767618,0.52803,0.242177,-0.12448,0.354129
1.48E+09,1.520974,0.79668,0.650685,0.147785,0.037282,0.375065
1.48E+09,1.34239,0.989737,0.653433,-0.004472,0.16142,0.434057
1.48E+09,1.119351,1.068814,0.648878,-0.192605,0.167008,0.471048
1.48E+09,0.945156,1.047227,0.591537,-0.39794,0.195124,0.454941
1.48E+09,0.71585,0.960584,0.437609,-0.575397,0.328954,0.333066
1.48E+09,0.480813,0.80375,0.24431,-0.64201,0.470382,0.181727
1.48E+09,0.353085,0.644432,-0.017306,-0.583764,0.581872,0.150871
1.48E+09,0.336327,0.646526,-0.276365,-0.40188,0.587981,0.297408
1.48E+09,0.354652,0.840496,-0.387302,-0.173411,0.503318,0.523067
1.48E+09,0.279878,0.881254,-0.288501,-0.027317,0.463797,0.669278
1.48E+09,0.024021,0.992576,-0.035292,-0.065644,0.716912,0.601438
1.48E+09,-0.505078,1.267959,0.072613,-0.184985,0.978681,0.415513
1.48E+09,-1.233108,1.040708,0.103959,-0.358474,1.130373,0.185586
1.48E+09,-1.919105,0.620447,0.030016,-0.376102,1.234327,0.126229
1.48E+09,-3.08547,0.242874,-0.023375,-0.366076,1.082178,0.313318
1.48E+09,-4.155954,-0.524704,0.045263,-0.350959,0.783264,0.303628
1.48E+09,-4.219697,-0.637747,-0.232154,-0.267302,0.572629,0.076023
1.48E+09,-3.67702,0.2863,-1.044472,-0.070654,0.576817,-0.258643
1.48E+09,-3.316502,0.875553,-1.442906,0.442403,0.580663,-0.587073
1.48E+09,-3.062525,0.613273,-1.249618,0.953637,0.448531,-0.926254
1.48E+09,-2.803958,-0.411185,-0.860655,1.077391,0.462751,-1.119565
1.48E+09,-2.796416,-0.791754,-0.601473,0.895788,0.58179,-0.854445
1.48E+09,-2.821142,-0.579902,-0.664276,0.525728,0.742402,-0.565493
1.48E+09,-2.720037,-0.056715,-0.893636,0.173031,0.875995,-0.411899
1.48E+09,-2.499042,0.477199,-1.136164,-0.051118,0.877563,-0.370558
1.48E+09,-2.387461,0.548504,-1.298875,0.076184,0.717477,-0.545919
1.48E+09,-2.491677,-0.074574,-1.250615,0.253639,0.582647,-0.749453
1.48E+09,-2.9047,-0.908718,-1.177495,0.361015,0.332013,-0.845301
1.48E+09,-3.358437,-1.303298,-1.198234,0.327185,0.096334,-0.923565
1.48E+09,-3.395111,-1.714363,-1.16607,0.215003,-0.089289,-0.918423
1.48E+09,-3.087137,-1.8169,-1.105925,0.102164,-0.258283,-0.756252
1.48E+09,-2.678822,-1.846845,-1.076223,0.001186,-0.358717,-0.700239
1.48E+09,-2.370904,-1.804742,-1.009939,-0.02644,-0.417502,-0.669017
1.48E+09,-2.200503,-1.776162,-0.904939,-0.015124,-0.442571,-0.684431
1.48E+09,-2.064873,-1.821519,-0.855611,-0.004683,-0.475502,-0.720364
1.48E+09,-1.857309,-1.849729,-0.735625,0.007965,-0.550463,-0.715371
1.48E+09,-1.424199,-1.81596,-0.618335,0.035537,-0.675025,-0.68748
1.48E+09,-0.787416,-1.815579,-0.502447,0.07903,-0.815511,-0.634192
1.48E+09,-0.027828,-1.844241,-0.374484,0.265842,-1.107837,-0.52782
1.48E+09,0.613854,-1.818388,-0.196406,0.259339,-1.150234,-0.474601
1.48E+09,1.085026,-1.657364,-0.037789,0.194998,-1.063768,-0.427945
1.48E+09,1.49125,-1.308132,0.046805,0.114895,-0.865357,-0.405433
1.48E+09,1.769101,-0.870667,0.135416,0.065312,-0.69002,-0.431335
1.48E+09,1.92207,-0.587599,0.25917,0.040197,-0.611261,-0.424099
1.48E+09,1.999967,-0.381804,0.400316,0.018231,-0.553936,-0.399348
1.48E+09,2.070996,-0.254011,0.547585,0.018004,-0.501624,-0.356189
1.48E+09,2.195361,-0.156856,0.69982,0.138014,-0.303012,-0.37234
1.48E+09,2.48091,-0.151034,0.799508,0.130152,-0.302163,-0.34778
1.48E+09,2.797778,-0.25865,0.881939,0.278063,-0.163357,-0.327658
1.48E+09,2.868507,-0.540034,0.864407,0.400657,3.54E-04,-0.194377
1.48E+09,2.448037,-0.721691,0.695832,0.412035,0.24871,0.020718
1.48E+09,1.487956,-0.628879,0.297752,0.335637,0.718765,0.327656
1.48E+09,0.64541,-0.144449,-0.261002,0.079264,1.81859,0.626161
1.48E+09,0.244195,1.034654,-0.466987,0.222768,1.519619,0.710174
1.48E+09,0.353349,2.276806,-0.15775,0.338274,0.907263,0.639483
1.48E+09,0.886986,2.811847,0.126686,0.215223,0.228513,0.438796
1.48E+09,1.621993,3.080309,-0.092902,-0.181944,-0.479193,0.047737
1.48E+09,1.921941,2.608953,-0.003349,-0.549652,-0.86478,-0.606828
1.48E+09,1.739887,0.055978,0.656478,-0.664376,-0.780245,-1.412637
1.48E+09,1.007397,-2.435721,0.990898,-0.407645,-0.200735,-0.591429
1.48E+09,0.241583,-2.299357,0.699136,-0.255879,0.024204,-0.378806
1.48E+09,0.065256,-1.552484,0.436239,-0.163406,0.211727,-0.39441
1.48E+09,0.2169,-1.444867,0.248964,-0.127929,0.298292,-0.121152
1.48E+09,0.190557,-1.360003,-0.006725,-0.009118,0.194824,0.216413
1.48E+09,0.171057,-0.745108,-0.052953,0.117029,0.007389,0.271329
1.48E+09,0.433649,-0.171973,-0.078461,0.286965,-0.164279,0.159916
1.48E+09,0.895315,-0.108029,-0.145236,0.531655,-0.263803,0.054183
1.48E+09,1.13958,0.006776,0.052585,0.621052,-0.326401,-0.087021
1.48E+09,0.877224,-7.19E-04,0.312611,0.460077,-0.238607,-0.230365
1.48E+09,0.559502,-0.197402,0.384932,0.237572,-0.058991,-0.310937
1.48E+09,0.477436,-0.342545,0.380065,0.085264,0.073793,-0.203088
1.48E+09,0.444432,-0.184466,0.381826,0.008431,0.115644,-0.056731
1.48E+09,0.477258,0.090691,0.332276,-0.05022,0.125657,-0.02651
1.48E+09,0.536288,0.258605,0.260386,-0.043921,0.096779,-0.146387
1.48E+09,0.598091,0.26189,0.208485,-0.054713,0.051984,-0.211596
1.48E+09,0.63418,0.037331,0.17355,-0.091453,0.028321,-0.212636
1.48E+09,0.612734,-0.247143,0.163325,-0.176914,0.037604,-0.175499
1.48E+09,0.534023,-0.484967,0.152713,-0.278391,0.0986,-0.124211
1.48E+09,0.45941,-0.62226,0.102442,-0.31374,0.173506,-0.068967
1.48E+09,0.375899,-0.617161,0.02511,-0.297105,0.209915,0.006272
1.48E+09,0.2784,-0.456646,-0.014574,-0.208841,0.183337,0.076176
1.48E+09,0.206306,-0.309711,-0.038945,-0.104151,0.121529,0.138669
1.48E+09,0.181536,-0.228018,-0.065211,-0.061405,0.034054,0.176413
1.48E+09,0.215036,-0.147052,0.035701,0.050612,0.100592,0.161024
1.48E+09,0.19475,-0.132715,0.080545,0.062635,0.188782,0.061741
1.48E+09,0.108602,-0.244549,0.082416,-0.006036,0.160123,-5.67E-04
1.48E+09,0.018339,-0.322857,0.065264,-0.07439,0.100035,-0.059659
1.48E+09,-0.018418,-0.314105,0.027792,-0.107096,0.052538,-0.120763
1.48E+09,0.025665,-0.299055,0.034307,0.023481,0.122463,-0.087201
1.48E+09,0.04625,-0.340944,0.030405,0.046795,0.067679,-0.036944
1.48E+09,0.022145,-0.190171,0.025059,-7.08E-04,-0.073197,-0.009741
1.48E+09,0.024215,-0.142951,-2.37E-04,-0.005262,-0.131927,0.033045
1.48E+09,0.052868,-0.102933,-0.032387,0.008098,-0.09244,0.013337
1.48E+09,0.098369,-0.104016,-0.018221,-4.11E-04,-0.017011,-0.041932
1.48E+09,0.112783,-0.163185,-0.030505,-0.024427,0.027495,-0.073021
1.48E+09,0.109344,-0.200404,-0.018888,-0.068621,0.044501,-0.11808
1.48E+09,0.098343,-0.238946,-0.002453,-0.087193,0.036292,-0.108612
1.48E+09,0.079291,-0.226732,0.001972,-0.080173,0.008791,-0.065892
1.48E+09,0.086243,-0.156264,0.009468,-0.016716,0.0218,-0.013347
1.48E+09,0.085156,-0.179531,-0.018364,0.014486,0.009593,0.015498
1.48E+09,0.063358,-0.136807,0.032112,0.096204,0.117485,0.033303
1.48E+09,0.032443,-0.209984,0.035354,0.079653,0.113554,0.048199
1.48E+09,0.057876,-0.234217,-0.00557,0.036125,0.004374,0.110973
1.48E+09,0.065761,-0.124342,0.022124,0.053732,0.034706,0.027923
1.48E+09,0.064119,-0.082309,0.022617,0.055493,0.032546,0.033953
1.48E+09,0.071524,-0.061344,0.034635,0.017655,0.033028,0.031056
1.48E+09,0.090269,-0.040134,0.025962,-0.020911,0.045345,0.025527
1.48E+09,0.060692,0.021315,0.050253,-0.010337,0.163914,-0.024591
1.48E+09,-0.002544,-0.117137,-0.00106,-0.060919,0.061746,0.025919
1.48E+09,-0.027391,-0.164222,-0.007983,-0.027786,0.096092,0.050924
1.48E+09,-0.041513,-0.140712,-0.019622,-0.049923,0.020309,0.022361
1.48E+09,0.035192,-0.100753,-0.010604,-0.033786,0.019193,0.048332
1.48E+09,0.094709,0.020923,-0.025289,-0.011719,0.030938,0.027641
1.48E+09,0.114315,0.088992,-0.01757,0.014675,0.033159,0.013967
1.48E+09,0.111797,0.087761,-0.020039,0.029087,0.043252,0.011776
1.48E+09,0.091654,0.080221,-0.020202,0.040155,0.037325,0.031798
1.48E+09,0.061443,0.06889,-0.017994,0.043824,0.032251,0.047431
1.48E+09,0.051242,0.07993,-0.014649,0.016306,0.056256,0.062334
1.48E+09,0.058738,0.087499,-0.026933,-0.020604,0.038327,0.06341
1.48E+09,0.08141,0.09137,-0.029177,-0.04715,-0.003553,0.036113
1.48E+09,0.100367,0.090256,-0.030111,-0.00394,0.088165,0.006092
1.48E+09,0.09423,0.073922,-0.004168,-0.024788,0.066214,-0.029505
1.48E+09,0.07994,-0.02144,0.002141,-0.079543,-0.04095,0.01334
1.48E+09,0.091384,-0.034666,-0.034264,-0.069678,-0.070723,0.063224
1.48E+09,0.137492,0.028927,-0.062898,-0.022399,-0.013462,0.034322
1.48E+09,0.147467,0.043797,-0.059325,0.027218,0.071323,0.027097
1.48E+09,0.145131,0.025085,-0.041873,0.011326,0.095981,0.039053
1.48E+09,0.122419,0.022467,-0.04093,-0.006137,0.088452,0.063129
1.48E+09,0.113107,0.067122,-0.062692,-0.010438,0.057176,0.052637
1.48E+09,0.125461,0.098105,-0.06181,0.009121,0.043479,0.042919
1.48E+09,0.249818,0.041581,-0.016135,0.036778,0.02247,0.00227
1.48E+09,0.261541,-0.129512,0.043339,-0.035116,-0.095204,0.040489
1.48E+09,0.278572,0.089093,0.088953,-0.057448,-0.091014,-0.014941
1.48E+09,0.348135,0.220525,0.09755,0.019598,0.054297,-0.026337
1.48E+09,0.322345,0.283171,0.129235,0.062847,0.279483,-0.073681
1.48E+09,0.237415,0.021406,0.02082,0.003346,0.109808,-0.043436
1.48E+09,0.145436,-0.281102,0.045448,0.015318,0.054295,0.021147
1.48E+09,0.144964,-0.223428,0.098412,-0.009355,0.070826,0.018649
1.48E+09,0.226655,-0.176029,0.108603,-0.043359,0.085611,0.045906
1.48E+09,0.178159,-0.128848,0.051916,-0.045664,0.078938,0.061604
1.48E+09,0.128407,-0.077059,0.03438,-0.033286,0.030836,0.033321
1.48E+09,0.142107,-0.052581,0.074639,0.002676,-0.007471,0.048759
1.48E+09,0.208548,0.008135,0.107687,0.023924,0.070854,0.028245
1.48E+09,0.135387,-0.010413,0.055433,0.025543,0.168111,-0.006841
1.48E+09,-0.035979,-0.067706,-0.018434,0.050763,0.200425,-0.029429
1.48E+09,-0.15583,-0.087995,-0.044351,0.121774,0.179515,0.020038
1.48E+09,-0.215399,-0.062591,-0.019885,0.059607,-2.89E-04,0.054681
1.48E+09,-0.177305,-0.089276,-0.054451,0.067515,-0.091189,0.049497
1.48E+09,-0.182326,-0.095468,-0.056824,0.107709,-0.006876,0.029174
1.48E+09,-0.208815,0.037928,-0.047316,0.146949,0.101899,-0.027443
1.48E+09,-0.281157,0.067674,-0.106506,0.15143,0.09287,-0.074192
1.48E+09,-0.380259,-0.010707,-0.121331,0.079713,-0.086136,-0.070358
1.48E+09,-0.378902,-0.003164,0.011018,0.026046,-0.058859,-0.014649
1.48E+09,-0.406454,0.259516,0.07732,-0.056833,0.084769,0.009256
1.48E+09,-0.226559,0.329374,-0.012019,-0.165383,-0.129827,-0.02081
1.48E+09,0.270368,0.126348,-0.071326,-0.20797,-0.462805,0.064721
1.48E+09,0.304038,0.187578,0.02379,0.10854,0.176521,0.119527
1.48E+09,0.119301,0.069757,-0.067646,-0.006516,0.359216,-0.150224
1.48E+09,0.024916,0.028508,-0.08303,-0.1321,-0.178561,0.01354
1.48E+09,0.117187,0.161426,-0.087621,-0.043449,0.036287,0.014248
1.48E+09,0.149292,0.101115,-0.098392,0.021427,-0.021284,0.016428
1.48E+09,0.180899,0.097622,-0.101556,0.035699,0.023528,0.019778
1.48E+09,0.135842,0.049254,-0.117334,-0.003289,-0.030476,0.011844
1.48E+09,0.115377,0.076396,-0.12422,-0.031821,-0.050118,0.01585
1.48E+09,0.159873,0.185459,-0.120513,-0.025051,-0.03381,0.022597
1.48E+09,0.263001,0.241371,-0.078269,-0.023177,0.01792,0.011175
1.48E+09,0.314793,0.246313,-0.040811,-0.038512,0.044308,-0.015863
1.48E+09,0.30247,0.215132,-0.018386,-0.0431,0.043347,-0.037417
1.48E+09,0.275072,0.183321,0.067607,-0.007081,0.186789,-0.067331
1.48E+09,0.133992,-0.006374,0.02462,-0.021842,0.170374,-0.0454
1.48E+09,-0.020061,-0.150889,0.040753,-0.031404,0.1227,-0.009329
1.48E+09,-0.102529,-0.114084,0.016864,-0.044557,0.090108,0.01635
1.48E+09,-0.182308,0.04746,0.014212,-0.029423,0.071529,0.065713
1.48E+09,-0.110083,0.172205,0.084283,-0.052315,-0.028277,0.056621
1.48E+09,0.155498,0.140253,0.103374,-0.089943,-0.26268,0.079013
1.48E+09,0.427983,0.048631,0.164045,-0.001133,-0.026401,0.032802
1.48E+09,0.470674,0.071499,0.122576,0.085236,0.254141,-0.02139
1.48E+09,0.269639,0.077411,0.011646,0.0844,0.266277,-0.085375
1.48E+09,0.036418,-0.115603,0.002952,0.029188,0.091799,-0.110256
1.48E+09,-0.066619,-0.179092,-0.020767,-0.011157,-0.043072,-0.069407
1.48E+09,-0.019377,-0.101714,-0.070449,0.016724,-0.035569,-0.018793
1.48E+09,0.027639,-0.001918,-0.13891,0.073694,0.005605,-0.004279
1.48E+09,0.014431,0.05414,-0.196464,0.108207,9.87E-04,-0.010068
1.48E+09,-0.02494,0.071598,-0.241479,0.14433,0.065111,-0.006401
1.48E+09,-0.034692,0.027336,-0.278893,0.133607,0.046867,2.31E-04
1.48E+09,0.033324,-0.089803,-0.271028,0.084577,-0.085239,0.010572
1.48E+09,0.156966,-0.064846,-0.209568,0.044972,-0.134165,-0.004167
1.48E+09,0.323899,0.052485,-0.21895,-2.68E-04,-0.120252,-0.037873
1.48E+09,0.437432,0.065763,-0.245744,-0.016774,-0.108825,-0.043912
1.48E+09,0.505832,0.038156,-0.295802,-0.057262,-0.111322,-0.025078
1.48E+09,0.549212,-0.019117,-0.365343,-0.086283,-0.152098,-0.016477
1.48E+09,0.605407,-0.086822,-0.362162,-0.119066,-0.178373,-0.006242
1.48E+09,0.680303,-0.122549,-0.324911,-0.1407,-0.116239,-0.003652
1.48E+09,0.76528,-0.162718,-0.340176,-0.130253,0.024351,0.017611
1.48E+09,0.801121,-0.215638,-0.344898,-0.101051,0.193771,0.047026
1.48E+09,0.781309,-0.256758,-0.322414,-0.063961,0.37607,0.058631
1.48E+09,0.680104,-0.23424,-0.278876,-0.049897,0.433997,0.04258
1.48E+09,0.502843,-0.31642,-0.19297,-0.069508,0.315551,0.023331
1.48E+09,0.283551,-0.362833,-0.125444,-0.055692,0.177699,-0.014484
1.48E+09,0.10054,-0.233245,-0.078763,-0.035125,0.080761,-0.0326
1.48E+09,-0.01269,-0.010888,-0.130756,-0.016915,0.023692,-0.019068
1.48E+09,-0.050634,0.126645,-0.188816,0.036636,0.006326,-0.016072
1.48E+09,-0.055751,0.127031,-0.237955,0.103932,0.066268,-0.021378
1.48E+09,-0.067487,0.018732,-0.30863,0.077038,0.012738,-0.0279
1.48E+09,-0.084538,-0.195092,-0.334701,0.027772,-0.05868,-0.029748
1.48E+09,-0.052797,-0.346194,-0.285087,-0.008474,-0.017719,-0.021218
1.48E+09,1.69E-04,-0.325531,-0.204952,-0.028777,0.101386,-0.006667
1.48E+09,0.042229,-0.220568,-0.157058,-0.046277,0.151009,2.46E-04
1.48E+09,0.012574,-0.153964,-0.157384,-0.041216,0.154699,0.01523
1.48E+09,-0.105709,-0.080701,-0.276842,0.078902,0.284178,0.025412
1.48E+09,-0.319573,0.075489,-0.472666,0.084697,0.100643,-0.003683
1.48E+09,-0.499277,0.095287,-0.601907,0.071558,-0.073126,-0.030216
1.48E+09,-0.59428,0.113934,-0.68086,0.070215,-0.063589,-0.036185
1.48E+09,-0.6106,0.092229,-0.757996,0.05603,-0.011127,-0.046623
1.48E+09,-0.574453,-0.003428,-0.826994,0.06837,0.103921,-0.053469
1.48E+09,-0.457177,-0.120266,-0.819649,0.069027,0.063814,-0.054102
1.48E+09,-0.229838,-0.244542,-0.732097,-0.027841,-0.118817,-0.065838
1.48E+09,0.22344,-0.58076,-0.282034,-0.535726,-0.650485,0.074088
1.48E+09,0.153098,-0.268132,0.280748,-0.392521,0.040771,0.080717
1.48E+09,-0.34626,0.942829,0.623486,-0.115974,1.031793,0.09145
1.48E+09,-0.78456,1.750797,0.407287,-0.03602,0.612911,0.093092
1.48E+09,-0.84762,1.516913,-0.202902,0.063609,-0.150319,0.027063
1.48E+09,-0.279928,0.741108,-0.333691,0.106006,-0.376368,-0.124696
1.48E+09,0.542884,-0.241468,0.038181,-0.010392,-0.335238,-0.10181
1.48E+09,1.008668,-0.857471,0.386446,-0.140761,-0.186669,-0.029793
1.48E+09,1.084927,-0.895009,0.492429,-0.179676,0.162107,0.028778
1.48E+09,0.823436,-0.623877,0.416623,-0.143261,0.400978,0.045396
1.48E+09,0.500889,-0.452852,0.290113,-0.043854,0.304481,0.023047
1.48E+09,0.301528,-0.363397,0.099304,0.086908,0.155587,0.012246
1.48E+09,0.123179,-0.499109,-0.065325,0.214195,0.167944,0.009475
1.48E+09,-0.139052,-0.710025,-0.171025,0.261638,0.188059,0.047632
1.48E+09,-0.370403,-0.708948,-0.316652,0.212089,0.115876,0.066244
1.48E+09,-0.501491,-0.478579,-0.451211,0.083887,-0.041959,0.068113
1.48E+09,-0.560116,-0.144802,-0.478541,-0.02726,-0.09415,0.059725
1.48E+09,-0.548185,0.239446,-0.282491,-0.158384,-0.159407,0.053227
1.48E+09,-0.509153,0.57938,0.054515,-0.339487,-0.408721,-0.019251
1.48E+09,-0.119921,0.75631,0.466783,-0.608452,-0.639776,-0.059339
1.48E+09,0.009329,0.628618,0.887799,-0.369516,0.176438,0.094303
1.48E+09,-0.267558,1.586022,0.518101,0.015519,0.609299,0.010971
1.48E+09,-0.316862,2.218442,-0.012077,0.151599,0.048667,-0.212234
1.48E+09,-0.377836,1.437647,0.144945,0.225881,0.016783,-0.178506
1.48E+09,-0.392099,0.78075,0.16196,0.136278,0.066294,-0.137226
1.48E+09,-0.249304,0.795167,0.313405,0.205365,-0.174399,-0.052272
1.48E+09,-0.399203,0.80905,0.757436,0.357269,-0.13842,0.07877
1.48E+09,-0.595311,0.459395,1.018062,0.336292,0.062674,0.035314
1.48E+09,-0.570773,0.388383,0.959407,0.059078,0.204846,0.017693
1.48E+09,-0.397277,0.753402,0.912824,-0.121502,0.333462,0.085499
1.48E+09,-0.484849,1.06886,0.837554,-0.135024,0.371218,0.067556
1.48E+09,-0.616128,0.74842,0.6154,-0.055749,0.36589,0.103171
1.48E+09,-0.623553,0.438762,0.522404,-0.014359,0.332179,0.179617
1.48E+09,-0.549583,0.639607,0.515175,-0.032965,0.292136,0.177335
1.48E+09,-0.378755,1.021822,0.480528,0.004488,0.240152,0.15817
1.48E+09,-0.121986,1.419365,0.595264,0.134214,0.292388,0.13958
1.48E+09,0.090383,1.707232,0.778665,0.219064,0.376704,-0.069981
1.48E+09,0.14894,1.09555,0.765306,0.312394,0.369509,-0.006044
1.48E+09,0.192747,0.5685,0.677946,0.388296,0.270851,0.089851
1.48E+09,-0.078468,0.246631,0.670879,0.353863,0.260164,0.072513
1.48E+09,-0.393762,-0.364015,0.707296,0.354779,0.206052,-0.004617
1.48E+09,-0.51253,-0.918871,0.72108,0.324626,0.077261,0.031318
1.48E+09,-0.636451,-1.053836,0.652888,0.235087,0.071245,0.069531
1.48E+09,-0.741853,-0.86914,0.52683,0.176608,0.107086,0.097578
1.48E+09,-0.73974,-0.418067,0.418677,0.082678,0.108872,-0.031877
1.48E+09,-0.653048,-0.101257,0.307879,0.034902,0.082558,-9.99E-04
1.48E+09,-0.588904,0.182763,0.110231,0.00554,0.101334,9.48E-04
1.48E+09,-0.574363,0.501299,-0.109566,-0.125511,0.174928,-0.042669
1.48E+09,-0.461609,0.712945,-0.342084,-0.213523,0.169585,-0.079171
1.48E+09,-0.275953,0.949487,-0.688031,-0.300088,0.097901,-0.086661
1.48E+09,-0.355116,1.003431,-0.980754,-0.270062,0.076478,-0.107443
1.48E+09,-0.530007,0.769717,-1.106884,-0.160144,0.041581,-0.130314
1.48E+09,-0.650929,0.430245,-1.264791,-0.09159,0.069773,-0.077111
1.48E+09,-0.601791,0.319521,-1.151832,-0.062085,-0.022696,-0.059378
1.48E+09,-0.487112,0.352199,-1.132332,-0.043164,-0.052763,-0.011319
1.48E+09,-0.460216,0.471084,-0.986776,0.046618,-0.087921,0.028092
1.48E+09,-0.329253,0.673607,-0.859526,0.093158,-0.054951,0.051446
1.48E+09,-0.198874,0.939288,-0.743163,0.172854,0.032918,0.054219
1.48E+09,-0.17957,1.180513,-0.738371,0.086435,0.09956,-0.105708
1.48E+09,-0.305998,1.036096,-0.860404,0.109537,0.126292,-0.126289
1.48E+09,-0.079544,0.85464,-0.884733,0.071239,0.11548,-0.108368
1.48E+09,0.250087,0.597172,-0.7677,0.023326,0.154824,-0.083104
1.48E+09,0.411554,0.755578,-0.812195,-0.131969,0.045049,0.023028
1.48E+09,0.888992,0.848281,-1.19688,0.118993,0.451067,0.165656
1.48E+09,0.989097,0.926035,-1.399112,0.359091,0.546585,0.043136
1.48E+09,0.372671,-0.066285,-1.484471,0.263634,0.500536,-0.138767
1.48E+09,-0.431661,-0.110144,-1.550533,0.462686,0.456558,-0.091814
1.48E+09,0.618073,1.650699,-0.931026,0.65186,0.122551,0.119019
1.48E+09,0.927204,1.690739,0.109114,0.428838,-0.26784,0.253624
1.48E+09,1.032586,1.883539,-0.093757,0.50607,-0.452889,-0.391724
1.48E+09,1.445679,1.129844,-0.46263,0.166836,-0.450701,-0.206566
1.48E+09,1.182032,1.113216,-0.293226,-0.404546,0.098756,0.282302
1.48E+09,0.436719,2.436878,0.147081,-0.58269,0.139973,-0.105575
1.48E+09,0.813954,1.672194,-0.701667,-0.332199,-0.029176,0.280388
1.48E+09,1.317369,1.147827,-0.924707,-0.415956,0.140058,0.181851
1.48E+09,2.499967,2.959219,-0.776319,-0.69375,0.192467,-0.350228
1.48E+09,3.096346,3.470541,-1.004461,-0.128394,-0.143592,0.610721
1.48E+09,2.953456,1.353395,-1.254096,-0.660186,-0.288002,0.080186
1.48E+09,2.712455,0.672533,-1.926764,-0.548919,-0.367519,0.236665
1.48E+09,2.401056,0.904426,-1.785547,0.0758,-0.127972,0.253023
1.48E+09,2.423217,1.330994,-1.176748,0.020962,-0.212595,0.195097
1.48E+09,3.087211,1.025444,-0.693499,0.092373,0.295062,-0.37222
1.48E+09,2.820126,0.488221,0.052492,-0.088728,0.145408,0.371281
1.48E+09,2.949501,1.147045,0.181828,-0.33825,0.316836,0.189496
1.48E+09,3.532794,1.657695,0.607208,-0.263524,0.488686,0.005177
1.48E+09,3.602542,1.366327,0.74559,-0.391699,0.480229,0.489429
1.48E+09,3.840823,1.808568,0.534294,-0.434539,0.592905,0.497191
1.48E+09,3.206645,2.22115,0.429869,-0.3644,0.403541,0.316349
1.48E+09,2.884404,-0.32923,0.100333,-0.457185,0.835373,-1.060355
1.48E+09,4.078261,-2.217111,-0.277369,-0.560127,0.437309,-0.569071
1.48E+09,4.637373,-0.404461,-0.72057,-0.756673,0.322195,-0.303947
1.48E+09,5.272346,2.599639,-1.612046,-0.850663,0.438385,-0.488137
1.48E+09,5.701463,3.243864,-2.319484,-0.8496,0.551493,-0.497101
1.48E+09,5.752454,2.416628,-2.877538,-0.785942,0.642404,-0.350817
1.48E+09,5.594769,1.472199,-3.472193,-0.687566,0.630354,-0.138029
1.48E+09,5.26226,1.004053,-4.065146,-0.581676,0.536349,0.031944
1.48E+09,4.848064,0.779632,-4.582448,-0.46906,0.390926,0.172396
1.48E+09,4.372819,0.609958,-5.036553,-0.370913,0.3112,0.265686
1.48E+09,3.830514,0.322981,-5.413607,-0.285173,0.247965,0.325329
1.48E+09,3.234734,-0.052419,-5.755599,-0.177196,0.188155,0.36825
1.48E+09,2.62908,-0.442189,-6.014091,-0.064033,0.116129,0.370026
1.48E+09,2.07905,-0.82844,-6.210518,0.073924,0.00641,0.402994
1.48E+09,1.540948,-0.991127,-6.366394,0.166753,-0.074647,0.420716
1.48E+09,0.940778,-0.977198,-6.39369,0.257886,-0.106476,0.412104
1.48E+09,0.350275,-1.038431,-6.300612,0.336396,-0.122491,0.407756
1.48E+09,-0.311384,-1.192868,-6.204535,0.398367,-0.099841,0.380231
1.48E+09,-0.920122,-1.191255,-6.098064,0.463049,-0.11639,0.327358
1.48E+09,-1.140033,-0.459191,-5.957837,0.478743,-0.102919,0.227173
1.48E+09,-0.952577,0.600773,-5.987741,0.454965,-0.118487,0.129194
1.48E+09,-0.510119,1.798327,-6.165914,0.391397,-0.092239,0.045965
1.48E+09,-0.073091,2.615121,-6.363493,0.320153,-0.103132,-0.012725
1.48E+09,0.229122,3.107483,-6.6066,0.291122,-0.069992,-0.119723
1.48E+09,0.699311,3.316801,-6.894015,0.297514,-0.015998,-0.265679
1.48E+09,1.393345,3.225214,-7.121608,0.321953,0.038526,-0.387542
1.48E+09,2.184308,2.764823,-7.247139,0.366384,0.057805,-0.427043
1.48E+09,2.952544,2.031704,-7.310751,0.391665,0.096536,-0.368928
1.48E+09,3.516505,1.261323,-7.354607,0.23975,0.490936,-0.405661
1.48E+09,4.221966,2.044062,-7.282822,0.245912,0.526951,-0.110161
1.48E+09,4.05961,1.297414,-7.141331,0.063603,0.703004,-0.221478
1.48E+09,3.803014,0.570269,-6.449626,0.042906,0.613301,0.064524
1.48E+09,3.664969,0.628853,-6.31034,0.174958,0.640084,0.179683
1.48E+09,3.395833,0.782732,-6.272671,0.219202,0.754447,0.14017
1.48E+09,3.068243,0.711399,-6.114304,0.206444,0.654044,0.129216
1.48E+09,2.975402,0.657854,-5.990869,0.201727,0.54047,0.179205
1.48E+09,2.753946,0.460003,-5.712321,0.215278,0.498593,0.196974
1.48E+09,2.463729,0.2117,-5.218091,0.261525,0.470186,0.197031
1.48E+09,2.167641,0.214389,-4.578523,0.260952,0.389469,0.19136
1.48E+09,1.858946,0.510331,-3.821442,0.224204,0.200147,0.188749
1.48E+09,1.632021,1.117546,-3.108908,0.168246,0.004334,0.188478
1.48E+09,1.452962,1.736382,-2.420408,0.12728,-0.101008,0.181157
1.48E+09,1.253584,1.936538,-1.810985,0.089799,-0.086087,0.107626
1.48E+09,0.935699,1.377523,-1.448013,0.049371,0.085865,0.066494
1.48E+09,0.522814,0.267616,-1.23042,0.019275,0.159341,0.115271
1.48E+09,0.211274,-0.728288,-0.96791,-0.019338,0.045738,0.144098
1.48E+09,0.026946,-1.391501,-0.618421,-0.078447,-0.087049,0.171106
1.48E+09,-0.071823,-1.58736,-0.195867,-0.104448,-0.165348,0.18878
1.48E+09,-0.14815,-1.333958,0.20103,-0.093026,-0.137076,0.208105
1.48E+09,-0.190115,-0.713979,0.414399,-0.065779,-0.020903,0.186258
1.48E+09,-0.208868,-0.303065,0.506535,-0.071097,0.066051,0.140242
1.48E+09,-0.176045,-0.302746,0.492286,-0.094452,0.087373,0.09682
1.48E+09,-0.122134,-0.549047,0.408917,-0.114901,0.072733,0.062149
1.48E+09,-0.060309,-0.833571,0.317723,-0.112595,0.046778,0.048463
1.48E+09,-0.018481,-0.998468,0.251202,-0.104582,0.034519,0.038935
1.48E+09,-0.026626,-1.078712,0.229137,-0.105745,0.019263,0.02335
1.48E+09,-0.076128,-1.057656,0.190046,-0.105845,0.012741,0.042989
1.48E+09,-0.170917,-0.91811,0.145849,-0.078242,0.006953,0.129069
1.48E+09,-0.292727,-0.724282,0.097893,-0.051779,0.026134,0.156845
1.48E+09,-0.399585,-0.509235,0.03753,-0.027617,0.046819,0.137591
1.48E+09,-0.423737,-0.223055,-0.040011,-0.026551,0.034227,0.075087
1.48E+09,-0.359914,0.115436,-0.098767,-0.05572,0.001224,-0.017932
1.48E+09,-0.230229,0.297092,-0.136755,-0.071566,-0.01963,-0.102267
1.48E+09,-0.063437,0.293046,-0.124467,-0.067381,-0.043462,-0.131476
1.48E+09,0.092712,0.215537,-0.060809,-0.056413,-0.051641,-0.118761
1.48E+09,0.164387,0.123706,0.027628,-0.039167,-0.042111,-0.099315
1.48E+09,0.156568,0.018061,0.084489,-0.016014,-0.020129,-0.079271
1.48E+09,0.106298,-0.146933,0.109851,0.009572,-0.012147,-0.065597
1.48E+09,0.067714,-0.207891,0.125036,0.008203,-0.0117,-0.067323
1.48E+09,0.090289,-0.193903,0.095691,-0.032842,0.002834,-0.099618
1.48E+09,0.182947,-0.254481,0.013426,-0.044969,0.002244,-0.13958
1.48E+09,0.324552,-0.41406,-0.025988,-0.035258,-0.038478,0.00744
1.48E+09,0.550518,-0.392053,0.018602,-0.061473,-0.043204,0.049432
1.48E+09,0.548094,-0.114382,0.085014,-0.074306,-0.025902,0.054629
1.48E+09,0.447372,0.127373,0.088071,-0.040471,-0.031863,0.037737
1.48E+09,0.247322,0.179335,0.089211,-0.008535,-0.01652,0.013083
1.48E+09,0.065109,0.212942,0.079881,0.015389,-0.012905,-0.016552
1.48E+09,-0.101298,0.179563,0.106251,0.034809,-0.019666,-0.064577
1.48E+09,-0.215636,0.119124,0.15221,0.040685,-0.029599,-0.103317
1.48E+09,-0.250932,-0.022469,0.199469,0.050376,1.30E-05,-0.12642
1.48E+09,-0.215681,-0.285762,0.210549,0.044031,0.030901,-0.099045
